country_iso3_wc,country_iso2_wc,city_ascii_wc,year,parameter,value_mean,value_median,value_std,value_min,value_max,value_count,date_debut,date_fin,population_wc,lat_wc,lon_wc,country_name,region,income_level,acces_eau_potable_pct,agriculture_pct_pib,consommation_privee,croissance_pib,croissance_urbaine,densite_population,eau_douce_km3,electricite_charbon_pct,electricite_par_habitant,energie_par_habitant,energie_renouvelable_pct,esperance_vie,foret_pct,indice_gini,industrie_pct_pib,passagers_aeriens,pertes_electricite_pct,pib_par_habitant,pib_total,pop_urbaine_pct,population_totale,scolarisation_secondaire_pct,services_pct_pib,superficie_km2,voies_ferrees_km,intensite_energetique,ratio_charbon_renouvelables,secteur_secondaire_pct,niveau_developpement,niveau_urbanisation,mix_energetique,taille_ville,annee_covid,periode_covid,controle_covid
AFG,AF,Kabul,2019,pm25,122.17938144329896,72.0,128.12820469511573,4.0,768.0,2910,2019-10-20 21:30:00+00:00,2019-12-31 23:30:00+00:00,4273156.0,34.5253,69.1783,Afghanistan,"Middle East, North Africa, Afghanistan & Pakistan",Low income,47.5183902057843,25.7739707394105,,3.91160341625552,3.56098277767391,58.0410606687825,20.282,0.0,,,18.9,62.941,1.85278199408184,,14.0581123697768,1066747.35619248,,496.6025042585,18799444490.1128,25.1437258839803,37856121.0,,55.4728067408306,652230.0,,,0.0,39.8320831091873,Faible,Rural,Mixte-Fossile,Moyenne,0,Pre-COVID,OUI
AFG,AF,Kabul,2020,pm25,59.70224675425639,33.0,74.50914249769366,0.0,681.0,12863,2020-01-01 00:30:00+00:00,2020-12-31 23:30:00+00:00,4273156.0,34.5253,69.1783,Afghanistan,"Middle East, North Africa, Afghanistan & Pakistan",Low income,48.9056813120247,29.9755825210461,,-2.35110067203466,3.62373772331126,59.9006163469942,20.282,0.0,,,18.2,61.454,1.85278199408184,,12.9525996015547,449041.025,,510.787063366811,19955929052.1496,25.2622103446137,39068979.0,,52.5721090890613,652230.0,,,0.0,42.9281821226008,Faible,Rural,Mixte-Fossile,Moyenne,1,COVID,OUI
AFG,AF,Kabul,2021,pm25,62.82279487557061,36.0,72.49281610983006,1.0,554.0,6791,2021-01-01 00:30:00+00:00,2021-08-15 12:30:00+00:00,4273156.0,34.5253,69.1783,Afghanistan,"Middle East, North Africa, Afghanistan & Pakistan",Low income,50.2966403259731,33.5976188725451,,-20.7388393676343,2.69456903003537,61.3286907992579,20.282,0.0,,,20.0,60.417,1.85278199408184,,14.2736570191788,293212.994,,356.496214115892,14259995441.0759,25.3478620272481,40000412.0,,47.160422387969,652230.0,,,0.0,47.8712758917239,Faible,Rural,Mixte-Fossile,Moyenne,0,Post-COVID,OUI
ARG,AR,Buenos Aires,2021,co,0.253150231634679,0.0,0.2915923306953904,0.0,1.2,3022,2021-09-13 15:00:00+00:00,2021-12-31 22:00:00+00:00,16710000.0,-34.6036,-58.3814,Argentina,Latin America & Caribbean ,Upper middle income,,7.29128249622041,7887.28296832706,10.4418119882506,0.358692838886458,16.5573305708721,37.69,1.81813433956352,2942.91077511635,1741.51377200597,9.2,73.948,10.4008857415345,42.4,23.4994644263761,6708097.0,14.5764106045868,10738.0179223384,486564085480.036,92.0292776175651,45312281.0,115.735778808594,52.8340319497207,2736690.0,,0.1621669490264486,0.1782484646630902,30.79074692259651,Moyen-Faible,Très urbain,Fossile,Mégapole,0,Post-COVID,OUI
ARG,AR,Buenos Aires,2021,no2,0.0002868447082096,0.0,0.0013199360722328,0.0,0.027,3033,2021-09-13 15:00:00+00:00,2021-12-31 22:00:00+00:00,16710000.0,-34.6036,-58.3814,Argentina,Latin America & Caribbean ,Upper middle income,,7.29128249622041,7887.28296832706,10.4418119882506,0.358692838886458,16.5573305708721,37.69,1.81813433956352,2942.91077511635,1741.51377200597,9.2,73.948,10.4008857415345,42.4,23.4994644263761,6708097.0,14.5764106045868,10738.0179223384,486564085480.036,92.0292776175651,45312281.0,115.735778808594,52.8340319497207,2736690.0,,0.1621669490264486,0.1782484646630902,30.79074692259651,Moyen-Faible,Très urbain,Fossile,Mégapole,0,Post-COVID,OUI
ARG,AR,Buenos Aires,2021,pm10,10.508964143426295,9.0,11.721283839308027,0.0,52.0,3012,2021-09-13 15:00:00+00:00,2021-12-31 22:00:00+00:00,16710000.0,-34.6036,-58.3814,Argentina,Latin America & Caribbean ,Upper middle income,,7.29128249622041,7887.28296832706,10.4418119882506,0.358692838886458,16.5573305708721,37.69,1.81813433956352,2942.91077511635,1741.51377200597,9.2,73.948,10.4008857415345,42.4,23.4994644263761,6708097.0,14.5764106045868,10738.0179223384,486564085480.036,92.0292776175651,45312281.0,115.735778808594,52.8340319497207,2736690.0,,0.1621669490264486,0.1782484646630902,30.79074692259651,Moyen-Faible,Très urbain,Fossile,Mégapole,0,Post-COVID,OUI
ARG,AR,Buenos Aires,2022,co,0.1650439514441189,0.0,0.224544541967367,0.0,2.3,16723,2022-01-01 00:00:00+00:00,2022-12-31 22:00:00+00:00,16710000.0,-34.6036,-58.3814,Argentina,Latin America & Caribbean ,Upper middle income,,6.54156940484837,8615.72949843391,6.02074537534855,0.301564724860101,16.5922716858687,37.69,1.82223900580178,2833.11909750338,1808.76021335553,,75.806,10.3610566048767,40.7,24.1118636272911,16302525.0,20.512890933434,13962.1894087223,633993756301.08,92.112838186126,45407904.0,114.14811706543,53.5341356683759,2736690.0,,0.1295377553373058,,30.65343303213947,Moyen-Faible,Très urbain,,Mégapole,0,Post-COVID,OUI
ARG,AR,Buenos Aires,2022,no2,0.0036188482927704,0.0,0.007441372894811,0.0,0.066,16723,2022-01-01 00:00:00+00:00,2022-12-31 22:00:00+00:00,16710000.0,-34.6036,-58.3814,Argentina,Latin America & Caribbean ,Upper middle income,,6.54156940484837,8615.72949843391,6.02074537534855,0.301564724860101,16.5922716858687,37.69,1.82223900580178,2833.11909750338,1808.76021335553,,75.806,10.3610566048767,40.7,24.1118636272911,16302525.0,20.512890933434,13962.1894087223,633993756301.08,92.112838186126,45407904.0,114.14811706543,53.5341356683759,2736690.0,,0.1295377553373058,,30.65343303213947,Moyen-Faible,Très urbain,,Mégapole,0,Post-COVID,OUI
ARG,AR,Buenos Aires,2022,pm10,17.278658135502003,14.0,22.37107737779328,0.0,232.0,16723,2022-01-01 00:00:00+00:00,2022-12-31 22:00:00+00:00,16710000.0,-34.6036,-58.3814,Argentina,Latin America & Caribbean ,Upper middle income,,6.54156940484837,8615.72949843391,6.02074537534855,0.301564724860101,16.5922716858687,37.69,1.82223900580178,2833.11909750338,1808.76021335553,,75.806,10.3610566048767,40.7,24.1118636272911,16302525.0,20.512890933434,13962.1894087223,633993756301.08,92.112838186126,45407904.0,114.14811706543,53.5341356683759,2736690.0,,0.1295377553373058,,30.65343303213947,Moyen-Faible,Très urbain,,Mégapole,0,Post-COVID,OUI
ARG,AR,Buenos Aires,2023,co,0.3394681294264686,0.34,0.2983685386684069,0.0,1.86,14402,2023-01-01 00:00:00+00:00,2023-12-31 22:00:00+00:00,16710000.0,-34.6036,-58.3814,Argentina,Latin America & Caribbean ,Upper middle income,,5.8467786039069,8674.52932701109,-1.85578803046339,0.375605306735824,16.6399559321662,,1.41051696523506,2821.77233232234,1832.06690004241,,77.395,10.3212951412107,42.4,25.1722105252735,21057811.0,23.8509266611933,14261.8465667948,649461687959.174,92.1945132257907,45538401.0,105.574584297051,53.1990739500308,2736690.0,,0.1284502985755752,,31.0189891291804,Moyen-Faible,Très urbain,,Mégapole,0,Post-COVID,OUI
ARG,AR,Buenos Aires,2023,no2,0.0158914039716706,0.015,0.0158426883876993,0.0,0.068,14402,2023-01-01 00:00:00+00:00,2023-12-31 22:00:00+00:00,16710000.0,-34.6036,-58.3814,Argentina,Latin America & Caribbean ,Upper middle income,,5.8467786039069,8674.52932701109,-1.85578803046339,0.375605306735824,16.6399559321662,,1.41051696523506,2821.77233232234,1832.06690004241,,77.395,10.3212951412107,42.4,25.1722105252735,21057811.0,23.8509266611933,14261.8465667948,649461687959.174,92.1945132257907,45538401.0,105.574584297051,53.1990739500308,2736690.0,,0.1284502985755752,,31.0189891291804,Moyen-Faible,Très urbain,,Mégapole,0,Post-COVID,OUI
ARG,AR,Buenos Aires,2023,pm10,24.53818914039717,23.0,14.471634294403184,0.0,99.0,14402,2023-01-01 00:00:00+00:00,2023-12-31 22:00:00+00:00,16710000.0,-34.6036,-58.3814,Argentina,Latin America & Caribbean ,Upper middle income,,5.8467786039069,8674.52932701109,-1.85578803046339,0.375605306735824,16.6399559321662,,1.41051696523506,2821.77233232234,1832.06690004241,,77.395,10.3212951412107,42.4,25.1722105252735,21057811.0,23.8509266611933,14261.8465667948,649461687959.174,92.1945132257907,45538401.0,105.574584297051,53.1990739500308,2736690.0,,0.1284502985755752,,31.0189891291804,Moyen-Faible,Très urbain,,Mégapole,0,Post-COVID,OUI
AUS,AU,Sydney,2019,co,0.0742721927434389,0.0,0.1371292170592441,0.0,2.6,6973,2019-01-01 00:00:00+00:00,2019-12-31 22:00:00+00:00,4840600.0,-33.8667,151.2,Australia,East Asia & Pacific,High income,99.9998294271244,2.12424911197662,33138.3555331904,2.19401703622717,1.56366317600073,3.29365056253104,10.56,58.4427291251619,10025.7250631996,5231.57466031316,10.3,82.9,17.4213145571644,,25.2555129054284,76850596.719,3.79735329096377,55194.7585097428,1398349602956.35,87.3019647888406,25334826.0,144.056564331055,66.0475607167608,7692020.0,,0.0947821861962403,5.171922931430256,27.37976201740502,Élevé,Très urbain,Mixte-Fossile,Moyenne,0,Pre-COVID,OUI
AUS,AU,Sydney,2019,no2,0.0041369368150453,0.0022,0.0088821930103134,0.0,0.3016,7391,2019-01-01 00:00:00+00:00,2019-12-31 22:00:00+00:00,4840600.0,-33.8667,151.2,Australia,East Asia & Pacific,High income,99.9998294271244,2.12424911197662,33138.3555331904,2.19401703622717,1.56366317600073,3.29365056253104,10.56,58.4427291251619,10025.7250631996,5231.57466031316,10.3,82.9,17.4213145571644,,25.2555129054284,76850596.719,3.79735329096377,55194.7585097428,1398349602956.35,87.3019647888406,25334826.0,144.056564331055,66.0475607167608,7692020.0,,0.0947821861962403,5.171922931430256,27.37976201740502,Élevé,Très urbain,Mixte-Fossile,Moyenne,0,Pre-COVID,OUI
AUS,AU,Sydney,2019,o3,0.0178986826022001,0.018,0.0112564172721416,0.0,0.149,7363,2019-01-01 00:00:00+00:00,2019-12-31 22:00:00+00:00,4840600.0,-33.8667,151.2,Australia,East Asia & Pacific,High income,99.9998294271244,2.12424911197662,33138.3555331904,2.19401703622717,1.56366317600073,3.29365056253104,10.56,58.4427291251619,10025.7250631996,5231.57466031316,10.3,82.9,17.4213145571644,,25.2555129054284,76850596.719,3.79735329096377,55194.7585097428,1398349602956.35,87.3019647888406,25334826.0,144.056564331055,66.0475607167608,7692020.0,,0.0947821861962403,5.171922931430256,27.37976201740502,Élevé,Très urbain,Mixte-Fossile,Moyenne,0,Pre-COVID,OUI
AUS,AU,Sydney,2019,pm10,11.094178650442478,7.8,11.169885822792638,0.9,93.7,14464,2019-01-01 00:00:00+00:00,2019-12-31 22:00:00+00:00,4840600.0,-33.8667,151.2,Australia,East Asia & Pacific,High income,99.9998294271244,2.12424911197662,33138.3555331904,2.19401703622717,1.56366317600073,3.29365056253104,10.56,58.4427291251619,10025.7250631996,5231.57466031316,10.3,82.9,17.4213145571644,,25.2555129054284,76850596.719,3.79735329096377,55194.7585097428,1398349602956.35,87.3019647888406,25334826.0,144.056564331055,66.0475607167608,7692020.0,,0.0947821861962403,5.171922931430256,27.37976201740502,Élevé,Très urbain,Mixte-Fossile,Moyenne,0,Pre-COVID,OUI
AUS,AU,Sydney,2019,pm25,13.23917525773196,11.7,6.987405527844298,4.5,31.9,388,2019-12-23 13:00:00+00:00,2019-12-31 22:00:00+00:00,4840600.0,-33.8667,151.2,Australia,East Asia & Pacific,High income,99.9998294271244,2.12424911197662,33138.3555331904,2.19401703622717,1.56366317600073,3.29365056253104,10.56,58.4427291251619,10025.7250631996,5231.57466031316,10.3,82.9,17.4213145571644,,25.2555129054284,76850596.719,3.79735329096377,55194.7585097428,1398349602956.35,87.3019647888406,25334826.0,144.056564331055,66.0475607167608,7692020.0,,0.0947821861962403,5.171922931430256,27.37976201740502,Élevé,Très urbain,Mixte-Fossile,Moyenne,0,Pre-COVID,OUI
AUS,AU,Sydney,2019,so2,0.2380408738064161,0.198,0.1748563514934594,0.0,1.453,14557,2019-01-01 00:00:00+00:00,2019-12-31 22:00:00+00:00,4840600.0,-33.8667,151.2,Australia,East Asia & Pacific,High income,99.9998294271244,2.12424911197662,33138.3555331904,2.19401703622717,1.56366317600073,3.29365056253104,10.56,58.4427291251619,10025.7250631996,5231.57466031316,10.3,82.9,17.4213145571644,,25.2555129054284,76850596.719,3.79735329096377,55194.7585097428,1398349602956.35,87.3019647888406,25334826.0,144.056564331055,66.0475607167608,7692020.0,,0.0947821861962403,5.171922931430256,27.37976201740502,Élevé,Très urbain,Mixte-Fossile,Moyenne,0,Pre-COVID,OUI
AUS,AU,Sydney,2020,co,0.0897027972027972,0.0,0.1321692093671836,0.0,1.8,5720,2020-01-01 00:00:00+00:00,2020-11-09 00:00:00+00:00,4840600.0,-33.8667,151.2,Australia,East Asia & Pacific,High income,100.0,2.01512715396535,31660.4523421088,-0.133531904304775,1.19834939074175,3.33452695130798,8.38,54.8771014186697,9933.58557724577,5159.03638381788,11.2,83.2,17.4213145571644,33.8,25.402839408227,23346254.0,3.91774581601792,51983.4523666382,1333336461648.09,87.2713470458985,25649248.0,137.490737915039,66.2547020974296,7692020.0,,0.0992419107819392,4.498123067104074,27.417966562192348,Élevé,Très urbain,Mixte-Fossile,Moyenne,1,COVID,OUI
AUS,AU,Sydney,2020,no2,0.0092320782041998,0.007,0.0069418640121181,0.0,0.04,5524,2020-01-01 00:00:00+00:00,2020-11-09 00:00:00+00:00,4840600.0,-33.8667,151.2,Australia,East Asia & Pacific,High income,100.0,2.01512715396535,31660.4523421088,-0.133531904304775,1.19834939074175,3.33452695130798,8.38,54.8771014186697,9933.58557724577,5159.03638381788,11.2,83.2,17.4213145571644,33.8,25.402839408227,23346254.0,3.91774581601792,51983.4523666382,1333336461648.09,87.2713470458985,25649248.0,137.490737915039,66.2547020974296,7692020.0,,0.0992419107819392,4.498123067104074,27.417966562192348,Élevé,Très urbain,Mixte-Fossile,Moyenne,1,COVID,OUI
AUS,AU,Sydney,2020,o3,0.01852299915754,0.019,0.0113260098263667,0.0,0.083,5935,2020-01-01 00:00:00+00:00,2020-11-09 00:00:00+00:00,4840600.0,-33.8667,151.2,Australia,East Asia & Pacific,High income,100.0,2.01512715396535,31660.4523421088,-0.133531904304775,1.19834939074175,3.33452695130798,8.38,54.8771014186697,9933.58557724577,5159.03638381788,11.2,83.2,17.4213145571644,33.8,25.402839408227,23346254.0,3.91774581601792,51983.4523666382,1333336461648.09,87.2713470458985,25649248.0,137.490737915039,66.2547020974296,7692020.0,,0.0992419107819392,4.498123067104074,27.417966562192348,Élevé,Très urbain,Mixte-Fossile,Moyenne,1,COVID,OUI
AUS,AU,Sydney,2020,pm10,18.21988641179961,15.5,12.866664518690806,0.0,136.4,11797,2020-01-01 00:00:00+00:00,2020-11-09 00:00:00+00:00,4840600.0,-33.8667,151.2,Australia,East Asia & Pacific,High income,100.0,2.01512715396535,31660.4523421088,-0.133531904304775,1.19834939074175,3.33452695130798,8.38,54.8771014186697,9933.58557724577,5159.03638381788,11.2,83.2,17.4213145571644,33.8,25.402839408227,23346254.0,3.91774581601792,51983.4523666382,1333336461648.09,87.2713470458985,25649248.0,137.490737915039,66.2547020974296,7692020.0,,0.0992419107819392,4.498123067104074,27.417966562192348,Élevé,Très urbain,Mixte-Fossile,Moyenne,1,COVID,OUI
AUS,AU,Sydney,2020,pm25,8.364542442008666,6.3,8.064692403240993,0.0,110.7,11769,2020-01-01 00:00:00+00:00,2020-11-09 00:00:00+00:00,4840600.0,-33.8667,151.2,Australia,East Asia & Pacific,High income,100.0,2.01512715396535,31660.4523421088,-0.133531904304775,1.19834939074175,3.33452695130798,8.38,54.8771014186697,9933.58557724577,5159.03638381788,11.2,83.2,17.4213145571644,33.8,25.402839408227,23346254.0,3.91774581601792,51983.4523666382,1333336461648.09,87.2713470458985,25649248.0,137.490737915039,66.2547020974296,7692020.0,,0.0992419107819392,4.498123067104074,27.417966562192348,Élevé,Très urbain,Mixte-Fossile,Moyenne,1,COVID,OUI
AUS,AU,Sydney,2020,so2,0.0004615797958087,0.0,0.0009988804971654,0.0,0.013,5583,2020-01-01 00:00:00+00:00,2020-11-09 00:00:00+00:00,4840600.0,-33.8667,151.2,Australia,East Asia & Pacific,High income,100.0,2.01512715396535,31660.4523421088,-0.133531904304775,1.19834939074175,3.33452695130798,8.38,54.8771014186697,9933.58557724577,5159.03638381788,11.2,83.2,17.4213145571644,33.8,25.402839408227,23346254.0,3.91774581601792,51983.4523666382,1333336461648.09,87.2713470458985,25649248.0,137.490737915039,66.2547020974296,7692020.0,,0.0992419107819392,4.498123067104074,27.417966562192348,Élevé,Très urbain,Mixte-Fossile,Moyenne,1,COVID,OUI
AUS,AU,Sydney,2021,co,0.0274937133277451,0.0,0.0568805154883655,0.0,0.3,2386,2021-08-24 15:00:00+00:00,2021-12-31 21:00:00+00:00,4840600.0,-33.8667,151.2,Australia,East Asia & Pacific,High income,100.0,2.30537875480088,31843.6403752252,2.00694844335034,0.0996311835698593,3.33922844714392,11.06,52.8370877486312,9843.21372769882,5006.44306522882,12.3,83.3,17.4213145571644,,25.4357795203592,24572955.0,4.79262221619708,60758.9044397144,1560617493202.69,87.2353407632761,25685412.0,135.526565551758,65.7262019595193,7692020.0,,0.0823971517301542,3.9727133645587367,27.74115827516008,Élevé,Très urbain,Mixte-Fossile,Moyenne,0,Post-COVID,OUI
AUS,AU,Sydney,2021,no2,0.0071461988304093,0.005,0.0060152619025344,0.0,0.034,2565,2021-08-24 17:00:00+00:00,2021-12-31 21:00:00+00:00,4840600.0,-33.8667,151.2,Australia,East Asia & Pacific,High income,100.0,2.30537875480088,31843.6403752252,2.00694844335034,0.0996311835698593,3.33922844714392,11.06,52.8370877486312,9843.21372769882,5006.44306522882,12.3,83.3,17.4213145571644,,25.4357795203592,24572955.0,4.79262221619708,60758.9044397144,1560617493202.69,87.2353407632761,25685412.0,135.526565551758,65.7262019595193,7692020.0,,0.0823971517301542,3.9727133645587367,27.74115827516008,Élevé,Très urbain,Mixte-Fossile,Moyenne,0,Post-COVID,OUI
AUS,AU,Sydney,2021,o3,0.0203864752550056,0.022,0.010089689172326,0.0,0.067,2647,2021-08-24 15:00:00+00:00,2021-12-31 21:00:00+00:00,4840600.0,-33.8667,151.2,Australia,East Asia & Pacific,High income,100.0,2.30537875480088,31843.6403752252,2.00694844335034,0.0996311835698593,3.33922844714392,11.06,52.8370877486312,9843.21372769882,5006.44306522882,12.3,83.3,17.4213145571644,,25.4357795203592,24572955.0,4.79262221619708,60758.9044397144,1560617493202.69,87.2353407632761,25685412.0,135.526565551758,65.7262019595193,7692020.0,,0.0823971517301542,3.9727133645587367,27.74115827516008,Élevé,Très urbain,Mixte-Fossile,Moyenne,0,Post-COVID,OUI
AUS,AU,Sydney,2021,pm10,14.8985976065819,13.7,8.49127892280737,0.0,176.5,5348,2021-08-24 15:00:00+00:00,2021-12-31 21:00:00+00:00,4840600.0,-33.8667,151.2,Australia,East Asia & Pacific,High income,100.0,2.30537875480088,31843.6403752252,2.00694844335034,0.0996311835698593,3.33922844714392,11.06,52.8370877486312,9843.21372769882,5006.44306522882,12.3,83.3,17.4213145571644,,25.4357795203592,24572955.0,4.79262221619708,60758.9044397144,1560617493202.69,87.2353407632761,25685412.0,135.526565551758,65.7262019595193,7692020.0,,0.0823971517301542,3.9727133645587367,27.74115827516008,Élevé,Très urbain,Mixte-Fossile,Moyenne,0,Post-COVID,OUI
AUS,AU,Sydney,2021,pm25,5.852691432903715,5.1,5.393455605725281,0.0,104.7,5276,2021-08-24 15:00:00+00:00,2021-12-31 21:00:00+00:00,4840600.0,-33.8667,151.2,Australia,East Asia & Pacific,High income,100.0,2.30537875480088,31843.6403752252,2.00694844335034,0.0996311835698593,3.33922844714392,11.06,52.8370877486312,9843.21372769882,5006.44306522882,12.3,83.3,17.4213145571644,,25.4357795203592,24572955.0,4.79262221619708,60758.9044397144,1560617493202.69,87.2353407632761,25685412.0,135.526565551758,65.7262019595193,7692020.0,,0.0823971517301542,3.9727133645587367,27.74115827516008,Élevé,Très urbain,Mixte-Fossile,Moyenne,0,Post-COVID,OUI
AUS,AU,Sydney,2021,so2,0.0003822929416564,0.0,0.0009486384472168,0.0,0.012,2451,2021-08-24 17:00:00+00:00,2021-12-31 21:00:00+00:00,4840600.0,-33.8667,151.2,Australia,East Asia & Pacific,High income,100.0,2.30537875480088,31843.6403752252,2.00694844335034,0.0996311835698593,3.33922844714392,11.06,52.8370877486312,9843.21372769882,5006.44306522882,12.3,83.3,17.4213145571644,,25.4357795203592,24572955.0,4.79262221619708,60758.9044397144,1560617493202.69,87.2353407632761,25685412.0,135.526565551758,65.7262019595193,7692020.0,,0.0823971517301542,3.9727133645587367,27.74115827516008,Élevé,Très urbain,Mixte-Fossile,Moyenne,0,Post-COVID,OUI
AUS,AU,Sydney,2022,co,0.0524051879822689,0.0,0.0929292189606004,0.0,0.9,6091,2022-01-01 00:00:00+00:00,2022-10-27 00:00:00+00:00,4840600.0,-33.8667,151.2,Australia,East Asia & Pacific,High income,100.0,2.67242699950618,32787.7648082231,4.25304559238732,1.40271644327005,3.38256023775289,11.62,49.199170628768,9923.43167060364,4942.16372202842,,83.2,17.4213145571644,,27.4019620848457,55739422.457,4.91140974695339,65169.5191118657,1695627535475.8,87.3343268253813,26018721.0,133.277267456055,63.3627768729711,7692020.0,,0.075834346409688,,30.07438908435188,Élevé,Très urbain,,Moyenne,0,Post-COVID,OUI
AUS,AU,Sydney,2022,no2,0.0086935734244023,0.007,0.0063428798274502,0.0,0.033,6442,2022-01-01 00:00:00+00:00,2022-11-22 22:00:00+00:00,4840600.0,-33.8667,151.2,Australia,East Asia & Pacific,High income,100.0,2.67242699950618,32787.7648082231,4.25304559238732,1.40271644327005,3.38256023775289,11.62,49.199170628768,9923.43167060364,4942.16372202842,,83.2,17.4213145571644,,27.4019620848457,55739422.457,4.91140974695339,65169.5191118657,1695627535475.8,87.3343268253813,26018721.0,133.277267456055,63.3627768729711,7692020.0,,0.075834346409688,,30.07438908435188,Élevé,Très urbain,,Moyenne,0,Post-COVID,OUI
AUS,AU,Sydney,2022,o3,0.0166261488289356,0.016,0.0103246855786261,0.0,0.057,6746,2022-01-01 00:00:00+00:00,2022-11-22 22:00:00+00:00,4840600.0,-33.8667,151.2,Australia,East Asia & Pacific,High income,100.0,2.67242699950618,32787.7648082231,4.25304559238732,1.40271644327005,3.38256023775289,11.62,49.199170628768,9923.43167060364,4942.16372202842,,83.2,17.4213145571644,,27.4019620848457,55739422.457,4.91140974695339,65169.5191118657,1695627535475.8,87.3343268253813,26018721.0,133.277267456055,63.3627768729711,7692020.0,,0.075834346409688,,30.07438908435188,Élevé,Très urbain,,Moyenne,0,Post-COVID,OUI
AUS,AU,Sydney,2022,pm10,12.466264078245407,11.4,6.507851159651563,0.0,114.6,13496,2022-01-01 00:00:00+00:00,2022-11-22 22:00:00+00:00,4840600.0,-33.8667,151.2,Australia,East Asia & Pacific,High income,100.0,2.67242699950618,32787.7648082231,4.25304559238732,1.40271644327005,3.38256023775289,11.62,49.199170628768,9923.43167060364,4942.16372202842,,83.2,17.4213145571644,,27.4019620848457,55739422.457,4.91140974695339,65169.5191118657,1695627535475.8,87.3343268253813,26018721.0,133.277267456055,63.3627768729711,7692020.0,,0.075834346409688,,30.07438908435188,Élevé,Très urbain,,Moyenne,0,Post-COVID,OUI
AUS,AU,Sydney,2022,pm25,5.136723577235772,4.4,4.368635318670736,0.0,98.1,12300,2022-01-01 00:00:00+00:00,2022-11-22 22:00:00+00:00,4840600.0,-33.8667,151.2,Australia,East Asia & Pacific,High income,100.0,2.67242699950618,32787.7648082231,4.25304559238732,1.40271644327005,3.38256023775289,11.62,49.199170628768,9923.43167060364,4942.16372202842,,83.2,17.4213145571644,,27.4019620848457,55739422.457,4.91140974695339,65169.5191118657,1695627535475.8,87.3343268253813,26018721.0,133.277267456055,63.3627768729711,7692020.0,,0.075834346409688,,30.07438908435188,Élevé,Très urbain,,Moyenne,0,Post-COVID,OUI
AUS,AU,Sydney,2022,so2,0.0003423810341865,0.0,0.0007724458631444,0.0,0.013,5821,2022-01-01 00:00:00+00:00,2022-10-27 00:00:00+00:00,4840600.0,-33.8667,151.2,Australia,East Asia & Pacific,High income,100.0,2.67242699950618,32787.7648082231,4.25304559238732,1.40271644327005,3.38256023775289,11.62,49.199170628768,9923.43167060364,4942.16372202842,,83.2,17.4213145571644,,27.4019620848457,55739422.457,4.91140974695339,65169.5191118657,1695627535475.8,87.3343268253813,26018721.0,133.277267456055,63.3627768729711,7692020.0,,0.075834346409688,,30.07438908435188,Élevé,Très urbain,,Moyenne,0,Post-COVID,OUI
BEL,BE,Antwerp,2019,no2,12.367785234899328,2.5,17.45215143889966,0.0,78.0,745,2019-01-01 11:00:00+00:00,2019-12-31 00:00:00+00:00,565039.0,51.2178,4.4003,Belgium,Europe & Central Asia,High income,99.4861954289203,0.718789583537128,22166.9356931225,2.4428900448156,0.779357530690887,376.761985964452,4.199,2.68570330186664,7673.26603406047,4775.95747475268,10.2,81.9951219512195,22.604446776415,27.2,19.2417105698694,14279187.0,3.87745077100508,46716.6227467964,536726344405.489,87.0961631189222,11488980.0,156.635375976562,69.5353313801023,30494.0,3615.0,0.1022303189663088,0.2397949376666643,19.960500153406528,Élevé,Très urbain,Mixte-Fossile,Petite,0,Pre-COVID,OUI
BEL,BE,Antwerp,2020,no2,21.761627906976745,17.0,16.58602044826072,1.5,90.5,344,2020-01-03 00:00:00+00:00,2020-12-30 08:00:00+00:00,565039.0,51.2178,4.4003,Belgium,Europe & Central Asia,High income,99.4862025266725,0.712818023641571,20262.9834535023,-4.7929839083518,0.660743951222393,378.38932248967,4.246624663,2.0983086089902,7420.56838071573,4386.43050829817,12.3,80.6951219512195,22.604446776415,26.0,19.0811705163268,3520849.848,3.90931550646708,45906.2875805246,529694473501.791,87.2964994991269,11538604.0,151.727508544922,70.3395076969123,30494.0,3615.0,0.0955497643071171,0.1577675645857293,19.79398853996837,Élevé,Très urbain,Mixte-Fossile,Petite,1,COVID,OUI
BEL,BE,Antwerp,2021,no2,27.37092391304348,23.0,18.032941314191135,2.0,80.0,368,2021-01-01 00:00:00+00:00,2021-12-31 00:00:00+00:00,565039.0,51.2178,4.4003,Belgium,Europe & Central Asia,High income,99.486206436114,0.654899384879513,21449.9342458646,6.25445686466593,0.565055472554392,379.949990161999,4.300015419,2.0182920154059,7681.46919674665,4823.5834216252,11.7,81.790243902439,22.604446776415,26.6,17.9965228539946,5404284.479,3.58873816940516,51658.238294958,598522422241.851,87.4305564090635,11586195.0,143.163513183594,70.7487167204956,30494.0,3612.0,0.0933731038402861,0.1589206311343228,18.65142223887411,Élevé,Très urbain,Mixte-Fossile,Petite,0,Post-COVID,OUI
BEL,BE,Antwerp,2022,no2,20.154275092936803,13.0,18.65274754576698,1.0,116.5,807,2022-01-01 00:00:00+00:00,2022-12-31 00:00:00+00:00,565039.0,51.2178,4.4003,Belgium,Europe & Central Asia,High income,99.4862152277247,0.671430411514796,21959.1736103304,3.9562379757933,0.875212116108615,383.033055683085,4.300015419,2.4159171209105,7282.74577255032,4368.44562567427,,81.7487804878049,22.604446776415,26.4,20.0021164809193,10165432.504,3.4977643907574,50605.7496677086,591085783326.267,87.489200269855,11680210.0,142.918075561523,69.470724775351,30494.0,,0.086321402863415,,20.673546892434096,Élevé,Très urbain,,Petite,0,Post-COVID,OUI
BEL,BE,Antwerp,2023,no2,17.993908556686254,13.0,15.425136847905552,0.0,124.5,6977,2023-01-02 00:00:00+00:00,2023-12-31 21:00:00+00:00,565039.0,51.2178,4.4003,Belgium,Europe & Central Asia,High income,99.4862165648512,0.774565666013089,22084.5032306155,1.71412195515242,0.921445914026051,386.303731881682,,2.18958037026856,6931.69561218702,4051.07409072709,,82.3975609756098,22.604446776415,26.8,19.4660546903987,11390665.4189623,4.36481851103754,55291.4754541329,651330595110.011,87.551492636772,11779946.0,142.960266113281,70.2566485434437,30494.0,,0.07326628184856,,20.24062035641179,Élevé,Très urbain,,Petite,0,Post-COVID,OUI
BEL,BE,Brussels,2019,o3,6.7785714285714285,0.0,14.096888518109338,0.0,57.0,210,2019-09-26 00:00:00+00:00,2019-12-30 00:00:00+00:00,1249597.0,50.8467,4.3525,Belgium,Europe & Central Asia,High income,99.4861954289203,0.718789583537128,22166.9356931225,2.4428900448156,0.779357530690887,376.761985964452,4.199,2.68570330186664,7673.26603406047,4775.95747475268,10.2,81.9951219512195,22.604446776415,27.2,19.2417105698694,14279187.0,3.87745077100508,46716.6227467964,536726344405.489,87.0961631189222,11488980.0,156.635375976562,69.5353313801023,30494.0,3615.0,0.1022303189663088,0.2397949376666643,19.960500153406528,Élevé,Très urbain,Mixte-Fossile,Moyenne,0,Pre-COVID,OUI
BEL,BE,Brussels,2019,pm10,7.807744565217392,0.0,17.587412236932636,0.0,252.5,736,2019-01-01 11:00:00+00:00,2019-12-31 00:00:00+00:00,1249597.0,50.8467,4.3525,Belgium,Europe & Central Asia,High income,99.4861954289203,0.718789583537128,22166.9356931225,2.4428900448156,0.779357530690887,376.761985964452,4.199,2.68570330186664,7673.26603406047,4775.95747475268,10.2,81.9951219512195,22.604446776415,27.2,19.2417105698694,14279187.0,3.87745077100508,46716.6227467964,536726344405.489,87.0961631189222,11488980.0,156.635375976562,69.5353313801023,30494.0,3615.0,0.1022303189663088,0.2397949376666643,19.960500153406528,Élevé,Très urbain,Mixte-Fossile,Moyenne,0,Pre-COVID,OUI
BEL,BE,Brussels,2019,pm25,6.522582697201018,0.0,11.854271000972188,0.0,83.75,786,2019-01-01 11:00:00+00:00,2019-12-31 00:00:00+00:00,1249597.0,50.8467,4.3525,Belgium,Europe & Central Asia,High income,99.4861954289203,0.718789583537128,22166.9356931225,2.4428900448156,0.779357530690887,376.761985964452,4.199,2.68570330186664,7673.26603406047,4775.95747475268,10.2,81.9951219512195,22.604446776415,27.2,19.2417105698694,14279187.0,3.87745077100508,46716.6227467964,536726344405.489,87.0961631189222,11488980.0,156.635375976562,69.5353313801023,30494.0,3615.0,0.1022303189663088,0.2397949376666643,19.960500153406528,Élevé,Très urbain,Mixte-Fossile,Moyenne,0,Pre-COVID,OUI
BEL,BE,Brussels,2020,o3,43.829736211031175,46.0,21.69726760042562,2.0,102.0,417,2020-01-03 00:00:00+00:00,2020-12-30 13:00:00+00:00,1249597.0,50.8467,4.3525,Belgium,Europe & Central Asia,High income,99.4862025266725,0.712818023641571,20262.9834535023,-4.7929839083518,0.660743951222393,378.38932248967,4.246624663,2.0983086089902,7420.56838071573,4386.43050829817,12.3,80.6951219512195,22.604446776415,26.0,19.0811705163268,3520849.848,3.90931550646708,45906.2875805246,529694473501.791,87.2964994991269,11538604.0,151.727508544922,70.3395076969123,30494.0,3615.0,0.0955497643071171,0.1577675645857293,19.79398853996837,Élevé,Très urbain,Mixte-Fossile,Moyenne,1,COVID,OUI
BEL,BE,Brussels,2020,pm10,14.94300518134715,13.0,10.374717128923626,1.0,75.0,193,2020-01-03 00:00:00+00:00,2020-12-30 13:00:00+00:00,1249597.0,50.8467,4.3525,Belgium,Europe & Central Asia,High income,99.4862025266725,0.712818023641571,20262.9834535023,-4.7929839083518,0.660743951222393,378.38932248967,4.246624663,2.0983086089902,7420.56838071573,4386.43050829817,12.3,80.6951219512195,22.604446776415,26.0,19.0811705163268,3520849.848,3.90931550646708,45906.2875805246,529694473501.791,87.2964994991269,11538604.0,151.727508544922,70.3395076969123,30494.0,3615.0,0.0955497643071171,0.1577675645857293,19.79398853996837,Élevé,Très urbain,Mixte-Fossile,Moyenne,1,COVID,OUI
BEL,BE,Brussels,2020,pm25,9.833261802575109,7.5,8.533545550333244,0.4,61.45,233,2020-01-03 00:00:00+00:00,2020-12-30 13:00:00+00:00,1249597.0,50.8467,4.3525,Belgium,Europe & Central Asia,High income,99.4862025266725,0.712818023641571,20262.9834535023,-4.7929839083518,0.660743951222393,378.38932248967,4.246624663,2.0983086089902,7420.56838071573,4386.43050829817,12.3,80.6951219512195,22.604446776415,26.0,19.0811705163268,3520849.848,3.90931550646708,45906.2875805246,529694473501.791,87.2964994991269,11538604.0,151.727508544922,70.3395076969123,30494.0,3615.0,0.0955497643071171,0.1577675645857293,19.79398853996837,Élevé,Très urbain,Mixte-Fossile,Moyenne,1,COVID,OUI
BEL,BE,Brussels,2021,o3,37.1240234375,39.5,19.305777934773023,2.0,80.5,512,2021-01-01 00:00:00+00:00,2021-12-31 00:00:00+00:00,1249597.0,50.8467,4.3525,Belgium,Europe & Central Asia,High income,99.486206436114,0.654899384879513,21449.9342458646,6.25445686466593,0.565055472554392,379.949990161999,4.300015419,2.0182920154059,7681.46919674665,4823.5834216252,11.7,81.790243902439,22.604446776415,26.6,17.9965228539946,5404284.479,3.58873816940516,51658.238294958,598522422241.851,87.4305564090635,11586195.0,143.163513183594,70.7487167204956,30494.0,3612.0,0.0933731038402861,0.1589206311343228,18.65142223887411,Élevé,Très urbain,Mixte-Fossile,Moyenne,0,Post-COVID,OUI
BEL,BE,Brussels,2021,pm10,17.019277108433734,14.0,10.635353243150892,1.5,62.0,415,2021-01-01 00:00:00+00:00,2021-12-31 00:00:00+00:00,1249597.0,50.8467,4.3525,Belgium,Europe & Central Asia,High income,99.486206436114,0.654899384879513,21449.9342458646,6.25445686466593,0.565055472554392,379.949990161999,4.300015419,2.0182920154059,7681.46919674665,4823.5834216252,11.7,81.790243902439,22.604446776415,26.6,17.9965228539946,5404284.479,3.58873816940516,51658.238294958,598522422241.851,87.4305564090635,11586195.0,143.163513183594,70.7487167204956,30494.0,3612.0,0.0933731038402861,0.1589206311343228,18.65142223887411,Élevé,Très urbain,Mixte-Fossile,Moyenne,0,Post-COVID,OUI
BEL,BE,Brussels,2021,pm25,12.510416666666666,10.0,8.977161688214132,0.45,52.1,480,2021-01-01 00:00:00+00:00,2021-12-31 00:00:00+00:00,1249597.0,50.8467,4.3525,Belgium,Europe & Central Asia,High income,99.486206436114,0.654899384879513,21449.9342458646,6.25445686466593,0.565055472554392,379.949990161999,4.300015419,2.0182920154059,7681.46919674665,4823.5834216252,11.7,81.790243902439,22.604446776415,26.6,17.9965228539946,5404284.479,3.58873816940516,51658.238294958,598522422241.851,87.4305564090635,11586195.0,143.163513183594,70.7487167204956,30494.0,3612.0,0.0933731038402861,0.1589206311343228,18.65142223887411,Élevé,Très urbain,Mixte-Fossile,Moyenne,0,Post-COVID,OUI
BEL,BE,Brussels,2022,o3,41.84988452655889,44.5,22.246319009610907,2.0,105.5,433,2022-01-01 00:00:00+00:00,2022-12-31 00:00:00+00:00,1249597.0,50.8467,4.3525,Belgium,Europe & Central Asia,High income,99.4862152277247,0.671430411514796,21959.1736103304,3.9562379757933,0.875212116108615,383.033055683085,4.300015419,2.4159171209105,7282.74577255032,4368.44562567427,,81.7487804878049,22.604446776415,26.4,20.0021164809193,10165432.504,3.4977643907574,50605.7496677086,591085783326.267,87.489200269855,11680210.0,142.918075561523,69.470724775351,30494.0,,0.086321402863415,,20.673546892434096,Élevé,Très urbain,,Moyenne,0,Post-COVID,OUI
BEL,BE,Brussels,2022,pm10,18.32788671023965,15.5,10.83524927018122,2.5,66.0,459,2022-01-01 00:00:00+00:00,2022-12-31 00:00:00+00:00,1249597.0,50.8467,4.3525,Belgium,Europe & Central Asia,High income,99.4862152277247,0.671430411514796,21959.1736103304,3.9562379757933,0.875212116108615,383.033055683085,4.300015419,2.4159171209105,7282.74577255032,4368.44562567427,,81.7487804878049,22.604446776415,26.4,20.0021164809193,10165432.504,3.4977643907574,50605.7496677086,591085783326.267,87.489200269855,11680210.0,142.918075561523,69.470724775351,30494.0,,0.086321402863415,,20.673546892434096,Élevé,Très urbain,,Moyenne,0,Post-COVID,OUI
BEL,BE,Brussels,2022,pm25,11.674182203389831,8.93,9.144292330506214,0.846,45.966,472,2022-01-01 00:00:00+00:00,2022-12-31 00:00:00+00:00,1249597.0,50.8467,4.3525,Belgium,Europe & Central Asia,High income,99.4862152277247,0.671430411514796,21959.1736103304,3.9562379757933,0.875212116108615,383.033055683085,4.300015419,2.4159171209105,7282.74577255032,4368.44562567427,,81.7487804878049,22.604446776415,26.4,20.0021164809193,10165432.504,3.4977643907574,50605.7496677086,591085783326.267,87.489200269855,11680210.0,142.918075561523,69.470724775351,30494.0,,0.086321402863415,,20.673546892434096,Élevé,Très urbain,,Moyenne,0,Post-COVID,OUI
BEL,BE,Brussels,2023,o3,53.27161880314456,52.5,27.759161162768777,1.0,180.5,6233,2023-01-02 00:00:00+00:00,2023-12-31 21:00:00+00:00,1249597.0,50.8467,4.3525,Belgium,Europe & Central Asia,High income,99.4862165648512,0.774565666013089,22084.5032306155,1.71412195515242,0.921445914026051,386.303731881682,,2.18958037026856,6931.69561218702,4051.07409072709,,82.3975609756098,22.604446776415,26.8,19.4660546903987,11390665.4189623,4.36481851103754,55291.4754541329,651330595110.011,87.551492636772,11779946.0,142.960266113281,70.2566485434437,30494.0,,0.07326628184856,,20.24062035641179,Élevé,Très urbain,,Moyenne,0,Post-COVID,OUI
BEL,BE,Brussels,2023,pm10,17.645709509658246,15.5,10.5059650902657,1.5,126.0,10768,2023-01-02 00:00:00+00:00,2023-12-31 21:00:00+00:00,1249597.0,50.8467,4.3525,Belgium,Europe & Central Asia,High income,99.4862165648512,0.774565666013089,22084.5032306155,1.71412195515242,0.921445914026051,386.303731881682,,2.18958037026856,6931.69561218702,4051.07409072709,,82.3975609756098,22.604446776415,26.8,19.4660546903987,11390665.4189623,4.36481851103754,55291.4754541329,651330595110.011,87.551492636772,11779946.0,142.960266113281,70.2566485434437,30494.0,,0.07326628184856,,20.24062035641179,Élevé,Très urbain,,Moyenne,0,Post-COVID,OUI
BEL,BE,Brussels,2023,pm25,9.567826580806726,7.849,16.838128553987296,0.08,1174.859,11181,2023-01-02 00:00:00+00:00,2023-12-31 21:00:00+00:00,1249597.0,50.8467,4.3525,Belgium,Europe & Central Asia,High income,99.4862165648512,0.774565666013089,22084.5032306155,1.71412195515242,0.921445914026051,386.303731881682,,2.18958037026856,6931.69561218702,4051.07409072709,,82.3975609756098,22.604446776415,26.8,19.4660546903987,11390665.4189623,4.36481851103754,55291.4754541329,651330595110.011,87.551492636772,11779946.0,142.960266113281,70.2566485434437,30494.0,,0.07326628184856,,20.24062035641179,Élevé,Très urbain,,Moyenne,0,Post-COVID,OUI
BEL,BE,Brussels,2023,so2,1.818195456493785,1.65,0.7398002693499528,0.0,8.05,4666,2023-05-06 00:00:00+00:00,2023-12-31 21:00:00+00:00,1249597.0,50.8467,4.3525,Belgium,Europe & Central Asia,High income,99.4862165648512,0.774565666013089,22084.5032306155,1.71412195515242,0.921445914026051,386.303731881682,,2.18958037026856,6931.69561218702,4051.07409072709,,82.3975609756098,22.604446776415,26.8,19.4660546903987,11390665.4189623,4.36481851103754,55291.4754541329,651330595110.011,87.551492636772,11779946.0,142.960266113281,70.2566485434437,30494.0,,0.07326628184856,,20.24062035641179,Élevé,Très urbain,,Moyenne,0,Post-COVID,OUI
BGD,BD,Dhaka,2019,pm25,87.56835694755158,60.0,85.71135156243837,0.0,985.0,8046,2019-01-01 00:00:00+00:00,2019-12-31 22:00:00+00:00,19134000.0,23.7289,90.3944,Bangladesh,South Asia,Lower middle income,57.7528738554199,11.9753231358984,1076.42245250605,7.88191515117722,1.84176302855583,1266.90523930245,35.87,1.53281925898063,515.10173042395,273.340023331257,26.1,72.625,14.4687716063609,,32.8525491977868,6260241.0,8.12370697761896,2129.79896954606,351231654603.692,30.8228396343012,164913055.0,65.1185413488915,50.8492887427224,130170.0,2877.0,0.1282805310298646,0.0565615962723479,44.8278723336852,Faible,Rural,Mixte-Fossile,Mégapole,0,Pre-COVID,OUI
BGD,BD,Dhaka,2020,pm25,84.74535809018568,57.0,75.59317278592718,1.0,582.0,7917,2020-01-01 00:00:00+00:00,2020-12-31 22:00:00+00:00,19134000.0,23.7289,90.3944,Bangladesh,South Asia,Lower middle income,59.7111659386902,11.9996868602485,1099.4473259373,3.44801755122445,1.78580073795354,1277.54493354844,35.87,3.67759658659185,509.945926958218,272.076572071717,27.2,71.421,14.4687716063609,,32.9115650824449,2984121.694,8.66912151499211,2248.85078828233,373979442362.193,31.1168927321524,166298024.0,66.4329548486639,51.5113093348259,130170.0,,0.1209309406155936,0.1304112264748883,44.91125194269341,Faible,Rural,Mixte-Fossile,Mégapole,1,COVID,OUI
BGD,BD,Dhaka,2021,pm25,101.97440132122212,76.0,86.98620757419633,0.0,888.0,7266,2021-01-01 00:00:00+00:00,2021-12-31 22:00:00+00:00,19134000.0,23.7289,90.3944,Bangladesh,South Asia,Lower middle income,61.6770898454809,11.6328584271282,1177.93400717848,6.93867912442445,1.7181839550393,1287.99918568026,35.87,5.53992574386864,574.118203146015,292.487219529267,25.0,71.103,14.4687716063609,,33.3160943869001,3750753.0,7.80421481985044,2482.84917843357,416271647911.014,31.3992156886061,167658854.0,66.8282318620991,51.3015069352743,130170.0,,0.1177556278653452,0.2130740670718707,44.948952814028296,Faible,Rural,Mixte-Fossile,Mégapole,0,Post-COVID,OUI
BGD,BD,Dhaka,2022,pm25,97.1377403213063,70.0,78.31472966061595,5.0,985.0,7594,2022-01-01 00:00:00+00:00,2022-12-31 22:00:00+00:00,19134000.0,23.7289,90.3944,Bangladesh,South Asia,Lower middle income,63.6502711298232,11.2176010351595,1253.10179441914,7.09982877575158,1.89472085102334,1300.36002610164,35.87,5.53308320631571,602.674747324137,297.118356342706,,74.265,14.458774758176,30.9,33.9200804971876,5267081.561,7.79301989291437,2716.48592780431,460131689083.083,31.673734726234,169384897.0,67.0384586440383,51.0380826788136,130260.0,,0.1093357479068064,,45.1376815323471,Faible,Rural,,Mégapole,0,Post-COVID,OUI
BGD,BD,Dhaka,2023,o3,0.0093295165394402,0.002,0.0136615903624335,0.0,0.066,786,2023-11-27 08:00:00+00:00,2023-12-31 22:00:00+00:00,19134000.0,23.7289,90.3944,Bangladesh,South Asia,Lower middle income,65.6304136319171,11.0036900209598,1262.45721547606,5.77511237007889,2.73858385406151,1319.17979689183,,,,,,74.672,14.4899215263887,,34.5942721606063,6628497.0,,2551.01773827307,437415333018.291,32.1578465036834,171466990.0,65.9856598598849,51.1119129405073,129980.0,,,,45.5979621815661,Faible,Rural,,Mégapole,0,Post-COVID,OUI
BGD,BD,Dhaka,2023,pm25,92.74833083526366,66.0,77.03567519710221,3.0,729.0,7339,2023-01-01 00:00:00+00:00,2023-12-31 22:00:00+00:00,19134000.0,23.7289,90.3944,Bangladesh,South Asia,Lower middle income,65.6304136319171,11.0036900209598,1262.45721547606,5.77511237007889,2.73858385406151,1319.17979689183,,,,,,74.672,14.4899215263887,,34.5942721606063,6628497.0,,2551.01773827307,437415333018.291,32.1578465036834,171466990.0,65.9856598598849,51.1119129405073,129980.0,,,,45.5979621815661,Faible,Rural,,Mégapole,0,Post-COVID,OUI
BGD,BD,Gazipura,2019,pm25,87.56835694755158,60.0,85.71135156243837,0.0,985.0,8046,2019-01-01 00:00:00+00:00,2019-12-31 22:00:00+00:00,2674697.0,23.9234,90.3959,Bangladesh,South Asia,Lower middle income,57.7528738554199,11.9753231358984,1076.42245250605,7.88191515117722,1.84176302855583,1266.90523930245,35.87,1.53281925898063,515.10173042395,273.340023331257,26.1,72.625,14.4687716063609,,32.8525491977868,6260241.0,8.12370697761896,2129.79896954606,351231654603.692,30.8228396343012,164913055.0,65.1185413488915,50.8492887427224,130170.0,2877.0,0.1282805310298646,0.0565615962723479,44.8278723336852,Faible,Rural,Mixte-Fossile,Moyenne,0,Pre-COVID,OUI
BGD,BD,Gazipura,2020,pm25,84.74535809018568,57.0,75.59317278592718,1.0,582.0,7917,2020-01-01 00:00:00+00:00,2020-12-31 22:00:00+00:00,2674697.0,23.9234,90.3959,Bangladesh,South Asia,Lower middle income,59.7111659386902,11.9996868602485,1099.4473259373,3.44801755122445,1.78580073795354,1277.54493354844,35.87,3.67759658659185,509.945926958218,272.076572071717,27.2,71.421,14.4687716063609,,32.9115650824449,2984121.694,8.66912151499211,2248.85078828233,373979442362.193,31.1168927321524,166298024.0,66.4329548486639,51.5113093348259,130170.0,,0.1209309406155936,0.1304112264748883,44.91125194269341,Faible,Rural,Mixte-Fossile,Moyenne,1,COVID,OUI
BGD,BD,Gazipura,2021,pm25,101.97440132122212,76.0,86.98620757419633,0.0,888.0,7266,2021-01-01 00:00:00+00:00,2021-12-31 22:00:00+00:00,2674697.0,23.9234,90.3959,Bangladesh,South Asia,Lower middle income,61.6770898454809,11.6328584271282,1177.93400717848,6.93867912442445,1.7181839550393,1287.99918568026,35.87,5.53992574386864,574.118203146015,292.487219529267,25.0,71.103,14.4687716063609,,33.3160943869001,3750753.0,7.80421481985044,2482.84917843357,416271647911.014,31.3992156886061,167658854.0,66.8282318620991,51.3015069352743,130170.0,,0.1177556278653452,0.2130740670718707,44.948952814028296,Faible,Rural,Mixte-Fossile,Moyenne,0,Post-COVID,OUI
BGD,BD,Gazipura,2022,pm25,97.1377403213063,70.0,78.31472966061595,5.0,985.0,7594,2022-01-01 00:00:00+00:00,2022-12-31 22:00:00+00:00,2674697.0,23.9234,90.3959,Bangladesh,South Asia,Lower middle income,63.6502711298232,11.2176010351595,1253.10179441914,7.09982877575158,1.89472085102334,1300.36002610164,35.87,5.53308320631571,602.674747324137,297.118356342706,,74.265,14.458774758176,30.9,33.9200804971876,5267081.561,7.79301989291437,2716.48592780431,460131689083.083,31.673734726234,169384897.0,67.0384586440383,51.0380826788136,130260.0,,0.1093357479068064,,45.1376815323471,Faible,Rural,,Moyenne,0,Post-COVID,OUI
BGD,BD,Gazipura,2023,o3,0.0093295165394402,0.002,0.0136615903624335,0.0,0.066,786,2023-11-27 08:00:00+00:00,2023-12-31 22:00:00+00:00,2674697.0,23.9234,90.3959,Bangladesh,South Asia,Lower middle income,65.6304136319171,11.0036900209598,1262.45721547606,5.77511237007889,2.73858385406151,1319.17979689183,,,,,,74.672,14.4899215263887,,34.5942721606063,6628497.0,,2551.01773827307,437415333018.291,32.1578465036834,171466990.0,65.9856598598849,51.1119129405073,129980.0,,,,45.5979621815661,Faible,Rural,,Moyenne,0,Post-COVID,OUI
BGD,BD,Gazipura,2023,pm25,92.74833083526366,66.0,77.03567519710221,3.0,729.0,7339,2023-01-01 00:00:00+00:00,2023-12-31 22:00:00+00:00,2674697.0,23.9234,90.3959,Bangladesh,South Asia,Lower middle income,65.6304136319171,11.0036900209598,1262.45721547606,5.77511237007889,2.73858385406151,1319.17979689183,,,,,,74.672,14.4899215263887,,34.5942721606063,6628497.0,,2551.01773827307,437415333018.291,32.1578465036834,171466990.0,65.9856598598849,51.1119129405073,129980.0,,,,45.5979621815661,Faible,Rural,,Moyenne,0,Post-COVID,OUI
BGR,BG,Sofia,2020,co,452.8312700596057,350.0,340.7149280424282,70.0,3750.0,4362,2020-04-20 17:00:00+00:00,2020-12-31 20:00:00+00:00,1404116.0,42.6979,23.3217,Bulgaria,Europe & Central Asia,High income,86.0351484540034,3.43599846300539,5494.59110418829,-3.13323303076419,-1.53644759703136,60.3417096536478,4.969,33.2041026647691,5304.93248351015,2664.55152991688,21.1,73.3560975609756,35.8603537214444,40.5,21.843324087593,443067.0,6.36747313147176,10760.211975413,70486877546.4901,73.3239898681641,6550696.0,101.354942321777,61.5163725088911,108560.0,4029.0,0.2476070108092651,1.5024480843786925,25.27932255059839,Moyen-Faible,Urbain,Mixte-Fossile,Moyenne,1,COVID,OUI
BGR,BG,Sofia,2020,no2,18.541064690026957,11.97,18.4040294257588,1.38,169.04,12614,2020-04-20 17:00:00+00:00,2020-12-31 20:00:00+00:00,1404116.0,42.6979,23.3217,Bulgaria,Europe & Central Asia,High income,86.0351484540034,3.43599846300539,5494.59110418829,-3.13323303076419,-1.53644759703136,60.3417096536478,4.969,33.2041026647691,5304.93248351015,2664.55152991688,21.1,73.3560975609756,35.8603537214444,40.5,21.843324087593,443067.0,6.36747313147176,10760.211975413,70486877546.4901,73.3239898681641,6550696.0,101.354942321777,61.5163725088911,108560.0,4029.0,0.2476070108092651,1.5024480843786925,25.27932255059839,Moyen-Faible,Urbain,Mixte-Fossile,Moyenne,1,COVID,OUI
BGR,BG,Sofia,2020,o3,57.92292532107183,61.77,33.29751961839364,0.01,281.74,12614,2020-04-20 17:00:00+00:00,2020-12-31 20:00:00+00:00,1404116.0,42.6979,23.3217,Bulgaria,Europe & Central Asia,High income,86.0351484540034,3.43599846300539,5494.59110418829,-3.13323303076419,-1.53644759703136,60.3417096536478,4.969,33.2041026647691,5304.93248351015,2664.55152991688,21.1,73.3560975609756,35.8603537214444,40.5,21.843324087593,443067.0,6.36747313147176,10760.211975413,70486877546.4901,73.3239898681641,6550696.0,101.354942321777,61.5163725088911,108560.0,4029.0,0.2476070108092651,1.5024480843786925,25.27932255059839,Moyen-Faible,Urbain,Mixte-Fossile,Moyenne,1,COVID,OUI
BGR,BG,Sofia,2020,pm10,15.209137760158573,12.41,14.491639520185505,0.08,512.78,8072,2020-04-20 17:00:00+00:00,2020-12-31 20:00:00+00:00,1404116.0,42.6979,23.3217,Bulgaria,Europe & Central Asia,High income,86.0351484540034,3.43599846300539,5494.59110418829,-3.13323303076419,-1.53644759703136,60.3417096536478,4.969,33.2041026647691,5304.93248351015,2664.55152991688,21.1,73.3560975609756,35.8603537214444,40.5,21.843324087593,443067.0,6.36747313147176,10760.211975413,70486877546.4901,73.3239898681641,6550696.0,101.354942321777,61.5163725088911,108560.0,4029.0,0.2476070108092651,1.5024480843786925,25.27932255059839,Moyen-Faible,Urbain,Mixte-Fossile,Moyenne,1,COVID,OUI
BGR,BG,Sofia,2021,co,569.1335044929397,460.0,357.0297141793324,100.0,3200.0,6232,2021-01-05 12:00:00+00:00,2021-12-31 19:00:00+00:00,1404116.0,42.6979,23.3217,Bulgaria,Europe & Central Asia,High income,86.0455390086067,4.32894729732106,6008.67277601367,7.82817232822165,-0.633598562114185,59.9419767870302,5.212,35.9170030272452,5560.98450033278,2918.91641380678,20.4,71.2121951219512,35.9801031687546,39.0,20.7501971561216,41126.0,5.47006390850992,12966.1457543396,84374613233.36,73.346765618041,6507301.0,98.7087631225586,62.4283877983405,108560.0,4031.0,0.2251009180512937,1.6783646274413646,25.07914445344266,Moyen-Faible,Urbain,Mixte-Fossile,Moyenne,0,Post-COVID,OUI
BGR,BG,Sofia,2021,no2,18.021234509556816,10.805,18.752654748051068,0.0,159.35,19044,2021-01-05 12:00:00+00:00,2021-12-31 19:00:00+00:00,1404116.0,42.6979,23.3217,Bulgaria,Europe & Central Asia,High income,86.0455390086067,4.32894729732106,6008.67277601367,7.82817232822165,-0.633598562114185,59.9419767870302,5.212,35.9170030272452,5560.98450033278,2918.91641380678,20.4,71.2121951219512,35.9801031687546,39.0,20.7501971561216,41126.0,5.47006390850992,12966.1457543396,84374613233.36,73.346765618041,6507301.0,98.7087631225586,62.4283877983405,108560.0,4031.0,0.2251009180512937,1.6783646274413646,25.07914445344266,Moyen-Faible,Urbain,Mixte-Fossile,Moyenne,0,Post-COVID,OUI
BGR,BG,Sofia,2021,o3,56.11388597228056,56.4,31.64963628604468,0.04,256.65,19048,2021-01-05 12:00:00+00:00,2021-12-31 19:00:00+00:00,1404116.0,42.6979,23.3217,Bulgaria,Europe & Central Asia,High income,86.0455390086067,4.32894729732106,6008.67277601367,7.82817232822165,-0.633598562114185,59.9419767870302,5.212,35.9170030272452,5560.98450033278,2918.91641380678,20.4,71.2121951219512,35.9801031687546,39.0,20.7501971561216,41126.0,5.47006390850992,12966.1457543396,84374613233.36,73.346765618041,6507301.0,98.7087631225586,62.4283877983405,108560.0,4031.0,0.2251009180512937,1.6783646274413646,25.07914445344266,Moyen-Faible,Urbain,Mixte-Fossile,Moyenne,0,Post-COVID,OUI
BGR,BG,Sofia,2021,pm10,14.189444027047331,11.415,15.862297996440214,0.01,817.5,10648,2021-01-05 12:00:00+00:00,2021-12-31 19:00:00+00:00,1404116.0,42.6979,23.3217,Bulgaria,Europe & Central Asia,High income,86.0455390086067,4.32894729732106,6008.67277601367,7.82817232822165,-0.633598562114185,59.9419767870302,5.212,35.9170030272452,5560.98450033278,2918.91641380678,20.4,71.2121951219512,35.9801031687546,39.0,20.7501971561216,41126.0,5.47006390850992,12966.1457543396,84374613233.36,73.346765618041,6507301.0,98.7087631225586,62.4283877983405,108560.0,4031.0,0.2251009180512937,1.6783646274413646,25.07914445344266,Moyen-Faible,Urbain,Mixte-Fossile,Moyenne,0,Post-COVID,OUI
BGR,BG,Sofia,2022,co,511.0579109268424,420.0,365.0385930483737,0.0,3060.0,7477,2022-01-03 10:00:00+00:00,2022-12-31 22:00:00+00:00,1404116.0,42.6979,23.3217,Bulgaria,Europe & Central Asia,High income,86.0559026317979,3.71136413583789,6290.64300870434,4.0838640915123,-0.469305922567666,59.5532148120855,5.443433862,43.1394681082794,5536.49852430675,2968.65663426552,,74.1609756097561,36.0998526160649,38.2,25.3037212349858,643765.0,4.97039545337531,13999.1949530956,90506153293.6733,73.4799164005224,6465097.0,96.6720733642578,59.8938030075942,108560.0,,0.2120439496886517,,29.01508537082369,Moyen-Faible,Urbain,,Moyenne,0,Post-COVID,OUI
BGR,BG,Sofia,2022,no2,15.783810496881047,8.16,18.59774154883598,0.0,158.91,18596,2022-01-03 10:00:00+00:00,2022-12-31 22:00:00+00:00,1404116.0,42.6979,23.3217,Bulgaria,Europe & Central Asia,High income,86.0559026317979,3.71136413583789,6290.64300870434,4.0838640915123,-0.469305922567666,59.5532148120855,5.443433862,43.1394681082794,5536.49852430675,2968.65663426552,,74.1609756097561,36.0998526160649,38.2,25.3037212349858,643765.0,4.97039545337531,13999.1949530956,90506153293.6733,73.4799164005224,6465097.0,96.6720733642578,59.8938030075942,108560.0,,0.2120439496886517,,29.01508537082369,Moyen-Faible,Urbain,,Moyenne,0,Post-COVID,OUI
BGR,BG,Sofia,2022,o3,57.2306910929275,59.32,29.393555957508223,0.05,210.98,19187,2022-01-03 10:00:00+00:00,2022-12-31 22:00:00+00:00,1404116.0,42.6979,23.3217,Bulgaria,Europe & Central Asia,High income,86.0559026317979,3.71136413583789,6290.64300870434,4.0838640915123,-0.469305922567666,59.5532148120855,5.443433862,43.1394681082794,5536.49852430675,2968.65663426552,,74.1609756097561,36.0998526160649,38.2,25.3037212349858,643765.0,4.97039545337531,13999.1949530956,90506153293.6733,73.4799164005224,6465097.0,96.6720733642578,59.8938030075942,108560.0,,0.2120439496886517,,29.01508537082369,Moyen-Faible,Urbain,,Moyenne,0,Post-COVID,OUI
BGR,BG,Sofia,2022,pm10,16.9588519761067,12.85,15.547039717994496,0.37,586.96,12221,2022-01-03 10:00:00+00:00,2022-12-31 22:00:00+00:00,1404116.0,42.6979,23.3217,Bulgaria,Europe & Central Asia,High income,86.0559026317979,3.71136413583789,6290.64300870434,4.0838640915123,-0.469305922567666,59.5532148120855,5.443433862,43.1394681082794,5536.49852430675,2968.65663426552,,74.1609756097561,36.0998526160649,38.2,25.3037212349858,643765.0,4.97039545337531,13999.1949530956,90506153293.6733,73.4799164005224,6465097.0,96.6720733642578,59.8938030075942,108560.0,,0.2120439496886517,,29.01508537082369,Moyen-Faible,Urbain,,Moyenne,0,Post-COVID,OUI
BGR,BG,Sofia,2023,co,467.4461361677679,390.0,302.9352152196548,80.0,3510.0,6962,2023-01-01 00:00:00+00:00,2023-12-31 22:00:00+00:00,1404116.0,42.6979,23.3217,Bulgaria,Europe & Central Asia,High income,86.0662621462475,2.52244655399312,6376.01642771185,1.68151074972904,0.0562513687039865,59.3827929255711,,29.1466898521923,5360.50343468088,2604.19104505407,,75.7073170731707,36.2196020633751,39.5,22.7029866666098,723825.0,5.87504657806484,15853.208636704,102199231384.542,73.7322671584613,6446596.0,95.6239624023438,62.4320967681537,108560.0,,0.1642586586772373,,25.22543322060292,Moyen-Élevé,Urbain,,Moyenne,0,Post-COVID,OUI
BGR,BG,Sofia,2023,no2,17.763191438621593,9.89,18.77348361179641,0.02,146.77,16773,2023-01-01 00:00:00+00:00,2023-12-31 22:00:00+00:00,1404116.0,42.6979,23.3217,Bulgaria,Europe & Central Asia,High income,86.0662621462475,2.52244655399312,6376.01642771185,1.68151074972904,0.0562513687039865,59.3827929255711,,29.1466898521923,5360.50343468088,2604.19104505407,,75.7073170731707,36.2196020633751,39.5,22.7029866666098,723825.0,5.87504657806484,15853.208636704,102199231384.542,73.7322671584613,6446596.0,95.6239624023438,62.4320967681537,108560.0,,0.1642586586772373,,25.22543322060292,Moyen-Élevé,Urbain,,Moyenne,0,Post-COVID,OUI
BGR,BG,Sofia,2023,o3,62.53180668473352,66.92,33.85760546067424,0.0,168.87,16605,2023-01-01 00:00:00+00:00,2023-12-31 22:00:00+00:00,1404116.0,42.6979,23.3217,Bulgaria,Europe & Central Asia,High income,86.0662621462475,2.52244655399312,6376.01642771185,1.68151074972904,0.0562513687039865,59.3827929255711,,29.1466898521923,5360.50343468088,2604.19104505407,,75.7073170731707,36.2196020633751,39.5,22.7029866666098,723825.0,5.87504657806484,15853.208636704,102199231384.542,73.7322671584613,6446596.0,95.6239624023438,62.4320967681537,108560.0,,0.1642586586772373,,25.22543322060292,Moyen-Élevé,Urbain,,Moyenne,0,Post-COVID,OUI
BGR,BG,Sofia,2023,pm10,17.630838688233993,13.7,13.975914015179203,0.0,159.37,9026,2023-01-01 00:00:00+00:00,2023-12-31 22:00:00+00:00,1404116.0,42.6979,23.3217,Bulgaria,Europe & Central Asia,High income,86.0662621462475,2.52244655399312,6376.01642771185,1.68151074972904,0.0562513687039865,59.3827929255711,,29.1466898521923,5360.50343468088,2604.19104505407,,75.7073170731707,36.2196020633751,39.5,22.7029866666098,723825.0,5.87504657806484,15853.208636704,102199231384.542,73.7322671584613,6446596.0,95.6239624023438,62.4320967681537,108560.0,,0.1642586586772373,,25.22543322060292,Moyen-Élevé,Urbain,,Moyenne,0,Post-COVID,OUI
BGR,BG,Varna,2020,no2,22.06702477113624,13.715,23.16115551080447,0.0,209.16,3714,2020-04-20 17:00:00+00:00,2020-12-31 20:00:00+00:00,350745.0,43.2114,27.9111,Bulgaria,Europe & Central Asia,High income,86.0351484540034,3.43599846300539,5494.59110418829,-3.13323303076419,-1.53644759703136,60.3417096536478,4.969,33.2041026647691,5304.93248351015,2664.55152991688,21.1,73.3560975609756,35.8603537214444,40.5,21.843324087593,443067.0,6.36747313147176,10760.211975413,70486877546.4901,73.3239898681641,6550696.0,101.354942321777,61.5163725088911,108560.0,4029.0,0.2476070108092651,1.5024480843786925,25.27932255059839,Moyen-Faible,Urbain,Mixte-Fossile,Petite,1,COVID,OUI
BGR,BG,Varna,2020,o3,43.0572123655914,41.95,26.839095410029564,0.0,112.79,3720,2020-04-20 17:00:00+00:00,2020-12-31 20:00:00+00:00,350745.0,43.2114,27.9111,Bulgaria,Europe & Central Asia,High income,86.0351484540034,3.43599846300539,5494.59110418829,-3.13323303076419,-1.53644759703136,60.3417096536478,4.969,33.2041026647691,5304.93248351015,2664.55152991688,21.1,73.3560975609756,35.8603537214444,40.5,21.843324087593,443067.0,6.36747313147176,10760.211975413,70486877546.4901,73.3239898681641,6550696.0,101.354942321777,61.5163725088911,108560.0,4029.0,0.2476070108092651,1.5024480843786925,25.27932255059839,Moyen-Faible,Urbain,Mixte-Fossile,Petite,1,COVID,OUI
BGR,BG,Varna,2020,pm10,24.83492179072276,18.96,25.593368148720312,0.36,298.84,3708,2020-04-20 17:00:00+00:00,2020-12-31 20:00:00+00:00,350745.0,43.2114,27.9111,Bulgaria,Europe & Central Asia,High income,86.0351484540034,3.43599846300539,5494.59110418829,-3.13323303076419,-1.53644759703136,60.3417096536478,4.969,33.2041026647691,5304.93248351015,2664.55152991688,21.1,73.3560975609756,35.8603537214444,40.5,21.843324087593,443067.0,6.36747313147176,10760.211975413,70486877546.4901,73.3239898681641,6550696.0,101.354942321777,61.5163725088911,108560.0,4029.0,0.2476070108092651,1.5024480843786925,25.27932255059839,Moyen-Faible,Urbain,Mixte-Fossile,Petite,1,COVID,OUI
BGR,BG,Varna,2021,no2,29.45623926562037,20.325,27.029469721924738,0.29,186.37,6754,2021-01-05 12:00:00+00:00,2021-12-31 19:00:00+00:00,350745.0,43.2114,27.9111,Bulgaria,Europe & Central Asia,High income,86.0455390086067,4.32894729732106,6008.67277601367,7.82817232822165,-0.633598562114185,59.9419767870302,5.212,35.9170030272452,5560.98450033278,2918.91641380678,20.4,71.2121951219512,35.9801031687546,39.0,20.7501971561216,41126.0,5.47006390850992,12966.1457543396,84374613233.36,73.346765618041,6507301.0,98.7087631225586,62.4283877983405,108560.0,4031.0,0.2251009180512937,1.6783646274413646,25.07914445344266,Moyen-Faible,Urbain,Mixte-Fossile,Petite,0,Post-COVID,OUI
BGR,BG,Varna,2021,o3,48.120592153960025,47.36,26.89582171798447,0.0,163.2,6755,2021-01-05 12:00:00+00:00,2021-12-31 19:00:00+00:00,350745.0,43.2114,27.9111,Bulgaria,Europe & Central Asia,High income,86.0455390086067,4.32894729732106,6008.67277601367,7.82817232822165,-0.633598562114185,59.9419767870302,5.212,35.9170030272452,5560.98450033278,2918.91641380678,20.4,71.2121951219512,35.9801031687546,39.0,20.7501971561216,41126.0,5.47006390850992,12966.1457543396,84374613233.36,73.346765618041,6507301.0,98.7087631225586,62.4283877983405,108560.0,4031.0,0.2251009180512937,1.6783646274413646,25.07914445344266,Moyen-Faible,Urbain,Mixte-Fossile,Petite,0,Post-COVID,OUI
BGR,BG,Varna,2021,pm10,25.313672333383483,21.41,18.674550534229297,0.36,187.2,6647,2021-01-05 12:00:00+00:00,2021-12-31 19:00:00+00:00,350745.0,43.2114,27.9111,Bulgaria,Europe & Central Asia,High income,86.0455390086067,4.32894729732106,6008.67277601367,7.82817232822165,-0.633598562114185,59.9419767870302,5.212,35.9170030272452,5560.98450033278,2918.91641380678,20.4,71.2121951219512,35.9801031687546,39.0,20.7501971561216,41126.0,5.47006390850992,12966.1457543396,84374613233.36,73.346765618041,6507301.0,98.7087631225586,62.4283877983405,108560.0,4031.0,0.2251009180512937,1.6783646274413646,25.07914445344266,Moyen-Faible,Urbain,Mixte-Fossile,Petite,0,Post-COVID,OUI
BGR,BG,Varna,2022,no2,1552.749567417697,1797.05,1459.5820141849315,0.04,5976.67,17709,2022-01-03 10:00:00+00:00,2022-12-31 22:00:00+00:00,350745.0,43.2114,27.9111,Bulgaria,Europe & Central Asia,High income,86.0559026317979,3.71136413583789,6290.64300870434,4.0838640915123,-0.469305922567666,59.5532148120855,5.443433862,43.1394681082794,5536.49852430675,2968.65663426552,,74.1609756097561,36.0998526160649,38.2,25.3037212349858,643765.0,4.97039545337531,13999.1949530956,90506153293.6733,73.4799164005224,6465097.0,96.6720733642578,59.8938030075942,108560.0,,0.2120439496886517,,29.01508537082369,Moyen-Faible,Urbain,,Petite,0,Post-COVID,OUI
BGR,BG,Varna,2022,o3,48.88713488975357,51.73,24.705422930404417,0.0,123.71,7710,2022-01-03 10:00:00+00:00,2022-12-31 22:00:00+00:00,350745.0,43.2114,27.9111,Bulgaria,Europe & Central Asia,High income,86.0559026317979,3.71136413583789,6290.64300870434,4.0838640915123,-0.469305922567666,59.5532148120855,5.443433862,43.1394681082794,5536.49852430675,2968.65663426552,,74.1609756097561,36.0998526160649,38.2,25.3037212349858,643765.0,4.97039545337531,13999.1949530956,90506153293.6733,73.4799164005224,6465097.0,96.6720733642578,59.8938030075942,108560.0,,0.2120439496886517,,29.01508537082369,Moyen-Faible,Urbain,,Petite,0,Post-COVID,OUI
BGR,BG,Varna,2022,pm10,29.37827241651328,27.145,18.504670534694025,0.36,177.11,7606,2022-01-03 10:00:00+00:00,2022-12-31 22:00:00+00:00,350745.0,43.2114,27.9111,Bulgaria,Europe & Central Asia,High income,86.0559026317979,3.71136413583789,6290.64300870434,4.0838640915123,-0.469305922567666,59.5532148120855,5.443433862,43.1394681082794,5536.49852430675,2968.65663426552,,74.1609756097561,36.0998526160649,38.2,25.3037212349858,643765.0,4.97039545337531,13999.1949530956,90506153293.6733,73.4799164005224,6465097.0,96.6720733642578,59.8938030075942,108560.0,,0.2120439496886517,,29.01508537082369,Moyen-Faible,Urbain,,Petite,0,Post-COVID,OUI
BGR,BG,Varna,2022,pm25,10.351288500295,6.76,11.375772037590716,0.61,157.78,10000,2022-09-16 06:51:00+00:00,2022-11-24 13:07:00+00:00,350745.0,43.2114,27.9111,Bulgaria,Europe & Central Asia,High income,86.0559026317979,3.71136413583789,6290.64300870434,4.0838640915123,-0.469305922567666,59.5532148120855,5.443433862,43.1394681082794,5536.49852430675,2968.65663426552,,74.1609756097561,36.0998526160649,38.2,25.3037212349858,643765.0,4.97039545337531,13999.1949530956,90506153293.6733,73.4799164005224,6465097.0,96.6720733642578,59.8938030075942,108560.0,,0.2120439496886517,,29.01508537082369,Moyen-Faible,Urbain,,Petite,0,Post-COVID,OUI
BGR,BG,Varna,2022,so2,0.384573,0.0,4.055874609693426,0.0,147.39,10000,2022-09-16 06:51:00+00:00,2022-11-24 13:08:00+00:00,350745.0,43.2114,27.9111,Bulgaria,Europe & Central Asia,High income,86.0559026317979,3.71136413583789,6290.64300870434,4.0838640915123,-0.469305922567666,59.5532148120855,5.443433862,43.1394681082794,5536.49852430675,2968.65663426552,,74.1609756097561,36.0998526160649,38.2,25.3037212349858,643765.0,4.97039545337531,13999.1949530956,90506153293.6733,73.4799164005224,6465097.0,96.6720733642578,59.8938030075942,108560.0,,0.2120439496886517,,29.01508537082369,Moyen-Faible,Urbain,,Petite,0,Post-COVID,OUI
BGR,BG,Varna,2023,co,112.501216,77.31,183.44337901406183,0.0,3473.31,10000,2023-05-07 23:58:00+00:00,2023-05-18 12:54:00+00:00,350745.0,43.2114,27.9111,Bulgaria,Europe & Central Asia,High income,86.0662621462475,2.52244655399312,6376.01642771185,1.68151074972904,0.0562513687039865,59.3827929255711,,29.1466898521923,5360.50343468088,2604.19104505407,,75.7073170731707,36.2196020633751,39.5,22.7029866666098,723825.0,5.87504657806484,15853.208636704,102199231384.542,73.7322671584613,6446596.0,95.6239624023438,62.4320967681537,108560.0,,0.1642586586772373,,25.22543322060292,Moyen-Élevé,Urbain,,Petite,0,Post-COVID,OUI
BGR,BG,Varna,2023,no2,2037.4078162312333,2615.41,1781.5635329263264,0.74,6603.07,16918,2023-01-01 00:00:00+00:00,2023-12-31 22:00:00+00:00,350745.0,43.2114,27.9111,Bulgaria,Europe & Central Asia,High income,86.0662621462475,2.52244655399312,6376.01642771185,1.68151074972904,0.0562513687039865,59.3827929255711,,29.1466898521923,5360.50343468088,2604.19104505407,,75.7073170731707,36.2196020633751,39.5,22.7029866666098,723825.0,5.87504657806484,15853.208636704,102199231384.542,73.7322671584613,6446596.0,95.6239624023438,62.4320967681537,108560.0,,0.1642586586772373,,25.22543322060292,Moyen-Élevé,Urbain,,Petite,0,Post-COVID,OUI
BGR,BG,Varna,2023,o3,50.25077813132774,49.545,28.72180820009233,0.0,185.17,6914,2023-01-01 00:00:00+00:00,2023-12-31 22:00:00+00:00,350745.0,43.2114,27.9111,Bulgaria,Europe & Central Asia,High income,86.0662621462475,2.52244655399312,6376.01642771185,1.68151074972904,0.0562513687039865,59.3827929255711,,29.1466898521923,5360.50343468088,2604.19104505407,,75.7073170731707,36.2196020633751,39.5,22.7029866666098,723825.0,5.87504657806484,15853.208636704,102199231384.542,73.7322671584613,6446596.0,95.6239624023438,62.4320967681537,108560.0,,0.1642586586772373,,25.22543322060292,Moyen-Élevé,Urbain,,Petite,0,Post-COVID,OUI
BGR,BG,Varna,2023,pm10,13.11322399143666,6.905,14.829186360985627,1.78,269.42,14130,2023-01-01 00:00:00+00:00,2023-08-30 05:00:00+00:00,350745.0,43.2114,27.9111,Bulgaria,Europe & Central Asia,High income,86.0662621462475,2.52244655399312,6376.01642771185,1.68151074972904,0.0562513687039865,59.3827929255711,,29.1466898521923,5360.50343468088,2604.19104505407,,75.7073170731707,36.2196020633751,39.5,22.7029866666098,723825.0,5.87504657806484,15853.208636704,102199231384.542,73.7322671584613,6446596.0,95.6239624023438,62.4320967681537,108560.0,,0.1642586586772373,,25.22543322060292,Moyen-Élevé,Urbain,,Petite,0,Post-COVID,OUI
BGR,BG,Varna,2023,pm25,19.8652584998,10.49,25.021366784860145,2.07,631.27,20000,2023-01-01 00:00:00+00:00,2023-05-15 01:04:00+00:00,350745.0,43.2114,27.9111,Bulgaria,Europe & Central Asia,High income,86.0662621462475,2.52244655399312,6376.01642771185,1.68151074972904,0.0562513687039865,59.3827929255711,,29.1466898521923,5360.50343468088,2604.19104505407,,75.7073170731707,36.2196020633751,39.5,22.7029866666098,723825.0,5.87504657806484,15853.208636704,102199231384.542,73.7322671584613,6446596.0,95.6239624023438,62.4320967681537,108560.0,,0.1642586586772373,,25.22543322060292,Moyen-Élevé,Urbain,,Petite,0,Post-COVID,OUI
BGR,BG,Varna,2023,so2,2.0030814998000004,0.0,11.437674336091671,0.0,301.38,10000,2023-01-01 00:00:00+00:00,2023-01-07 22:58:00+00:00,350745.0,43.2114,27.9111,Bulgaria,Europe & Central Asia,High income,86.0662621462475,2.52244655399312,6376.01642771185,1.68151074972904,0.0562513687039865,59.3827929255711,,29.1466898521923,5360.50343468088,2604.19104505407,,75.7073170731707,36.2196020633751,39.5,22.7029866666098,723825.0,5.87504657806484,15853.208636704,102199231384.542,73.7322671584613,6446596.0,95.6239624023438,62.4320967681537,108560.0,,0.1642586586772373,,25.22543322060292,Moyen-Élevé,Urbain,,Petite,0,Post-COVID,OUI
BHR,BH,Manama,2019,o3,0.0414777427749623,0.039,0.0276816185319441,0.0,0.276,7301,2019-02-03 14:00:00+00:00,2019-12-31 22:00:00+00:00,727000.0,26.2233,50.5875,Bahrain,"Middle East, North Africa, Afghanistan & Pakistan",High income,100.0,0.268674381904261,10544.8066444012,2.05287774418655,-1.294694377206,1902.25128205128,0.1551,0.0,21808.1679197927,10388.189018559,0.0,80.471,0.871794871794872,,40.6177669647554,6440562.0,2.49826299731142,27259.7438599327,40446808510.6383,100.0,1483756.0,102.128281941881,56.3995265649658,780.0,,0.3810677020382908,0.0,40.88644134665966,Moyen-Élevé,Très urbain,,Petite,0,Pre-COVID,OUI
BHR,BH,Manama,2019,pm25,48.8136195995785,41.0,41.778955609631495,11.0,986.0,7592,2019-01-01 00:00:00+00:00,2019-12-31 22:00:00+00:00,727000.0,26.2233,50.5875,Bahrain,"Middle East, North Africa, Afghanistan & Pakistan",High income,100.0,0.268674381904261,10544.8066444012,2.05287774418655,-1.294694377206,1902.25128205128,0.1551,0.0,21808.1679197927,10388.189018559,0.0,80.471,0.871794871794872,,40.6177669647554,6440562.0,2.49826299731142,27259.7438599327,40446808510.6383,100.0,1483756.0,102.128281941881,56.3995265649658,780.0,,0.3810677020382908,0.0,40.88644134665966,Moyen-Élevé,Très urbain,,Petite,0,Pre-COVID,OUI
BHR,BH,Manama,2020,o3,0.0185809789096697,0.013,0.0162813364047351,0.0,0.098,2513,2020-01-01 00:00:00+00:00,2020-12-02 15:00:00+00:00,727000.0,26.2233,50.5875,Bahrain,"Middle East, North Africa, Afghanistan & Pakistan",High income,100.0,0.303155113748103,10161.4000289832,-5.9113629524152,-0.781611308056252,1875.41910828025,0.1551,0.0,21437.2464685601,10832.91852134,0.0,78.683,0.89171974522293,,39.1001079781372,1451359.0,4.76718403547672,24342.8444554718,35837632978.7234,100.0,1472204.0,,57.8230716997095,785.0,,0.4449962100749896,0.0,39.40326309188531,Moyen-Élevé,Très urbain,,Petite,1,COVID,OUI
BHR,BH,Manama,2020,pm25,43.41337929273586,39.0,25.12224829262026,8.0,986.0,7833,2020-01-01 00:00:00+00:00,2020-12-31 22:00:00+00:00,727000.0,26.2233,50.5875,Bahrain,"Middle East, North Africa, Afghanistan & Pakistan",High income,100.0,0.303155113748103,10161.4000289832,-5.9113629524152,-0.781611308056252,1875.41910828025,0.1551,0.0,21437.2464685601,10832.91852134,0.0,78.683,0.89171974522293,,39.1001079781372,1451359.0,4.76718403547672,24342.8444554718,35837632978.7234,100.0,1472204.0,,57.8230716997095,785.0,,0.4449962100749896,0.0,39.40326309188531,Moyen-Élevé,Très urbain,,Petite,1,COVID,OUI
BHR,BH,Manama,2021,o3,0.0001155115511551,0.0,0.0003201670492659,0.0,0.001,303,2021-01-31 08:00:00+00:00,2021-03-08 06:00:00+00:00,727000.0,26.2233,50.5875,Bahrain,"Middle East, North Africa, Afghanistan & Pakistan",High income,100.0,0.268626041292218,10523.3546166285,4.35004091668986,2.16102845934147,1904.25949367089,0.1551,0.0,21913.5648595919,10666.0574068433,0.0,78.083,0.911392405063291,,44.2164324898801,1840268.0,2.97997644287397,27147.8083882286,40840212765.9574,100.0,1504365.0,,52.8740707167008,790.0,,0.3928738696121917,0.0,44.48505853117232,Moyen-Élevé,Très urbain,,Petite,0,Post-COVID,OUI
BHR,BH,Manama,2021,pm25,48.789038579301895,42.0,42.725445347774944,7.0,986.0,6532,2021-01-01 00:00:00+00:00,2021-12-31 22:00:00+00:00,727000.0,26.2233,50.5875,Bahrain,"Middle East, North Africa, Afghanistan & Pakistan",High income,100.0,0.268626041292218,10523.3546166285,4.35004091668986,2.16102845934147,1904.25949367089,0.1551,0.0,21913.5648595919,10666.0574068433,0.0,78.083,0.911392405063291,,44.2164324898801,1840268.0,2.97997644287397,27147.8083882286,40840212765.9574,100.0,1504365.0,,52.8740707167008,790.0,,0.3928738696121917,0.0,44.48505853117232,Moyen-Élevé,Très urbain,,Petite,0,Post-COVID,OUI
BHR,BH,Manama,2022,pm25,63.96303825540566,50.0,65.34147274559973,1.0,938.0,5411,2022-01-01 00:00:00+00:00,2022-09-29 05:00:00+00:00,727000.0,26.2233,50.5875,Bahrain,"Middle East, North Africa, Afghanistan & Pakistan",High income,100.0,0.246160469147506,11101.0537462456,6.18016125475185,1.34221960637543,1929.99113924051,0.1551,,22689.1577517572,10701.7927575092,,80.992,0.936708860759494,,46.3896273702963,4692392.0,3.02409739950066,30470.5219276023,46458191489.3617,100.0,1524693.0,103.393222951005,49.2411387955769,790.0,,0.351206375019132,,46.63578783944381,Moyen-Élevé,Très urbain,,Petite,0,Post-COVID,OUI
BHR,BH,Manama,2023,o3,0.0517024128686327,0.047,0.0346863678152634,0.0,0.192,1492,2023-05-26 21:00:00+00:00,2023-12-22 09:00:00+00:00,727000.0,26.2233,50.5875,Bahrain,"Middle East, North Africa, Afghanistan & Pakistan",High income,100.0,0.251492806718451,11233.4275205,3.87811614845566,3.37686417721007,1971.32375,,,0.0,,,81.284,0.95,,43.4381277604186,5734420.0,,29290.1284215098,46192260638.2979,100.0,1577059.0,104.392938701638,51.944952554339,800.0,,,,43.689620567137055,Moyen-Élevé,Très urbain,,Petite,0,Post-COVID,OUI
BHR,BH,Manama,2023,pm25,46.64905660377359,40.0,36.49866333811208,6.0,463.0,1325,2023-04-03 06:00:00+00:00,2023-12-22 09:00:00+00:00,727000.0,26.2233,50.5875,Bahrain,"Middle East, North Africa, Afghanistan & Pakistan",High income,100.0,0.251492806718451,11233.4275205,3.87811614845566,3.37686417721007,1971.32375,,,0.0,,,81.284,0.95,,43.4381277604186,5734420.0,,29290.1284215098,46192260638.2979,100.0,1577059.0,104.392938701638,51.944952554339,800.0,,,,43.689620567137055,Moyen-Élevé,Très urbain,,Petite,0,Post-COVID,OUI
BRA,BR,Sao Paulo,2021,co,0.6946222791293214,0.6,0.4834566420297618,0.0,4.6,7029,2021-01-13 00:00:00+00:00,2021-12-31 05:00:00+00:00,23086000.0,-23.5504,-46.6339,Brazil,Latin America & Caribbean ,Upper middle income,90.3198016289812,6.55876261207381,5567.04706394323,4.7626043797061,0.683749836538948,25.0714027283582,67.31,3.66646395644626,2723.96659104663,1430.3934661032,46.5,73.038,59.2704836243471,52.9,22.123475195366,61896523.0,16.5221022726407,7972.53696080695,1670647464062.96,87.1360781715439,209550294.0,106.651893615723,56.9133841883894,8358140.0,,0.1793925924133973,0.0771887148725528,28.68223780743981,Moyen-Faible,Très urbain,Mixte-Renouvelable,Mégapole,0,Post-COVID,OUI
BRA,BR,Sao Paulo,2021,o3,45.80373419582476,38.0,37.64682640293028,0.0,782.0,13604,2021-01-12 23:00:00+00:00,2021-12-31 22:00:00+00:00,23086000.0,-23.5504,-46.6339,Brazil,Latin America & Caribbean ,Upper middle income,90.3198016289812,6.55876261207381,5567.04706394323,4.7626043797061,0.683749836538948,25.0714027283582,67.31,3.66646395644626,2723.96659104663,1430.3934661032,46.5,73.038,59.2704836243471,52.9,22.123475195366,61896523.0,16.5221022726407,7972.53696080695,1670647464062.96,87.1360781715439,209550294.0,106.651893615723,56.9133841883894,8358140.0,,0.1793925924133973,0.0771887148725528,28.68223780743981,Moyen-Faible,Très urbain,Mixte-Renouvelable,Mégapole,0,Post-COVID,OUI
BRA,BR,Sao Paulo,2021,pm10,30.241127209889672,22.0,29.29881710889066,0.0,500.0,15046,2021-01-12 23:00:00+00:00,2021-12-31 22:00:00+00:00,23086000.0,-23.5504,-46.6339,Brazil,Latin America & Caribbean ,Upper middle income,90.3198016289812,6.55876261207381,5567.04706394323,4.7626043797061,0.683749836538948,25.0714027283582,67.31,3.66646395644626,2723.96659104663,1430.3934661032,46.5,73.038,59.2704836243471,52.9,22.123475195366,61896523.0,16.5221022726407,7972.53696080695,1670647464062.96,87.1360781715439,209550294.0,106.651893615723,56.9133841883894,8358140.0,,0.1793925924133973,0.0771887148725528,28.68223780743981,Moyen-Faible,Très urbain,Mixte-Renouvelable,Mégapole,0,Post-COVID,OUI
BRA,BR,Sao Paulo,2021,pm25,17.494922464663098,14.0,15.783625642347957,0.0,173.0,14574,2021-01-13 00:00:00+00:00,2021-12-31 22:00:00+00:00,23086000.0,-23.5504,-46.6339,Brazil,Latin America & Caribbean ,Upper middle income,90.3198016289812,6.55876261207381,5567.04706394323,4.7626043797061,0.683749836538948,25.0714027283582,67.31,3.66646395644626,2723.96659104663,1430.3934661032,46.5,73.038,59.2704836243471,52.9,22.123475195366,61896523.0,16.5221022726407,7972.53696080695,1670647464062.96,87.1360781715439,209550294.0,106.651893615723,56.9133841883894,8358140.0,,0.1793925924133973,0.0771887148725528,28.68223780743981,Moyen-Faible,Très urbain,Mixte-Renouvelable,Mégapole,0,Post-COVID,OUI
BRA,BR,Sao Paulo,2022,co,0.7920802820721454,0.7,0.6504010268994115,0.0,23.7,7374,2022-01-02 07:00:00+00:00,2022-12-31 22:00:00+00:00,23086000.0,-23.5504,-46.6339,Brazil,Latin America & Caribbean ,Upper middle income,91.0196550646128,5.76747490842218,5776.97949785827,3.01669435408112,0.604875020599164,25.161867951482,67.94,2.10121189126786,2787.76089640442,1432.72741132919,,74.872,59.1275092305226,52.0,22.8194568521446,84337817.0,15.3527387502565,9281.33282136864,1951923832083.87,87.349556243881,210306415.0,106.031188964844,58.0872310746862,8358140.0,,0.1543499289349916,,28.58693176056678,Moyen-Faible,Très urbain,,Mégapole,0,Post-COVID,OUI
BRA,BR,Sao Paulo,2022,o3,41.8916851218039,35.0,33.88216966875337,0.0,773.0,14901,2022-01-01 00:00:00+00:00,2022-12-31 22:00:00+00:00,23086000.0,-23.5504,-46.6339,Brazil,Latin America & Caribbean ,Upper middle income,91.0196550646128,5.76747490842218,5776.97949785827,3.01669435408112,0.604875020599164,25.161867951482,67.94,2.10121189126786,2787.76089640442,1432.72741132919,,74.872,59.1275092305226,52.0,22.8194568521446,84337817.0,15.3527387502565,9281.33282136864,1951923832083.87,87.349556243881,210306415.0,106.031188964844,58.0872310746862,8358140.0,,0.1543499289349916,,28.58693176056678,Moyen-Faible,Très urbain,,Mégapole,0,Post-COVID,OUI
BRA,BR,Sao Paulo,2022,pm10,29.572669879845225,22.0,26.88456245437988,0.0,450.0,14731,2022-01-01 00:00:00+00:00,2022-12-31 22:00:00+00:00,23086000.0,-23.5504,-46.6339,Brazil,Latin America & Caribbean ,Upper middle income,91.0196550646128,5.76747490842218,5776.97949785827,3.01669435408112,0.604875020599164,25.161867951482,67.94,2.10121189126786,2787.76089640442,1432.72741132919,,74.872,59.1275092305226,52.0,22.8194568521446,84337817.0,15.3527387502565,9281.33282136864,1951923832083.87,87.349556243881,210306415.0,106.031188964844,58.0872310746862,8358140.0,,0.1543499289349916,,28.58693176056678,Moyen-Faible,Très urbain,,Mégapole,0,Post-COVID,OUI
BRA,BR,Sao Paulo,2022,pm25,15.858019281332163,13.0,13.648492554475824,0.0,185.0,15974,2022-01-01 00:00:00+00:00,2022-12-31 22:00:00+00:00,23086000.0,-23.5504,-46.6339,Brazil,Latin America & Caribbean ,Upper middle income,91.0196550646128,5.76747490842218,5776.97949785827,3.01669435408112,0.604875020599164,25.161867951482,67.94,2.10121189126786,2787.76089640442,1432.72741132919,,74.872,59.1275092305226,52.0,22.8194568521446,84337817.0,15.3527387502565,9281.33282136864,1951923832083.87,87.349556243881,210306415.0,106.031188964844,58.0872310746862,8358140.0,,0.1543499289349916,,28.58693176056678,Moyen-Faible,Très urbain,,Mégapole,0,Post-COVID,OUI
BRA,BR,Sao Paulo,2023,co,0.643022136669875,0.6,0.3531947648234694,0.0,2.0,1039,2023-01-01 00:00:00+00:00,2023-04-05 19:00:00+00:00,23086000.0,-23.5504,-46.6339,Brazil,Latin America & Caribbean ,Upper middle income,91.7128476214348,6.02306023514157,5940.57280007083,3.24165532813583,0.700463125537351,25.2616884857157,,1.98997733169775,2916.48609397384,1481.22439922518,,75.848,58.9818729765235,51.6,22.1441739229749,95398485.0,15.1096105687426,10377.5897719195,2191131869706.02,87.6159710235763,211140729.0,,59.1789358564203,8358140.0,,0.1427192356357322,,28.16723415811647,Moyen-Faible,Très urbain,,Mégapole,0,Post-COVID,OUI
BRA,BR,Sao Paulo,2023,o3,42.21509433962264,33.0,35.73396833045722,0.0,197.0,1855,2023-01-01 00:00:00+00:00,2023-04-05 19:00:00+00:00,23086000.0,-23.5504,-46.6339,Brazil,Latin America & Caribbean ,Upper middle income,91.7128476214348,6.02306023514157,5940.57280007083,3.24165532813583,0.700463125537351,25.2616884857157,,1.98997733169775,2916.48609397384,1481.22439922518,,75.848,58.9818729765235,51.6,22.1441739229749,95398485.0,15.1096105687426,10377.5897719195,2191131869706.02,87.6159710235763,211140729.0,,59.1789358564203,8358140.0,,0.1427192356357322,,28.16723415811647,Moyen-Faible,Très urbain,,Mégapole,0,Post-COVID,OUI
BRA,BR,Sao Paulo,2023,pm10,23.248015873015877,20.0,16.77949226959964,0.0,183.0,2016,2023-01-01 00:00:00+00:00,2023-04-05 18:00:00+00:00,23086000.0,-23.5504,-46.6339,Brazil,Latin America & Caribbean ,Upper middle income,91.7128476214348,6.02306023514157,5940.57280007083,3.24165532813583,0.700463125537351,25.2616884857157,,1.98997733169775,2916.48609397384,1481.22439922518,,75.848,58.9818729765235,51.6,22.1441739229749,95398485.0,15.1096105687426,10377.5897719195,2191131869706.02,87.6159710235763,211140729.0,,59.1789358564203,8358140.0,,0.1427192356357322,,28.16723415811647,Moyen-Faible,Très urbain,,Mégapole,0,Post-COVID,OUI
BRA,BR,Sao Paulo,2023,pm25,13.82676056338028,12.0,11.444744921016532,0.0,227.0,2130,2023-01-01 00:00:00+00:00,2023-04-05 19:00:00+00:00,23086000.0,-23.5504,-46.6339,Brazil,Latin America & Caribbean ,Upper middle income,91.7128476214348,6.02306023514157,5940.57280007083,3.24165532813583,0.700463125537351,25.2616884857157,,1.98997733169775,2916.48609397384,1481.22439922518,,75.848,58.9818729765235,51.6,22.1441739229749,95398485.0,15.1096105687426,10377.5897719195,2191131869706.02,87.6159710235763,211140729.0,,59.1789358564203,8358140.0,,0.1427192356357322,,28.16723415811647,Moyen-Faible,Très urbain,,Mégapole,0,Post-COVID,OUI
CAN,CA,Montreal,2019,o3,0.0258776065276518,0.027,0.0116575118556375,0.0,0.066,7721,2019-01-01 00:00:00+00:00,2019-12-23 05:00:00+00:00,3675219.0,45.5089,-73.5617,Canada,North America,High income,98.7573247700797,1.69707935336103,26401.6707776648,1.90843194590616,1.68994141226541,4.19587500655283,36.253,7.33595880964786,15204.0638521025,8125.58121311618,22.4,82.1636585365854,38.6996371683291,31.7,24.0774078769413,93352000.0,5.14082564589782,46352.8693445211,1743725183672.52,81.7363672047941,37618495.0,110.980072021484,67.6711634824727,8965590.0,47987.47,0.1752945617705289,0.3135025132328145,25.77448723030233,Élevé,Urbain,Mixte-Fossile,Moyenne,0,Pre-COVID,OUI
CAN,CA,Montreal,2020,o3,0.0249613356766256,0.025,0.0115365133258188,0.0,0.067,5690,2020-01-06 17:00:00+00:00,2020-12-31 22:00:00+00:00,3675219.0,45.5089,-73.5617,Canada,North America,High income,98.6730086081464,1.83978931118122,24482.6770101172,-5.03823343468899,1.34660379355715,4.24162135453439,36.253,5.93046031047298,14763.7419988589,7495.07932297849,23.9,81.5351219512195,38.6955125094946,29.9,22.4516173195,27620000.0,5.04484081396009,43537.839298904,1655684730000.19,81.9509888710566,38028638.0,109.628059387207,69.5597799800588,8965590.0,48309.23088,0.1721469713862391,0.2381710968061438,24.29140663068122,Élevé,Urbain,Mixte-Fossile,Moyenne,1,COVID,OUI
CAN,CA,Montreal,2021,o3,0.0257055861526357,0.026,0.0118118988977203,0.0,0.074,6355,2021-01-01 00:00:00+00:00,2021-12-31 22:00:00+00:00,3675219.0,45.5089,-73.5617,Canada,North America,High income,98.5885671606396,1.59798786504057,25592.7354056271,5.95052802804381,0.830440218936475,4.351026204103,36.128,5.32187223366307,15003.7144483568,7524.86361233157,23.8,81.5168292682927,39.4701279256318,31.1,25.3317475177596,24951000.0,4.02245666941144,52886.6616372703,2022378748423.23,82.1779279079275,38239864.0,108.337341308594,66.3883076597889,8788700.0,48149.90622,0.1422801345225054,0.2145916223251238,26.929735382800168,Élevé,Urbain,Mixte-Fossile,Moyenne,0,Post-COVID,OUI
CAN,CA,Montreal,2021,pm25,6.821552821383114,5.3,4.461615442697887,0.7,31.8,2357,2021-09-17 11:00:00+00:00,2021-12-31 22:00:00+00:00,3675219.0,45.5089,-73.5617,Canada,North America,High income,98.5885671606396,1.59798786504057,25592.7354056271,5.95052802804381,0.830440218936475,4.351026204103,36.128,5.32187223366307,15003.7144483568,7524.86361233157,23.8,81.5168292682927,39.4701279256318,31.1,25.3317475177596,24951000.0,4.02245666941144,52886.6616372703,2022378748423.23,82.1779279079275,38239864.0,108.337341308594,66.3883076597889,8788700.0,48149.90622,0.1422801345225054,0.2145916223251238,26.929735382800168,Élevé,Urbain,Mixte-Fossile,Moyenne,0,Post-COVID,OUI
CAN,CA,Montreal,2022,o3,0.027693819879592,0.028,0.0115741330264231,0.0,0.067,8139,2022-01-01 00:00:00+00:00,2022-12-31 22:00:00+00:00,3675219.0,45.5089,-73.5617,Canada,North America,High income,98.5883597851291,,26412.7665733596,4.18903628100851,2.01318516880807,4.43022676846405,36.128,3.98601228707913,14907.0778679664,7578.02093601237,,81.2453658536585,39.4659199995449,,,66876000.0,4.00742205175393,56256.8007264015,2190411080134.32,82.3500897353968,38935934.0,107.479377746582,,8788700.0,,0.1347016918216649,,,Élevé,Urbain,,Moyenne,0,Post-COVID,OUI
CAN,CA,Montreal,2022,pm25,7.538378378378378,6.3,4.974561539790034,0.3,51.9,8140,2022-01-01 00:00:00+00:00,2022-12-31 22:00:00+00:00,3675219.0,45.5089,-73.5617,Canada,North America,High income,98.5883597851291,,26412.7665733596,4.18903628100851,2.01318516880807,4.43022676846405,36.128,3.98601228707913,14907.0778679664,7578.02093601237,,81.2453658536585,39.4659199995449,,,66876000.0,4.00742205175393,56256.8007264015,2190411080134.32,82.3500897353968,38935934.0,107.479377746582,,8788700.0,,0.1347016918216649,,,Élevé,Urbain,,Moyenne,0,Post-COVID,OUI
CAN,CA,Montreal,2023,o3,0.0268890627222301,0.026,0.0125985360578087,0.0,0.083,7031,2023-01-01 00:00:00+00:00,2023-12-31 22:00:00+00:00,3675219.0,45.5089,-73.5617,Canada,North America,High income,98.5881318805776,,26096.9384945739,1.52874550838358,3.116921043741,4.56079784268436,,3.72005143743622,14459.8957515769,7336.06703531427,,81.6465853658537,39.4617117321106,,,88618000.0,3.99982938442533,54220.3285039875,2173339670064.33,82.5250564408346,40083484.0,104.287643432617,,8788700.0,,0.1352985483337017,,,Élevé,Urbain,,Moyenne,0,Post-COVID,OUI
CAN,CA,Montreal,2023,pm25,10.090414264646734,7.3,14.045981573633195,0.4,312.1,7459,2023-01-01 00:00:00+00:00,2023-12-31 22:00:00+00:00,3675219.0,45.5089,-73.5617,Canada,North America,High income,98.5881318805776,,26096.9384945739,1.52874550838358,3.116921043741,4.56079784268436,,3.72005143743622,14459.8957515769,7336.06703531427,,81.6465853658537,39.4617117321106,,,88618000.0,3.99982938442533,54220.3285039875,2173339670064.33,82.5250564408346,40083484.0,104.287643432617,,8788700.0,,0.1352985483337017,,,Élevé,Urbain,,Moyenne,0,Post-COVID,OUI
CAN,CA,Toronto,2019,o3,0.0243701223438506,0.024,0.0118263140415929,0.0,0.076,7765,2019-01-01 00:00:00+00:00,2019-12-31 22:00:00+00:00,5647656.0,43.7417,-79.3733,Canada,North America,High income,98.7573247700797,1.69707935336103,26401.6707776648,1.90843194590616,1.68994141226541,4.19587500655283,36.253,7.33595880964786,15204.0638521025,8125.58121311618,22.4,82.1636585365854,38.6996371683291,31.7,24.0774078769413,93352000.0,5.14082564589782,46352.8693445211,1743725183672.52,81.7363672047941,37618495.0,110.980072021484,67.6711634824727,8965590.0,47987.47,0.1752945617705289,0.3135025132328145,25.77448723030233,Élevé,Urbain,Mixte-Fossile,Grande,0,Pre-COVID,OUI
CAN,CA,Toronto,2019,pm25,7.865285657738488,7.0,5.771027470934087,0.0,55.0,7579,2019-01-01 00:00:00+00:00,2019-12-31 22:00:00+00:00,5647656.0,43.7417,-79.3733,Canada,North America,High income,98.7573247700797,1.69707935336103,26401.6707776648,1.90843194590616,1.68994141226541,4.19587500655283,36.253,7.33595880964786,15204.0638521025,8125.58121311618,22.4,82.1636585365854,38.6996371683291,31.7,24.0774078769413,93352000.0,5.14082564589782,46352.8693445211,1743725183672.52,81.7363672047941,37618495.0,110.980072021484,67.6711634824727,8965590.0,47987.47,0.1752945617705289,0.3135025132328145,25.77448723030233,Élevé,Urbain,Mixte-Fossile,Grande,0,Pre-COVID,OUI
CAN,CA,Toronto,2020,o3,0.0239933751119068,0.024,0.0106089209608706,0.0,0.076,5585,2020-01-01 00:00:00+00:00,2020-12-31 22:00:00+00:00,5647656.0,43.7417,-79.3733,Canada,North America,High income,98.6730086081464,1.83978931118122,24482.6770101172,-5.03823343468899,1.34660379355715,4.24162135453439,36.253,5.93046031047298,14763.7419988589,7495.07932297849,23.9,81.5351219512195,38.6955125094946,29.9,22.4516173195,27620000.0,5.04484081396009,43537.839298904,1655684730000.19,81.9509888710566,38028638.0,109.628059387207,69.5597799800588,8965590.0,48309.23088,0.1721469713862391,0.2381710968061438,24.29140663068122,Élevé,Urbain,Mixte-Fossile,Grande,1,COVID,OUI
CAN,CA,Toronto,2020,pm25,7.582522489443731,6.0,5.501821821946532,0.0,49.0,5447,2020-01-01 00:00:00+00:00,2020-12-31 22:00:00+00:00,5647656.0,43.7417,-79.3733,Canada,North America,High income,98.6730086081464,1.83978931118122,24482.6770101172,-5.03823343468899,1.34660379355715,4.24162135453439,36.253,5.93046031047298,14763.7419988589,7495.07932297849,23.9,81.5351219512195,38.6955125094946,29.9,22.4516173195,27620000.0,5.04484081396009,43537.839298904,1655684730000.19,81.9509888710566,38028638.0,109.628059387207,69.5597799800588,8965590.0,48309.23088,0.1721469713862391,0.2381710968061438,24.29140663068122,Élevé,Urbain,Mixte-Fossile,Grande,1,COVID,OUI
CAN,CA,Toronto,2021,o3,0.0193051823416506,0.02,0.0075610942441296,0.001,0.038,521,2021-01-01 00:00:00+00:00,2021-01-28 15:00:00+00:00,5647656.0,43.7417,-79.3733,Canada,North America,High income,98.5885671606396,1.59798786504057,25592.7354056271,5.95052802804381,0.830440218936475,4.351026204103,36.128,5.32187223366307,15003.7144483568,7524.86361233157,23.8,81.5168292682927,39.4701279256318,31.1,25.3317475177596,24951000.0,4.02245666941144,52886.6616372703,2022378748423.23,82.1779279079275,38239864.0,108.337341308594,66.3883076597889,8788700.0,48149.90622,0.1422801345225054,0.2145916223251238,26.929735382800168,Élevé,Urbain,Mixte-Fossile,Grande,0,Post-COVID,OUI
CAN,CA,Toronto,2021,pm25,10.115248226950357,8.0,7.65874149274286,2.0,44.0,564,2021-01-01 00:00:00+00:00,2021-01-28 15:00:00+00:00,5647656.0,43.7417,-79.3733,Canada,North America,High income,98.5885671606396,1.59798786504057,25592.7354056271,5.95052802804381,0.830440218936475,4.351026204103,36.128,5.32187223366307,15003.7144483568,7524.86361233157,23.8,81.5168292682927,39.4701279256318,31.1,25.3317475177596,24951000.0,4.02245666941144,52886.6616372703,2022378748423.23,82.1779279079275,38239864.0,108.337341308594,66.3883076597889,8788700.0,48149.90622,0.1422801345225054,0.2145916223251238,26.929735382800168,Élevé,Urbain,Mixte-Fossile,Grande,0,Post-COVID,OUI
CAN,CA,Toronto,2022,o3,0.016,0.016,0.0,0.016,0.016,2,2022-10-04 17:00:00+00:00,2022-10-04 18:00:00+00:00,5647656.0,43.7417,-79.3733,Canada,North America,High income,98.5883597851291,,26412.7665733596,4.18903628100851,2.01318516880807,4.43022676846405,36.128,3.98601228707913,14907.0778679664,7578.02093601237,,81.2453658536585,39.4659199995449,,,66876000.0,4.00742205175393,56256.8007264015,2190411080134.32,82.3500897353968,38935934.0,107.479377746582,,8788700.0,,0.1347016918216649,,,Élevé,Urbain,,Grande,0,Post-COVID,OUI
CAN,CA,Toronto,2022,pm25,7.0,7.0,0.0,7.0,7.0,2,2022-10-04 17:00:00+00:00,2022-10-04 18:00:00+00:00,5647656.0,43.7417,-79.3733,Canada,North America,High income,98.5883597851291,,26412.7665733596,4.18903628100851,2.01318516880807,4.43022676846405,36.128,3.98601228707913,14907.0778679664,7578.02093601237,,81.2453658536585,39.4659199995449,,,66876000.0,4.00742205175393,56256.8007264015,2190411080134.32,82.3500897353968,38935934.0,107.479377746582,,8788700.0,,0.1347016918216649,,,Élevé,Urbain,,Grande,0,Post-COVID,OUI
CAN,CA,Toronto,2023,no2,0.0055,0.005,0.0019148542155126,0.004,0.008,4,2023-07-16 16:00:00+00:00,2023-07-17 16:00:00+00:00,5647656.0,43.7417,-79.3733,Canada,North America,High income,98.5881318805776,,26096.9384945739,1.52874550838358,3.116921043741,4.56079784268436,,3.72005143743622,14459.8957515769,7336.06703531427,,81.6465853658537,39.4617117321106,,,88618000.0,3.99982938442533,54220.3285039875,2173339670064.33,82.5250564408346,40083484.0,104.287643432617,,8788700.0,,0.1352985483337017,,,Élevé,Urbain,,Grande,0,Post-COVID,OUI
CAN,CA,Toronto,2023,o3,0.0262130949989957,0.025,0.0134483888087771,0.0,0.082,4979,2023-05-07 00:00:00+00:00,2023-12-31 22:00:00+00:00,5647656.0,43.7417,-79.3733,Canada,North America,High income,98.5881318805776,,26096.9384945739,1.52874550838358,3.116921043741,4.56079784268436,,3.72005143743622,14459.8957515769,7336.06703531427,,81.6465853658537,39.4617117321106,,,88618000.0,3.99982938442533,54220.3285039875,2173339670064.33,82.5250564408346,40083484.0,104.287643432617,,8788700.0,,0.1352985483337017,,,Élevé,Urbain,,Grande,0,Post-COVID,OUI
CAN,CA,Toronto,2023,pm25,9.601962922573607,7.0,8.882929414080623,1.0,165.0,5502,2023-05-07 00:00:00+00:00,2023-12-31 22:00:00+00:00,5647656.0,43.7417,-79.3733,Canada,North America,High income,98.5881318805776,,26096.9384945739,1.52874550838358,3.116921043741,4.56079784268436,,3.72005143743622,14459.8957515769,7336.06703531427,,81.6465853658537,39.4617117321106,,,88618000.0,3.99982938442533,54220.3285039875,2173339670064.33,82.5250564408346,40083484.0,104.287643432617,,8788700.0,,0.1352985483337017,,,Élevé,Urbain,,Grande,0,Post-COVID,OUI
CHE,CH,Zurich,2019,no2,33.88377217073605,31.76525,17.883677870309896,1.3895,126.0119,11222,2019-01-01 11:00:00+00:00,2019-12-31 22:00:00+00:00,448664.0,47.3744,8.5411,Switzerland,Europe & Central Asia,High income,99.8998728058584,0.647745526895984,44823.3900628243,1.14198218965691,2.5713770284745,217.042781721823,1.704,0.0,7353.92896791708,2857.15819180217,24.8,83.9048780487805,32.034468558678,34.0,24.7211591296094,30339654.0,5.66510172143975,84121.9310304414,721369112726.724,80.7792907322229,8575280.0,104.071113586426,71.8618845905274,39509.63,3647.245487,0.0339640827632153,0.0,25.368904656505386,Élevé,Urbain,Mixte-Fossile,Petite,0,Pre-COVID,OUI
CHE,CH,Zurich,2019,o3,39.15040388770812,33.56955,31.51431684987102,0.0033,162.2046,11292,2019-01-01 11:00:00+00:00,2019-12-31 22:00:00+00:00,448664.0,47.3744,8.5411,Switzerland,Europe & Central Asia,High income,99.8998728058584,0.647745526895984,44823.3900628243,1.14198218965691,2.5713770284745,217.042781721823,1.704,0.0,7353.92896791708,2857.15819180217,24.8,83.9048780487805,32.034468558678,34.0,24.7211591296094,30339654.0,5.66510172143975,84121.9310304414,721369112726.724,80.7792907322229,8575280.0,104.071113586426,71.8618845905274,39509.63,3647.245487,0.0339640827632153,0.0,25.368904656505386,Élevé,Urbain,Mixte-Fossile,Petite,0,Pre-COVID,OUI
CHE,CH,Zurich,2019,pm10,15.365334862953135,13.4426,8.341100439113257,3.6332,101.5171,11310,2019-01-01 11:00:00+00:00,2019-12-31 22:00:00+00:00,448664.0,47.3744,8.5411,Switzerland,Europe & Central Asia,High income,99.8998728058584,0.647745526895984,44823.3900628243,1.14198218965691,2.5713770284745,217.042781721823,1.704,0.0,7353.92896791708,2857.15819180217,24.8,83.9048780487805,32.034468558678,34.0,24.7211591296094,30339654.0,5.66510172143975,84121.9310304414,721369112726.724,80.7792907322229,8575280.0,104.071113586426,71.8618845905274,39509.63,3647.245487,0.0339640827632153,0.0,25.368904656505386,Élevé,Urbain,Mixte-Fossile,Petite,0,Pre-COVID,OUI
CHE,CH,Zurich,2020,no2,28.74368413389577,26.2294,16.0229202962324,2.1148,114.7741,14698,2020-01-01 00:00:00+00:00,2020-12-31 22:00:00+00:00,448664.0,47.3744,8.5411,Switzerland,Europe & Central Asia,High income,99.8998740977632,0.705477633321729,42999.2772892985,-2.14173712008038,2.64636277763181,218.63446962171,1.704,0.0,7154.99017326245,2690.39023280182,26.4,83.0,32.1215359394659,33.7,24.8279156756116,9009607.2,5.97906489881368,85897.7843338323,741999406005.627,82.3416838515457,8638167.0,104.211616516113,71.7504068814658,39509.63,3671.75128,0.0313204692437326,0.0,25.533393308933327,Élevé,Urbain,Mixte-Fossile,Petite,1,COVID,OUI
CHE,CH,Zurich,2020,o3,41.72779533892572,39.8215,30.366631100504133,0.2481,195.4745,14782,2020-01-01 00:00:00+00:00,2020-12-31 22:00:00+00:00,448664.0,47.3744,8.5411,Switzerland,Europe & Central Asia,High income,99.8998740977632,0.705477633321729,42999.2772892985,-2.14173712008038,2.64636277763181,218.63446962171,1.704,0.0,7154.99017326245,2690.39023280182,26.4,83.0,32.1215359394659,33.7,24.8279156756116,9009607.2,5.97906489881368,85897.7843338323,741999406005.627,82.3416838515457,8638167.0,104.211616516113,71.7504068814658,39509.63,3671.75128,0.0313204692437326,0.0,25.533393308933327,Élevé,Urbain,Mixte-Fossile,Petite,1,COVID,OUI
CHE,CH,Zurich,2020,pm10,14.59265122000676,12.6901,7.896567813178579,3.1809,81.3407,14795,2020-01-01 00:00:00+00:00,2020-12-31 22:00:00+00:00,448664.0,47.3744,8.5411,Switzerland,Europe & Central Asia,High income,99.8998740977632,0.705477633321729,42999.2772892985,-2.14173712008038,2.64636277763181,218.63446962171,1.704,0.0,7154.99017326245,2690.39023280182,26.4,83.0,32.1215359394659,33.7,24.8279156756116,9009607.2,5.97906489881368,85897.7843338323,741999406005.627,82.3416838515457,8638167.0,104.211616516113,71.7504068814658,39509.63,3671.75128,0.0313204692437326,0.0,25.533393308933327,Élevé,Urbain,Mixte-Fossile,Petite,1,COVID,OUI
CHE,CH,Zurich,2021,no2,28.998804128852917,26.4336,15.66558754330812,1.5231,109.3718,12231,2021-01-01 00:00:00+00:00,2021-12-31 22:00:00+00:00,448664.0,47.3744,8.5411,Switzerland,Europe & Central Asia,High income,99.8998704339259,0.627567424184859,43441.72877392,5.55962020605844,2.99801654408171,220.31454103721,1.704,0.0,7315.37290974165,2619.80556120156,27.7,83.7512195121951,32.2086033202538,33.8,25.6355937154031,10988881.272,7.22776625225253,93664.7736696111,815309330986.719,84.2006477608879,8704546.0,103.605186462402,70.9325395130386,39509.63,4122.25096,0.0279697210471185,0.0,26.26316113958796,Élevé,Urbain,Mixte-Fossile,Petite,0,Post-COVID,OUI
CHE,CH,Zurich,2021,o3,37.44852704911335,34.7076,27.08448618897829,0.0127,145.9643,12237,2021-01-01 00:00:00+00:00,2021-12-31 22:00:00+00:00,448664.0,47.3744,8.5411,Switzerland,Europe & Central Asia,High income,99.8998704339259,0.627567424184859,43441.72877392,5.55962020605844,2.99801654408171,220.31454103721,1.704,0.0,7315.37290974165,2619.80556120156,27.7,83.7512195121951,32.2086033202538,33.8,25.6355937154031,10988881.272,7.22776625225253,93664.7736696111,815309330986.719,84.2006477608879,8704546.0,103.605186462402,70.9325395130386,39509.63,4122.25096,0.0279697210471185,0.0,26.26316113958796,Élevé,Urbain,Mixte-Fossile,Petite,0,Post-COVID,OUI
CHE,CH,Zurich,2021,pm10,15.18430403587444,13.0029,10.364859871153511,2.9006,295.9129,12265,2021-01-01 00:00:00+00:00,2021-12-31 22:00:00+00:00,448664.0,47.3744,8.5411,Switzerland,Europe & Central Asia,High income,99.8998704339259,0.627567424184859,43441.72877392,5.55962020605844,2.99801654408171,220.31454103721,1.704,0.0,7315.37290974165,2619.80556120156,27.7,83.7512195121951,32.2086033202538,33.8,25.6355937154031,10988881.272,7.22776625225253,93664.7736696111,815309330986.719,84.2006477608879,8704546.0,103.605186462402,70.9325395130386,39509.63,4122.25096,0.0279697210471185,0.0,26.26316113958796,Élevé,Urbain,Mixte-Fossile,Petite,0,Post-COVID,OUI
CHE,CH,Zurich,2022,no2,32.01323019495958,30.3315,16.787298314844836,1.1866,103.5847,6309,2022-01-01 00:00:00+00:00,2022-12-31 22:00:00+00:00,448664.0,47.3744,8.5411,Switzerland,Europe & Central Asia,High income,99.8998753786739,0.616379798814859,44877.8583195445,3.04406102969423,1.68136719136955,222.150599739861,1.704,,7309.48578845284,2591.92141040481,,83.6048780487805,32.2956707010417,33.8,24.5433816560689,22773897.0,7.44429722361828,94394.5106803525,828508926958.393,84.9206266284521,8777088.0,103.392356872559,72.1713503788615,39509.63,,0.0274581004088396,,25.15976145488376,Élevé,Urbain,,Petite,0,Post-COVID,OUI
CHE,CH,Zurich,2022,o3,31.038160944625407,26.8212,24.26099293456804,0.0039,132.0451,6140,2022-01-01 00:00:00+00:00,2022-12-31 22:00:00+00:00,448664.0,47.3744,8.5411,Switzerland,Europe & Central Asia,High income,99.8998753786739,0.616379798814859,44877.8583195445,3.04406102969423,1.68136719136955,222.150599739861,1.704,,7309.48578845284,2591.92141040481,,83.6048780487805,32.2956707010417,33.8,24.5433816560689,22773897.0,7.44429722361828,94394.5106803525,828508926958.393,84.9206266284521,8777088.0,103.392356872559,72.1713503788615,39509.63,,0.0274581004088396,,25.15976145488376,Élevé,Urbain,,Petite,0,Post-COVID,OUI
CHE,CH,Zurich,2022,pm10,16.17264874980343,13.3988,9.976790859859166,2.7772,137.1507,6359,2022-01-01 00:00:00+00:00,2022-12-31 22:00:00+00:00,448664.0,47.3744,8.5411,Switzerland,Europe & Central Asia,High income,99.8998753786739,0.616379798814859,44877.8583195445,3.04406102969423,1.68136719136955,222.150599739861,1.704,,7309.48578845284,2591.92141040481,,83.6048780487805,32.2956707010417,33.8,24.5433816560689,22773897.0,7.44429722361828,94394.5106803525,828508926958.393,84.9206266284521,8777088.0,103.392356872559,72.1713503788615,39509.63,,0.0274581004088396,,25.15976145488376,Élevé,Urbain,,Petite,0,Post-COVID,OUI
CHE,CH,Zurich,2023,no2,24.401558479486983,21.8789,13.862398850937376,0.3651,94.8908,12943,2023-01-01 00:00:00+00:00,2023-12-31 22:00:00+00:00,448664.0,47.3744,8.5411,Switzerland,Europe & Central Asia,High income,99.8998744202541,0.624912461460987,45240.3378187605,0.683328174376044,1.57630897563029,224.978619136651,,,7096.32839987121,2511.37154209497,,84.0560975609756,32.3827380818297,,24.6708306418124,27725233.09,5.96261353330536,100623.549627296,894424821645.205,85.1854212679815,8888822.0,102.965591430664,72.163278047058,39509.63,,0.0249578413160293,,25.295743103273388,Élevé,Très urbain,,Petite,0,Post-COVID,OUI
CHE,CH,Zurich,2023,o3,50.77340930449665,50.6092,30.850401531794727,0.0067,159.1318,12854,2023-01-01 00:00:00+00:00,2023-12-31 22:00:00+00:00,448664.0,47.3744,8.5411,Switzerland,Europe & Central Asia,High income,99.8998744202541,0.624912461460987,45240.3378187605,0.683328174376044,1.57630897563029,224.978619136651,,,7096.32839987121,2511.37154209497,,84.0560975609756,32.3827380818297,,24.6708306418124,27725233.09,5.96261353330536,100623.549627296,894424821645.205,85.1854212679815,8888822.0,102.965591430664,72.163278047058,39509.63,,0.0249578413160293,,25.295743103273388,Élevé,Très urbain,,Petite,0,Post-COVID,OUI
CHE,CH,Zurich,2023,pm10,12.44962929648626,11.0514,6.950388741330563,1.9512,103.7819,13063,2023-01-01 00:00:00+00:00,2023-12-31 22:00:00+00:00,448664.0,47.3744,8.5411,Switzerland,Europe & Central Asia,High income,99.8998744202541,0.624912461460987,45240.3378187605,0.683328174376044,1.57630897563029,224.978619136651,,,7096.32839987121,2511.37154209497,,84.0560975609756,32.3827380818297,,24.6708306418124,27725233.09,5.96261353330536,100623.549627296,894424821645.205,85.1854212679815,8888822.0,102.965591430664,72.163278047058,39509.63,,0.0249578413160293,,25.295743103273388,Élevé,Très urbain,,Petite,0,Post-COVID,OUI
CHL,CL,Concepcion,2019,no2,10.30144485144485,7.89,10.252072044678188,0.18,230.73,7371,2019-01-02 21:00:00+00:00,2019-12-31 22:00:00+00:00,719944.0,-36.8282,-73.0514,Chile,Latin America & Caribbean ,High income,99.2440906332437,3.987812171379,8724.86091163759,0.634367533828438,1.78688760175712,25.84400416762,35.368,33.2718370822394,4218.62068793083,2154.35451877758,25.3,80.324,24.3497974857398,,27.1184422429165,21197759.0,4.22195416164053,14495.716721687,278285058719.466,88.1273685623538,19197744.0,104.405769348145,58.8831754600692,742831.64,2396.0,0.1486098238751315,1.2650888624425627,31.1062544142955,Moyen-Faible,Très urbain,Mixte-Fossile,Petite,0,Pre-COVID,OUI
CHL,CL,Concepcion,2019,pm10,30.938380023603948,21.0,42.6780375976762,0.0,858.54,16099,2019-01-02 21:00:00+00:00,2019-12-31 22:00:00+00:00,719944.0,-36.8282,-73.0514,Chile,Latin America & Caribbean ,High income,99.2440906332437,3.987812171379,8724.86091163759,0.634367533828438,1.78688760175712,25.84400416762,35.368,33.2718370822394,4218.62068793083,2154.35451877758,25.3,80.324,24.3497974857398,,27.1184422429165,21197759.0,4.22195416164053,14495.716721687,278285058719.466,88.1273685623538,19197744.0,104.405769348145,58.8831754600692,742831.64,2396.0,0.1486098238751315,1.2650888624425627,31.1062544142955,Moyen-Faible,Très urbain,Mixte-Fossile,Petite,0,Pre-COVID,OUI
CHL,CL,Concepcion,2019,pm25,15.36316989035358,10.0,42.29003558223924,0.0,1996.0,16234,2019-01-02 22:00:00+00:00,2019-12-31 22:00:00+00:00,719944.0,-36.8282,-73.0514,Chile,Latin America & Caribbean ,High income,99.2440906332437,3.987812171379,8724.86091163759,0.634367533828438,1.78688760175712,25.84400416762,35.368,33.2718370822394,4218.62068793083,2154.35451877758,25.3,80.324,24.3497974857398,,27.1184422429165,21197759.0,4.22195416164053,14495.716721687,278285058719.466,88.1273685623538,19197744.0,104.405769348145,58.8831754600692,742831.64,2396.0,0.1486098238751315,1.2650888624425627,31.1062544142955,Moyen-Faible,Très urbain,Mixte-Fossile,Petite,0,Pre-COVID,OUI
CHL,CL,Concepcion,2019,so2,6.5246043613707165,2.42,29.975813509551784,0.0,1211.65,8025,2019-01-02 20:00:00+00:00,2019-12-31 22:00:00+00:00,719944.0,-36.8282,-73.0514,Chile,Latin America & Caribbean ,High income,99.2440906332437,3.987812171379,8724.86091163759,0.634367533828438,1.78688760175712,25.84400416762,35.368,33.2718370822394,4218.62068793083,2154.35451877758,25.3,80.324,24.3497974857398,,27.1184422429165,21197759.0,4.22195416164053,14495.716721687,278285058719.466,88.1273685623538,19197744.0,104.405769348145,58.8831754600692,742831.64,2396.0,0.1486098238751315,1.2650888624425627,31.1062544142955,Moyen-Faible,Très urbain,Mixte-Fossile,Petite,0,Pre-COVID,OUI
CHL,CL,Concepcion,2020,no2,9.497152137785164,7.19,9.644398395006355,0.0,309.68,6619,2020-01-01 00:00:00+00:00,2020-12-31 22:00:00+00:00,719944.0,-36.8282,-73.0514,Chile,Latin America & Caribbean ,High income,99.3144814902357,4.04542684409947,8006.04299473289,-6.14347479224092,1.08691881982985,26.0767352343796,35.368,31.0383008107818,4166.72173286725,1946.16760616995,26.7,79.349,24.5152454733888,47.0,29.8295676046618,8019753.0,3.90627790411106,13114.815470545,254042159309.311,88.2953490438375,19370624.0,103.691688537598,56.3446145785556,742831.64,2396.0,0.1483832713673487,1.1205162747574655,33.87499444876127,Moyen-Faible,Très urbain,Mixte-Fossile,Petite,1,COVID,OUI
CHL,CL,Concepcion,2020,pm10,29.203608317942404,19.0,41.86640354317184,0.0,735.33,14619,2020-01-01 00:00:00+00:00,2020-12-31 22:00:00+00:00,719944.0,-36.8282,-73.0514,Chile,Latin America & Caribbean ,High income,99.3144814902357,4.04542684409947,8006.04299473289,-6.14347479224092,1.08691881982985,26.0767352343796,35.368,31.0383008107818,4166.72173286725,1946.16760616995,26.7,79.349,24.5152454733888,47.0,29.8295676046618,8019753.0,3.90627790411106,13114.815470545,254042159309.311,88.2953490438375,19370624.0,103.691688537598,56.3446145785556,742831.64,2396.0,0.1483832713673487,1.1205162747574655,33.87499444876127,Moyen-Faible,Très urbain,Mixte-Fossile,Petite,1,COVID,OUI
CHL,CL,Concepcion,2020,pm25,18.61111048965272,10.0,37.32257383014144,0.0,1164.0,19667,2020-01-01 00:00:00+00:00,2020-12-31 22:00:00+00:00,719944.0,-36.8282,-73.0514,Chile,Latin America & Caribbean ,High income,99.3144814902357,4.04542684409947,8006.04299473289,-6.14347479224092,1.08691881982985,26.0767352343796,35.368,31.0383008107818,4166.72173286725,1946.16760616995,26.7,79.349,24.5152454733888,47.0,29.8295676046618,8019753.0,3.90627790411106,13114.815470545,254042159309.311,88.2953490438375,19370624.0,103.691688537598,56.3446145785556,742831.64,2396.0,0.1483832713673487,1.1205162747574655,33.87499444876127,Moyen-Faible,Très urbain,Mixte-Fossile,Petite,1,COVID,OUI
CHL,CL,Concepcion,2020,so2,5.4330061009428725,2.03,23.67180990534237,0.0,986.86,7212,2020-01-01 00:00:00+00:00,2020-12-31 22:00:00+00:00,719944.0,-36.8282,-73.0514,Chile,Latin America & Caribbean ,High income,99.3144814902357,4.04542684409947,8006.04299473289,-6.14347479224092,1.08691881982985,26.0767352343796,35.368,31.0383008107818,4166.72173286725,1946.16760616995,26.7,79.349,24.5152454733888,47.0,29.8295676046618,8019753.0,3.90627790411106,13114.815470545,254042159309.311,88.2953490438375,19370624.0,103.691688537598,56.3446145785556,742831.64,2396.0,0.1483832713673487,1.1205162747574655,33.87499444876127,Moyen-Faible,Très urbain,Mixte-Fossile,Petite,1,COVID,OUI
CHL,CL,Concepcion,2021,no2,9.448129753914989,7.29,9.689759852969708,0.35,296.26,2235,2021-01-01 00:00:00+00:00,2021-08-20 20:00:00+00:00,719944.0,-36.8282,-73.0514,Chile,Latin America & Caribbean ,High income,100.0,3.50586436813615,9631.83702612252,11.3149204879049,0.634640418623304,26.192118041714,35.368,29.6132609239019,4306.7208858565,2032.98120427379,24.2,78.876,24.6807203850391,,30.860053303873,10302876.0,4.80015451384944,16206.8325493421,315325547162.072,88.4660511664452,19456334.0,106.673522949219,54.9981243742139,742831.64,2396.0,0.1254320217144834,1.175129401742139,34.36591767200915,Moyen-Élevé,Très urbain,Mixte-Fossile,Petite,0,Post-COVID,OUI
CHL,CL,Concepcion,2021,pm10,34.566472275334604,25.0,57.19003498339361,0.0,1985.0,6276,2021-01-01 00:00:00+00:00,2021-12-31 22:00:00+00:00,719944.0,-36.8282,-73.0514,Chile,Latin America & Caribbean ,High income,100.0,3.50586436813615,9631.83702612252,11.3149204879049,0.634640418623304,26.192118041714,35.368,29.6132609239019,4306.7208858565,2032.98120427379,24.2,78.876,24.6807203850391,,30.860053303873,10302876.0,4.80015451384944,16206.8325493421,315325547162.072,88.4660511664452,19456334.0,106.673522949219,54.9981243742139,742831.64,2396.0,0.1254320217144834,1.175129401742139,34.36591767200915,Moyen-Élevé,Très urbain,Mixte-Fossile,Petite,0,Post-COVID,OUI
CHL,CL,Concepcion,2021,pm25,17.965896868429788,11.0,30.888756511459704,0.0,598.23,9037,2021-01-01 00:00:00+00:00,2021-12-31 22:00:00+00:00,719944.0,-36.8282,-73.0514,Chile,Latin America & Caribbean ,High income,100.0,3.50586436813615,9631.83702612252,11.3149204879049,0.634640418623304,26.192118041714,35.368,29.6132609239019,4306.7208858565,2032.98120427379,24.2,78.876,24.6807203850391,,30.860053303873,10302876.0,4.80015451384944,16206.8325493421,315325547162.072,88.4660511664452,19456334.0,106.673522949219,54.9981243742139,742831.64,2396.0,0.1254320217144834,1.175129401742139,34.36591767200915,Moyen-Élevé,Très urbain,Mixte-Fossile,Petite,0,Post-COVID,OUI
CHL,CL,Concepcion,2021,so2,3.309149983590417,0.95,8.803089223377205,0.0,265.08,3047,2021-01-01 00:00:00+00:00,2021-12-31 22:00:00+00:00,719944.0,-36.8282,-73.0514,Chile,Latin America & Caribbean ,High income,100.0,3.50586436813615,9631.83702612252,11.3149204879049,0.634640418623304,26.192118041714,35.368,29.6132609239019,4306.7208858565,2032.98120427379,24.2,78.876,24.6807203850391,,30.860053303873,10302876.0,4.80015451384944,16206.8325493421,315325547162.072,88.4660511664452,19456334.0,106.673522949219,54.9981243742139,742831.64,2396.0,0.1254320217144834,1.175129401742139,34.36591767200915,Moyen-Élevé,Très urbain,Mixte-Fossile,Petite,0,Post-COVID,OUI
CHL,CL,Concepcion,2022,pm10,41.49870005199792,38.0,19.648786433519653,8.0,183.0,25001,2022-01-01 00:00:00+00:00,2022-12-31 22:00:00+00:00,719944.0,-36.8282,-73.0514,Chile,Latin America & Caribbean ,High income,99.9999982963226,3.23467925849162,9734.08036746651,2.15399356192458,0.691700903727084,26.3222982801325,35.368,23.639020424307,4422.43342670673,2124.6984823137,,79.176,24.8461772576085,43.0,31.0330474006021,23742201.0,4.99566024676167,15405.6165774073,301226575540.242,88.6395352768685,19553036.0,106.068328857422,55.3720887582081,742831.64,,0.1379081819579659,,34.26772665909372,Moyen-Élevé,Très urbain,,Petite,0,Post-COVID,OUI
CHL,CL,Concepcion,2022,pm25,27.02118118118118,22.0,17.66868703689881,8.0,165.0,24975,2022-01-01 00:00:00+00:00,2022-12-31 22:00:00+00:00,719944.0,-36.8282,-73.0514,Chile,Latin America & Caribbean ,High income,99.9999982963226,3.23467925849162,9734.08036746651,2.15399356192458,0.691700903727084,26.3222982801325,35.368,23.639020424307,4422.43342670673,2124.6984823137,,79.176,24.8461772576085,43.0,31.0330474006021,23742201.0,4.99566024676167,15405.6165774073,301226575540.242,88.6395352768685,19553036.0,106.068328857422,55.3720887582081,742831.64,,0.1379081819579659,,34.26772665909372,Moyen-Élevé,Très urbain,,Petite,0,Post-COVID,OUI
CHL,CL,Concepcion,2022,so2,13.73861461556772,11.94,7.018400154605478,7.5,144.88,8402,2022-01-01 00:00:00+00:00,2022-12-31 22:00:00+00:00,719944.0,-36.8282,-73.0514,Chile,Latin America & Caribbean ,High income,99.9999982963226,3.23467925849162,9734.08036746651,2.15399356192458,0.691700903727084,26.3222982801325,35.368,23.639020424307,4422.43342670673,2124.6984823137,,79.176,24.8461772576085,43.0,31.0330474006021,23742201.0,4.99566024676167,15405.6165774073,301226575540.242,88.6395352768685,19553036.0,106.068328857422,55.3720887582081,742831.64,,0.1379081819579659,,34.26772665909372,Moyen-Élevé,Très urbain,,Petite,0,Post-COVID,OUI
CHL,CL,Concepcion,2023,pm10,41.59013125911522,36.0,21.81509257865648,13.0,602.0,20570,2023-01-01 00:00:00+00:00,2023-12-31 22:00:00+00:00,719944.0,-36.8282,-73.0514,Chile,Latin America & Caribbean ,High income,100.0,3.49022733362425,9209.89703749578,0.521367977246825,0.738359460708063,26.4647249005172,,16.0555334130464,4322.99269005513,2039.34969353537,,81.167,25.0116461113584,,28.8030257311404,21323388.0,5.91094282804127,17067.0364799154,335518054097.637,88.8158617217972,19658835.0,105.83097076416,57.6027444991353,742831.64,,0.1194835560572623,,32.29325306476465,Moyen-Élevé,Très urbain,,Petite,0,Post-COVID,OUI
CHL,CL,Concepcion,2023,pm25,27.77576757045157,21.0,18.773332880154623,11.0,179.0,20617,2023-01-01 00:00:00+00:00,2023-12-31 22:00:00+00:00,719944.0,-36.8282,-73.0514,Chile,Latin America & Caribbean ,High income,100.0,3.49022733362425,9209.89703749578,0.521367977246825,0.738359460708063,26.4647249005172,,16.0555334130464,4322.99269005513,2039.34969353537,,81.167,25.0116461113584,,28.8030257311404,21323388.0,5.91094282804127,17067.0364799154,335518054097.637,88.8158617217972,19658835.0,105.83097076416,57.6027444991353,742831.64,,0.1194835560572623,,32.29325306476465,Moyen-Élevé,Très urbain,,Petite,0,Post-COVID,OUI
CHL,CL,Concepcion,2023,so2,13.433337435056057,11.96,5.592054897377016,9.83,111.75,7314,2023-01-01 00:00:00+00:00,2023-12-31 22:00:00+00:00,719944.0,-36.8282,-73.0514,Chile,Latin America & Caribbean ,High income,100.0,3.49022733362425,9209.89703749578,0.521367977246825,0.738359460708063,26.4647249005172,,16.0555334130464,4322.99269005513,2039.34969353537,,81.167,25.0116461113584,,28.8030257311404,21323388.0,5.91094282804127,17067.0364799154,335518054097.637,88.8158617217972,19658835.0,105.83097076416,57.6027444991353,742831.64,,0.1194835560572623,,32.29325306476465,Moyen-Élevé,Très urbain,,Petite,0,Post-COVID,OUI
CHL,CL,Santiago,2019,co,813.8107629747053,549.5,1178.611794960747,12.59,44281.3,14509,2019-01-02 22:00:00+00:00,2019-12-31 22:00:00+00:00,7171000.0,-33.4372,-70.6506,Chile,Latin America & Caribbean ,High income,99.2440906332437,3.987812171379,8724.86091163759,0.634367533828438,1.78688760175712,25.84400416762,35.368,33.2718370822394,4218.62068793083,2154.35451877758,25.3,80.324,24.3497974857398,,27.1184422429165,21197759.0,4.22195416164053,14495.716721687,278285058719.466,88.1273685623538,19197744.0,104.405769348145,58.8831754600692,742831.64,2396.0,0.1486098238751315,1.2650888624425627,31.1062544142955,Moyen-Faible,Très urbain,Mixte-Fossile,Grande,0,Pre-COVID,OUI
CHL,CL,Santiago,2019,no2,45.26200025343724,37.6,36.056282001545306,0.19,523.27,15783,2019-01-02 22:00:00+00:00,2019-12-31 22:00:00+00:00,7171000.0,-33.4372,-70.6506,Chile,Latin America & Caribbean ,High income,99.2440906332437,3.987812171379,8724.86091163759,0.634367533828438,1.78688760175712,25.84400416762,35.368,33.2718370822394,4218.62068793083,2154.35451877758,25.3,80.324,24.3497974857398,,27.1184422429165,21197759.0,4.22195416164053,14495.716721687,278285058719.466,88.1273685623538,19197744.0,104.405769348145,58.8831754600692,742831.64,2396.0,0.1486098238751315,1.2650888624425627,31.1062544142955,Moyen-Faible,Très urbain,Mixte-Fossile,Grande,0,Pre-COVID,OUI
CHL,CL,Santiago,2019,o3,37.46861568686716,24.34,38.66903204095284,0.49,685.75,6617,2019-01-02 22:00:00+00:00,2019-12-31 22:00:00+00:00,7171000.0,-33.4372,-70.6506,Chile,Latin America & Caribbean ,High income,99.2440906332437,3.987812171379,8724.86091163759,0.634367533828438,1.78688760175712,25.84400416762,35.368,33.2718370822394,4218.62068793083,2154.35451877758,25.3,80.324,24.3497974857398,,27.1184422429165,21197759.0,4.22195416164053,14495.716721687,278285058719.466,88.1273685623538,19197744.0,104.405769348145,58.8831754600692,742831.64,2396.0,0.1486098238751315,1.2650888624425627,31.1062544142955,Moyen-Faible,Très urbain,Mixte-Fossile,Grande,0,Pre-COVID,OUI
CHL,CL,Santiago,2019,pm10,74.38528234771009,62.0,50.902626750496665,0.0,659.0,6747,2019-01-02 21:00:00+00:00,2019-12-31 22:00:00+00:00,7171000.0,-33.4372,-70.6506,Chile,Latin America & Caribbean ,High income,99.2440906332437,3.987812171379,8724.86091163759,0.634367533828438,1.78688760175712,25.84400416762,35.368,33.2718370822394,4218.62068793083,2154.35451877758,25.3,80.324,24.3497974857398,,27.1184422429165,21197759.0,4.22195416164053,14495.716721687,278285058719.466,88.1273685623538,19197744.0,104.405769348145,58.8831754600692,742831.64,2396.0,0.1486098238751315,1.2650888624425627,31.1062544142955,Moyen-Faible,Très urbain,Mixte-Fossile,Grande,0,Pre-COVID,OUI
CHL,CL,Santiago,2020,co,824.4528307494577,625.54,1524.004261340732,0.0,40065.1,12449,2020-01-01 00:00:00+00:00,2020-12-31 22:00:00+00:00,7171000.0,-33.4372,-70.6506,Chile,Latin America & Caribbean ,High income,99.3144814902357,4.04542684409947,8006.04299473289,-6.14347479224092,1.08691881982985,26.0767352343796,35.368,31.0383008107818,4166.72173286725,1946.16760616995,26.7,79.349,24.5152454733888,47.0,29.8295676046618,8019753.0,3.90627790411106,13114.815470545,254042159309.311,88.2953490438375,19370624.0,103.691688537598,56.3446145785556,742831.64,2396.0,0.1483832713673487,1.1205162747574655,33.87499444876127,Moyen-Faible,Très urbain,Mixte-Fossile,Grande,1,COVID,OUI
CHL,CL,Santiago,2020,no2,30.28982469618662,24.28,22.861457179733943,0.0,182.52,14318,2020-01-01 00:00:00+00:00,2020-12-31 22:00:00+00:00,7171000.0,-33.4372,-70.6506,Chile,Latin America & Caribbean ,High income,99.3144814902357,4.04542684409947,8006.04299473289,-6.14347479224092,1.08691881982985,26.0767352343796,35.368,31.0383008107818,4166.72173286725,1946.16760616995,26.7,79.349,24.5152454733888,47.0,29.8295676046618,8019753.0,3.90627790411106,13114.815470545,254042159309.311,88.2953490438375,19370624.0,103.691688537598,56.3446145785556,742831.64,2396.0,0.1483832713673487,1.1205162747574655,33.87499444876127,Moyen-Faible,Très urbain,Mixte-Fossile,Grande,1,COVID,OUI
CHL,CL,Santiago,2020,o3,46.72975606171932,37.7,38.18518152034608,0.0,559.99,6805,2020-01-01 00:00:00+00:00,2020-12-31 22:00:00+00:00,7171000.0,-33.4372,-70.6506,Chile,Latin America & Caribbean ,High income,99.3144814902357,4.04542684409947,8006.04299473289,-6.14347479224092,1.08691881982985,26.0767352343796,35.368,31.0383008107818,4166.72173286725,1946.16760616995,26.7,79.349,24.5152454733888,47.0,29.8295676046618,8019753.0,3.90627790411106,13114.815470545,254042159309.311,88.2953490438375,19370624.0,103.691688537598,56.3446145785556,742831.64,2396.0,0.1483832713673487,1.1205162747574655,33.87499444876127,Moyen-Faible,Très urbain,Mixte-Fossile,Grande,1,COVID,OUI
CHL,CL,Santiago,2020,pm10,67.12335706462213,61.0,37.54341291972257,0.0,819.0,7304,2020-01-01 00:00:00+00:00,2020-12-31 22:00:00+00:00,7171000.0,-33.4372,-70.6506,Chile,Latin America & Caribbean ,High income,99.3144814902357,4.04542684409947,8006.04299473289,-6.14347479224092,1.08691881982985,26.0767352343796,35.368,31.0383008107818,4166.72173286725,1946.16760616995,26.7,79.349,24.5152454733888,47.0,29.8295676046618,8019753.0,3.90627790411106,13114.815470545,254042159309.311,88.2953490438375,19370624.0,103.691688537598,56.3446145785556,742831.64,2396.0,0.1483832713673487,1.1205162747574655,33.87499444876127,Moyen-Faible,Très urbain,Mixte-Fossile,Grande,1,COVID,OUI
CHL,CL,Santiago,2021,co,805.2262603186791,635.37,839.5104354464072,0.0,12766.5,5209,2021-01-01 00:00:00+00:00,2021-08-20 20:00:00+00:00,7171000.0,-33.4372,-70.6506,Chile,Latin America & Caribbean ,High income,100.0,3.50586436813615,9631.83702612252,11.3149204879049,0.634640418623304,26.192118041714,35.368,29.6132609239019,4306.7208858565,2032.98120427379,24.2,78.876,24.6807203850391,,30.860053303873,10302876.0,4.80015451384944,16206.8325493421,315325547162.072,88.4660511664452,19456334.0,106.673522949219,54.9981243742139,742831.64,2396.0,0.1254320217144834,1.175129401742139,34.36591767200915,Moyen-Élevé,Très urbain,Mixte-Fossile,Grande,0,Post-COVID,OUI
CHL,CL,Santiago,2021,no2,34.14339619252873,23.03,31.370857950035173,1.25,400.91,5568,2021-01-01 00:00:00+00:00,2021-08-20 20:00:00+00:00,7171000.0,-33.4372,-70.6506,Chile,Latin America & Caribbean ,High income,100.0,3.50586436813615,9631.83702612252,11.3149204879049,0.634640418623304,26.192118041714,35.368,29.6132609239019,4306.7208858565,2032.98120427379,24.2,78.876,24.6807203850391,,30.860053303873,10302876.0,4.80015451384944,16206.8325493421,315325547162.072,88.4660511664452,19456334.0,106.673522949219,54.9981243742139,742831.64,2396.0,0.1254320217144834,1.175129401742139,34.36591767200915,Moyen-Élevé,Très urbain,Mixte-Fossile,Grande,0,Post-COVID,OUI
CHL,CL,Santiago,2021,o3,35.541122668579625,24.66,32.96389292775196,0.0,146.42,2788,2021-01-01 00:00:00+00:00,2021-08-20 20:00:00+00:00,7171000.0,-33.4372,-70.6506,Chile,Latin America & Caribbean ,High income,100.0,3.50586436813615,9631.83702612252,11.3149204879049,0.634640418623304,26.192118041714,35.368,29.6132609239019,4306.7208858565,2032.98120427379,24.2,78.876,24.6807203850391,,30.860053303873,10302876.0,4.80015451384944,16206.8325493421,315325547162.072,88.4660511664452,19456334.0,106.673522949219,54.9981243742139,742831.64,2396.0,0.1254320217144834,1.175129401742139,34.36591767200915,Moyen-Élevé,Très urbain,Mixte-Fossile,Grande,0,Post-COVID,OUI
CHL,CL,Santiago,2021,pm10,62.73457199734572,55.0,35.78615756427839,0.0,253.0,3014,2021-01-01 00:00:00+00:00,2021-12-31 22:00:00+00:00,7171000.0,-33.4372,-70.6506,Chile,Latin America & Caribbean ,High income,100.0,3.50586436813615,9631.83702612252,11.3149204879049,0.634640418623304,26.192118041714,35.368,29.6132609239019,4306.7208858565,2032.98120427379,24.2,78.876,24.6807203850391,,30.860053303873,10302876.0,4.80015451384944,16206.8325493421,315325547162.072,88.4660511664452,19456334.0,106.673522949219,54.9981243742139,742831.64,2396.0,0.1254320217144834,1.175129401742139,34.36591767200915,Moyen-Élevé,Très urbain,Mixte-Fossile,Grande,0,Post-COVID,OUI
CHL,CL,Santiago,2022,pm10,78.52900699964408,71.0,30.396353722506024,12.0,242.0,8429,2022-01-01 00:00:00+00:00,2022-12-31 22:00:00+00:00,7171000.0,-33.4372,-70.6506,Chile,Latin America & Caribbean ,High income,99.9999982963226,3.23467925849162,9734.08036746651,2.15399356192458,0.691700903727084,26.3222982801325,35.368,23.639020424307,4422.43342670673,2124.6984823137,,79.176,24.8461772576085,43.0,31.0330474006021,23742201.0,4.99566024676167,15405.6165774073,301226575540.242,88.6395352768685,19553036.0,106.068328857422,55.3720887582081,742831.64,,0.1379081819579659,,34.26772665909372,Moyen-Élevé,Très urbain,,Grande,0,Post-COVID,OUI
CHL,CL,Santiago,2023,pm10,86.26932425862907,77.0,36.095224283258,20.0,215.0,6171,2023-01-01 00:00:00+00:00,2023-12-31 22:00:00+00:00,7171000.0,-33.4372,-70.6506,Chile,Latin America & Caribbean ,High income,100.0,3.49022733362425,9209.89703749578,0.521367977246825,0.738359460708063,26.4647249005172,,16.0555334130464,4322.99269005513,2039.34969353537,,81.167,25.0116461113584,,28.8030257311404,21323388.0,5.91094282804127,17067.0364799154,335518054097.637,88.8158617217972,19658835.0,105.83097076416,57.6027444991353,742831.64,,0.1194835560572623,,32.29325306476465,Moyen-Élevé,Très urbain,,Grande,0,Post-COVID,OUI
CHN,CN,Guangzhou,2019,o3,126.32445426195426,123.0,62.96918069739221,4.0,296.0,7696,2019-01-01 00:00:00+00:00,2019-12-31 22:00:00+00:00,26940000.0,23.13,113.26,China,East Asia & Pacific,Upper middle income,91.2881339239822,7.00621575788341,4173.65995460491,6.06850235053705,2.30265796342305,149.948179684945,591.67,64.9686795132476,5082.38779040238,2397.96868908473,14.3,77.94,23.2311590814436,38.2,37.7642333162735,659629070.0,4.43746316383222,10342.9009524335,14560167101283.4,62.7099151611328,1407745000.0,,55.2295599322538,9388210.0,102462.0,0.2318244055228105,4.246318922434483,44.77044907415691,Moyen-Faible,Semi-urbain,Mixte-Fossile,Mégapole,0,Pre-COVID,OUI
CHN,CN,Guangzhou,2019,pm25,35.11760179924242,27.0,73.72449025370118,0.0,985.0,16896,2019-01-01 00:00:00+00:00,2019-12-31 22:00:00+00:00,26940000.0,23.13,113.26,China,East Asia & Pacific,Upper middle income,91.2881339239822,7.00621575788341,4173.65995460491,6.06850235053705,2.30265796342305,149.948179684945,591.67,64.9686795132476,5082.38779040238,2397.96868908473,14.3,77.94,23.2311590814436,38.2,37.7642333162735,659629070.0,4.43746316383222,10342.9009524335,14560167101283.4,62.7099151611328,1407745000.0,,55.2295599322538,9388210.0,102462.0,0.2318244055228105,4.246318922434483,44.77044907415691,Moyen-Faible,Semi-urbain,Mixte-Fossile,Mégapole,0,Pre-COVID,OUI
CHN,CN,Guangzhou,2019,so2,7.197665267576076,6.0,2.548985348616076,3.0,30.0,7624,2019-01-01 00:00:00+00:00,2019-12-31 22:00:00+00:00,26940000.0,23.13,113.26,China,East Asia & Pacific,Upper middle income,91.2881339239822,7.00621575788341,4173.65995460491,6.06850235053705,2.30265796342305,149.948179684945,591.67,64.9686795132476,5082.38779040238,2397.96868908473,14.3,77.94,23.2311590814436,38.2,37.7642333162735,659629070.0,4.43746316383222,10342.9009524335,14560167101283.4,62.7099151611328,1407745000.0,,55.2295599322538,9388210.0,102462.0,0.2318244055228105,4.246318922434483,44.77044907415691,Moyen-Faible,Semi-urbain,Mixte-Fossile,Mégapole,0,Pre-COVID,OUI
CHN,CN,Guangzhou,2020,o3,116.9121108257352,114.0,52.276671185877255,0.001,297.0,7787,2020-01-01 00:00:00+00:00,2020-12-31 22:00:00+00:00,26940000.0,23.13,113.26,China,East Asia & Pacific,Upper middle income,92.8514975328901,7.54018198521241,4050.83369006802,2.34018843078414,1.52695413125789,150.305542803154,568.48,63.4550187592194,5261.94103890582,2465.96954605987,14.9,78.019,23.4313037309562,37.1,36.9115624066306,417255845.0,4.16389640609799,10627.4637989619,14996414166715.1,63.5234230266258,1411100000.0,,55.5482556415912,9388210.0,106235.0,0.2320156132347861,3.9908816829697735,44.45174439184301,Moyen-Faible,Semi-urbain,Mixte-Fossile,Mégapole,1,COVID,OUI
CHN,CN,Guangzhou,2020,pm25,27.03077972266424,19.0,66.9225766871179,0.0,985.0,21995,2020-01-01 00:00:00+00:00,2020-12-31 22:00:00+00:00,26940000.0,23.13,113.26,China,East Asia & Pacific,Upper middle income,92.8514975328901,7.54018198521241,4050.83369006802,2.34018843078414,1.52695413125789,150.305542803154,568.48,63.4550187592194,5261.94103890582,2465.96954605987,14.9,78.019,23.4313037309562,37.1,36.9115624066306,417255845.0,4.16389640609799,10627.4637989619,14996414166715.1,63.5234230266258,1411100000.0,,55.5482556415912,9388210.0,106235.0,0.2320156132347861,3.9908816829697735,44.45174439184301,Moyen-Faible,Semi-urbain,Mixte-Fossile,Mégapole,1,COVID,OUI
CHN,CN,Guangzhou,2020,so2,7.310394171978666,7.0,2.0584548743270403,1.0,19.0,7687,2020-01-01 00:00:00+00:00,2020-12-31 22:00:00+00:00,26940000.0,23.13,113.26,China,East Asia & Pacific,Upper middle income,92.8514975328901,7.54018198521241,4050.83369006802,2.34018843078414,1.52695413125789,150.305542803154,568.48,63.4550187592194,5261.94103890582,2465.96954605987,14.9,78.019,23.4313037309562,37.1,36.9115624066306,417255845.0,4.16389640609799,10627.4637989619,14996414166715.1,63.5234230266258,1411100000.0,,55.5482556415912,9388210.0,106235.0,0.2320156132347861,3.9908816829697735,44.45174439184301,Moyen-Faible,Semi-urbain,Mixte-Fossile,Mégapole,1,COVID,OUI
CHN,CN,Guangzhou,2021,o3,128.25133389497333,126.0,52.85964576695408,6.0,331.0,3561,2021-01-01 00:00:00+00:00,2021-08-09 10:00:00+00:00,26940000.0,23.13,113.26,China,East Asia & Pacific,Upper middle income,94.3857583646751,7.08935251618004,4578.9428350316,8.57008513166322,1.95707313202645,150.439753691066,568.48,63.0009520818053,5847.80226004701,2623.79959356116,15.2,78.117,23.6315548970464,35.7,38.0924722040717,440301216.0,3.78659226465804,12887.4357242941,18201698719564.0,64.721076965332,1412360000.0,,54.8181795722183,9388210.0,109767.0,0.2035778157791034,3.888947659370698,45.18182472025174,Moyen-Faible,Semi-urbain,Mixte-Fossile,Mégapole,0,Post-COVID,OUI
CHN,CN,Guangzhou,2021,pm25,27.248893609488405,22.0,31.15899387180705,0.0,985.0,11298,2021-01-01 00:00:00+00:00,2021-08-09 10:00:00+00:00,26940000.0,23.13,113.26,China,East Asia & Pacific,Upper middle income,94.3857583646751,7.08935251618004,4578.9428350316,8.57008513166322,1.95707313202645,150.439753691066,568.48,63.0009520818053,5847.80226004701,2623.79959356116,15.2,78.117,23.6315548970464,35.7,38.0924722040717,440301216.0,3.78659226465804,12887.4357242941,18201698719564.0,64.721076965332,1412360000.0,,54.8181795722183,9388210.0,109767.0,0.2035778157791034,3.888947659370698,45.18182472025174,Moyen-Faible,Semi-urbain,Mixte-Fossile,Mégapole,0,Post-COVID,OUI
CHN,CN,Guangzhou,2021,so2,6.571307300509337,6.0,2.476697544615414,1.0,23.0,3534,2021-01-01 00:00:00+00:00,2021-08-09 10:00:00+00:00,26940000.0,23.13,113.26,China,East Asia & Pacific,Upper middle income,94.3857583646751,7.08935251618004,4578.9428350316,8.57008513166322,1.95707313202645,150.439753691066,568.48,63.0009520818053,5847.80226004701,2623.79959356116,15.2,78.117,23.6315548970464,35.7,38.0924722040717,440301216.0,3.78659226465804,12887.4357242941,18201698719564.0,64.721076965332,1412360000.0,,54.8181795722183,9388210.0,109767.0,0.2035778157791034,3.888947659370698,45.18182472025174,Moyen-Faible,Semi-urbain,Mixte-Fossile,Mégapole,0,Post-COVID,OUI
CHN,CN,Guangzhou,2022,pm25,25.74168495694749,13.0,93.12014396458764,0.0,985.0,11846,2022-03-29 02:00:00+00:00,2022-12-31 22:00:00+00:00,26940000.0,23.13,113.26,China,East Asia & Pacific,Upper middle income,95.8923648413213,7.14788692830171,4647.9634911987,3.1341888719577,0.751201671519741,150.42004812419,568.48,61.7186608827991,6112.13553560996,2676.48200976111,,78.202,23.8316995465589,36.0,37.8945266620066,250754113.0,3.42196644419848,12970.6056414327,18316765021690.2,65.2176361083984,1412175000.0,,54.9575804271762,9388210.0,,0.2063339021972838,,45.04241359030831,Moyen-Faible,Semi-urbain,,Mégapole,0,Post-COVID,OUI
CHN,CN,Guangzhou,2023,o3,0.0314694218824653,0.024,0.0264776842356973,0.0,0.178,4186,2023-04-09 20:00:00+00:00,2023-12-21 22:00:00+00:00,26940000.0,23.13,113.26,China,East Asia & Pacific,Upper middle income,97.2411682339468,6.88951941080068,5101.98971459392,5.41484330099675,0.374239259681571,150.264001337848,,61.3408061134072,6523.71926193193,2850.94152906511,,77.953,24.0319389958256,,36.7725030223561,619215886.0,3.42898799062376,12951.1782397043,18270356654533.2,65.5301448035523,1410710000.0,,56.3379775668432,9388210.0,,0.220112901189522,,43.66202243315678,Moyen-Faible,Semi-urbain,,Mégapole,0,Post-COVID,OUI
CHN,CN,Guangzhou,2023,pm25,25.546638287216727,24.0,14.749682713537087,0.0,200.0,7987,2023-01-01 00:00:00+00:00,2023-12-31 22:00:00+00:00,26940000.0,23.13,113.26,China,East Asia & Pacific,Upper middle income,97.2411682339468,6.88951941080068,5101.98971459392,5.41484330099675,0.374239259681571,150.264001337848,,61.3408061134072,6523.71926193193,2850.94152906511,,77.953,24.0319389958256,,36.7725030223561,619215886.0,3.42898799062376,12951.1782397043,18270356654533.2,65.5301448035523,1410710000.0,,56.3379775668432,9388210.0,,0.220112901189522,,43.66202243315678,Moyen-Faible,Semi-urbain,,Mégapole,0,Post-COVID,OUI
CHN,CN,Shanghai,2019,co,688.1838654126375,600.0,282.52542334749234,0.0,2600.0,7549,2019-01-01 00:00:00+00:00,2019-12-31 22:00:00+00:00,24073000.0,31.2286,121.4747,China,East Asia & Pacific,Upper middle income,91.2881339239822,7.00621575788341,4173.65995460491,6.06850235053705,2.30265796342305,149.948179684945,591.67,64.9686795132476,5082.38779040238,2397.96868908473,14.3,77.94,23.2311590814436,38.2,37.7642333162735,659629070.0,4.43746316383222,10342.9009524335,14560167101283.4,62.7099151611328,1407745000.0,,55.2295599322538,9388210.0,102462.0,0.2318244055228105,4.246318922434483,44.77044907415691,Moyen-Faible,Semi-urbain,Mixte-Fossile,Mégapole,0,Pre-COVID,OUI
CHN,CN,Shanghai,2019,pm25,38.20293907276156,29.0,55.48125655382541,0.0,985.0,15379,2019-01-01 00:00:00+00:00,2019-12-31 22:00:00+00:00,24073000.0,31.2286,121.4747,China,East Asia & Pacific,Upper middle income,91.2881339239822,7.00621575788341,4173.65995460491,6.06850235053705,2.30265796342305,149.948179684945,591.67,64.9686795132476,5082.38779040238,2397.96868908473,14.3,77.94,23.2311590814436,38.2,37.7642333162735,659629070.0,4.43746316383222,10342.9009524335,14560167101283.4,62.7099151611328,1407745000.0,,55.2295599322538,9388210.0,102462.0,0.2318244055228105,4.246318922434483,44.77044907415691,Moyen-Faible,Semi-urbain,Mixte-Fossile,Mégapole,0,Pre-COVID,OUI
CHN,CN,Shanghai,2019,so2,7.29800796812749,6.0,3.721534189632165,1.0,118.0,7530,2019-01-01 00:00:00+00:00,2019-12-31 22:00:00+00:00,24073000.0,31.2286,121.4747,China,East Asia & Pacific,Upper middle income,91.2881339239822,7.00621575788341,4173.65995460491,6.06850235053705,2.30265796342305,149.948179684945,591.67,64.9686795132476,5082.38779040238,2397.96868908473,14.3,77.94,23.2311590814436,38.2,37.7642333162735,659629070.0,4.43746316383222,10342.9009524335,14560167101283.4,62.7099151611328,1407745000.0,,55.2295599322538,9388210.0,102462.0,0.2318244055228105,4.246318922434483,44.77044907415691,Moyen-Faible,Semi-urbain,Mixte-Fossile,Mégapole,0,Pre-COVID,OUI
CHN,CN,Shanghai,2020,co,661.5334717176959,600.0,277.87789561038954,200.0,3200.0,7708,2020-01-01 00:00:00+00:00,2020-12-31 22:00:00+00:00,24073000.0,31.2286,121.4747,China,East Asia & Pacific,Upper middle income,92.8514975328901,7.54018198521241,4050.83369006802,2.34018843078414,1.52695413125789,150.305542803154,568.48,63.4550187592194,5261.94103890582,2465.96954605987,14.9,78.019,23.4313037309562,37.1,36.9115624066306,417255845.0,4.16389640609799,10627.4637989619,14996414166715.1,63.5234230266258,1411100000.0,,55.5482556415912,9388210.0,106235.0,0.2320156132347861,3.9908816829697735,44.45174439184301,Moyen-Faible,Semi-urbain,Mixte-Fossile,Mégapole,1,COVID,OUI
CHN,CN,Shanghai,2020,pm25,36.23445071357451,23.0,78.8558786419507,0.0,985.0,15065,2020-01-01 00:00:00+00:00,2020-12-31 22:00:00+00:00,24073000.0,31.2286,121.4747,China,East Asia & Pacific,Upper middle income,92.8514975328901,7.54018198521241,4050.83369006802,2.34018843078414,1.52695413125789,150.305542803154,568.48,63.4550187592194,5261.94103890582,2465.96954605987,14.9,78.019,23.4313037309562,37.1,36.9115624066306,417255845.0,4.16389640609799,10627.4637989619,14996414166715.1,63.5234230266258,1411100000.0,,55.5482556415912,9388210.0,106235.0,0.2320156132347861,3.9908816829697735,44.45174439184301,Moyen-Faible,Semi-urbain,Mixte-Fossile,Mégapole,1,COVID,OUI
CHN,CN,Shanghai,2020,so2,5.952065471551053,5.0,3.304425797390758,1.0,58.0,7698,2020-01-01 00:00:00+00:00,2020-12-31 22:00:00+00:00,24073000.0,31.2286,121.4747,China,East Asia & Pacific,Upper middle income,92.8514975328901,7.54018198521241,4050.83369006802,2.34018843078414,1.52695413125789,150.305542803154,568.48,63.4550187592194,5261.94103890582,2465.96954605987,14.9,78.019,23.4313037309562,37.1,36.9115624066306,417255845.0,4.16389640609799,10627.4637989619,14996414166715.1,63.5234230266258,1411100000.0,,55.5482556415912,9388210.0,106235.0,0.2320156132347861,3.9908816829697735,44.45174439184301,Moyen-Faible,Semi-urbain,Mixte-Fossile,Mégapole,1,COVID,OUI
CHN,CN,Shanghai,2021,co,607.0672478206725,500.0,269.739007549623,100.0,2100.0,3212,2021-01-01 00:00:00+00:00,2021-08-09 10:00:00+00:00,24073000.0,31.2286,121.4747,China,East Asia & Pacific,Upper middle income,94.3857583646751,7.08935251618004,4578.9428350316,8.57008513166322,1.95707313202645,150.439753691066,568.48,63.0009520818053,5847.80226004701,2623.79959356116,15.2,78.117,23.6315548970464,35.7,38.0924722040717,440301216.0,3.78659226465804,12887.4357242941,18201698719564.0,64.721076965332,1412360000.0,,54.8181795722183,9388210.0,109767.0,0.2035778157791034,3.888947659370698,45.18182472025174,Moyen-Faible,Semi-urbain,Mixte-Fossile,Mégapole,0,Post-COVID,OUI
CHN,CN,Shanghai,2021,pm25,44.452910884175616,23.0,123.72469651491484,0.0,985.0,11457,2021-01-01 00:00:00+00:00,2021-12-31 22:00:00+00:00,24073000.0,31.2286,121.4747,China,East Asia & Pacific,Upper middle income,94.3857583646751,7.08935251618004,4578.9428350316,8.57008513166322,1.95707313202645,150.439753691066,568.48,63.0009520818053,5847.80226004701,2623.79959356116,15.2,78.117,23.6315548970464,35.7,38.0924722040717,440301216.0,3.78659226465804,12887.4357242941,18201698719564.0,64.721076965332,1412360000.0,,54.8181795722183,9388210.0,109767.0,0.2035778157791034,3.888947659370698,45.18182472025174,Moyen-Faible,Semi-urbain,Mixte-Fossile,Mégapole,0,Post-COVID,OUI
CHN,CN,Shanghai,2021,so2,5.637523335407592,5.0,5.061179232889837,1.0,91.0,3214,2021-01-01 00:00:00+00:00,2021-08-09 10:00:00+00:00,24073000.0,31.2286,121.4747,China,East Asia & Pacific,Upper middle income,94.3857583646751,7.08935251618004,4578.9428350316,8.57008513166322,1.95707313202645,150.439753691066,568.48,63.0009520818053,5847.80226004701,2623.79959356116,15.2,78.117,23.6315548970464,35.7,38.0924722040717,440301216.0,3.78659226465804,12887.4357242941,18201698719564.0,64.721076965332,1412360000.0,,54.8181795722183,9388210.0,109767.0,0.2035778157791034,3.888947659370698,45.18182472025174,Moyen-Faible,Semi-urbain,Mixte-Fossile,Mégapole,0,Post-COVID,OUI
CHN,CN,Shanghai,2022,pm25,31.5627950269264,21.0,71.85824593820091,0.0,985.0,15041,2022-01-01 00:00:00+00:00,2022-12-31 22:00:00+00:00,24073000.0,31.2286,121.4747,China,East Asia & Pacific,Upper middle income,95.8923648413213,7.14788692830171,4647.9634911987,3.1341888719577,0.751201671519741,150.42004812419,568.48,61.7186608827991,6112.13553560996,2676.48200976111,,78.202,23.8316995465589,36.0,37.8945266620066,250754113.0,3.42196644419848,12970.6056414327,18316765021690.2,65.2176361083984,1412175000.0,,54.9575804271762,9388210.0,,0.2063339021972838,,45.04241359030831,Moyen-Faible,Semi-urbain,,Mégapole,0,Post-COVID,OUI
CHN,CN,Shanghai,2023,pm25,38.62201453790239,34.0,37.46096722934029,6.0,985.0,1926,2023-01-01 00:00:00+00:00,2023-05-01 14:00:00+00:00,24073000.0,31.2286,121.4747,China,East Asia & Pacific,Upper middle income,97.2411682339468,6.88951941080068,5101.98971459392,5.41484330099675,0.374239259681571,150.264001337848,,61.3408061134072,6523.71926193193,2850.94152906511,,77.953,24.0319389958256,,36.7725030223561,619215886.0,3.42898799062376,12951.1782397043,18270356654533.2,65.5301448035523,1410710000.0,,56.3379775668432,9388210.0,,0.220112901189522,,43.66202243315678,Moyen-Faible,Semi-urbain,,Mégapole,0,Post-COVID,OUI
CIV,CI,Abidjan,2020,pm25,21.32581209881346,20.0,9.542382060880538,0.0,107.0,5141,2020-03-15 20:00:00+00:00,2020-12-02 23:00:00+00:00,4980000.0,5.3364,-4.0267,Cote d'Ivoire,Sub-Saharan Africa ,Lower middle income,36.7505613601134,16.9334154768944,1310.10396288449,0.699728593494228,3.46886576146738,90.9290849056604,1.162,0.0,290.017976203655,375.317183892023,61.8,60.14,8.92047169811321,,20.7022034045474,322841.0,15.4065112969223,2179.72934832935,63027852805.4204,51.8357660823651,28915449.0,55.4380323721262,55.5728121351951,318000.0,639.0,0.1721062653554657,0.0,37.6356188814418,Faible,Semi-urbain,Renouvelable,Moyenne,1,COVID,OUI
CIV,CI,Abidjan,2021,pm25,30.241499930040572,25.0,17.91743811871163,2.0,360.0,7147,2021-01-04 09:00:00+00:00,2021-12-31 22:00:00+00:00,4980000.0,5.3364,-4.0267,Cote d'Ivoire,Sub-Saharan Africa ,Lower middle income,37.704616869195,16.1805529630135,1345.469184039,7.06332910205232,3.40065819276816,93.2067169811321,1.162,0.0,308.099910201629,468.414497630569,58.2,60.29,8.5654927672956,35.3,22.1030350664638,569309.0,14.961038961039,2455.98127641148,72794636653.7793,52.3183461956059,29639736.0,57.135967003236,54.1000329007516,318000.0,639.0,0.1906463440025506,0.0,38.2835880294773,Faible,Semi-urbain,Mixte-Renouvelable,Moyenne,0,Post-COVID,OUI
CIV,CI,Abidjan,2022,pm25,22.69151268399624,16.0,19.00471968742004,0.0,184.0,6386,2022-01-01 00:00:00+00:00,2022-10-25 19:00:00+00:00,4980000.0,5.3364,-4.0267,Cote d'Ivoire,Sub-Saharan Africa ,Lower middle income,38.6680398290793,16.5843332097616,1372.0627457523,6.39988362720531,3.52587849974979,95.5817672955975,1.162,,323.704535370651,471.775424802239,,61.562,8.21049968553459,,23.0445423474416,617913.0,14.9598715890851,2333.37128301259,70922824813.9102,52.8492549676673,30395002.0,54.0714108290486,52.9655573840158,318000.0,,0.2020995666950614,,39.6288755572032,Faible,Semi-urbain,,Moyenne,0,Post-COVID,OUI
CIV,CI,Abidjan,2023,pm25,12.486391571553996,11.0,8.717421856370857,0.0,68.0,1139,2023-01-16 00:00:00+00:00,2023-10-31 23:00:00+00:00,4980000.0,5.3364,-4.0267,Cote d'Ivoire,Sub-Saharan Africa ,Lower middle income,39.6407426651959,15.9442578438607,1474.28401741623,6.60000045223954,3.55464259521521,98.0052012578616,,,,,,61.944,7.85551603773585,,23.9006374307143,716233.0,,2591.9659048119,80780312569.1646,53.4075201638704,31165654.0,63.9607557764462,52.2715206592214,318000.0,,,,39.844895274575,Faible,Semi-urbain,,Moyenne,0,Post-COVID,OUI
CIV,CI,Yopougon,2020,pm25,21.32581209881346,20.0,9.542382060880538,0.0,107.0,5141,2020-03-15 20:00:00+00:00,2020-12-02 23:00:00+00:00,1571065.0,5.3748,-4.0867,Cote d'Ivoire,Sub-Saharan Africa ,Lower middle income,36.7505613601134,16.9334154768944,1310.10396288449,0.699728593494228,3.46886576146738,90.9290849056604,1.162,0.0,290.017976203655,375.317183892023,61.8,60.14,8.92047169811321,,20.7022034045474,322841.0,15.4065112969223,2179.72934832935,63027852805.4204,51.8357660823651,28915449.0,55.4380323721262,55.5728121351951,318000.0,639.0,0.1721062653554657,0.0,37.6356188814418,Faible,Semi-urbain,Renouvelable,Moyenne,1,COVID,OUI
CIV,CI,Yopougon,2021,pm25,30.241499930040572,25.0,17.91743811871163,2.0,360.0,7147,2021-01-04 09:00:00+00:00,2021-12-31 22:00:00+00:00,1571065.0,5.3748,-4.0867,Cote d'Ivoire,Sub-Saharan Africa ,Lower middle income,37.704616869195,16.1805529630135,1345.469184039,7.06332910205232,3.40065819276816,93.2067169811321,1.162,0.0,308.099910201629,468.414497630569,58.2,60.29,8.5654927672956,35.3,22.1030350664638,569309.0,14.961038961039,2455.98127641148,72794636653.7793,52.3183461956059,29639736.0,57.135967003236,54.1000329007516,318000.0,639.0,0.1906463440025506,0.0,38.2835880294773,Faible,Semi-urbain,Mixte-Renouvelable,Moyenne,0,Post-COVID,OUI
CIV,CI,Yopougon,2022,pm25,22.69151268399624,16.0,19.00471968742004,0.0,184.0,6386,2022-01-01 00:00:00+00:00,2022-10-25 19:00:00+00:00,1571065.0,5.3748,-4.0867,Cote d'Ivoire,Sub-Saharan Africa ,Lower middle income,38.6680398290793,16.5843332097616,1372.0627457523,6.39988362720531,3.52587849974979,95.5817672955975,1.162,,323.704535370651,471.775424802239,,61.562,8.21049968553459,,23.0445423474416,617913.0,14.9598715890851,2333.37128301259,70922824813.9102,52.8492549676673,30395002.0,54.0714108290486,52.9655573840158,318000.0,,0.2020995666950614,,39.6288755572032,Faible,Semi-urbain,,Moyenne,0,Post-COVID,OUI
CIV,CI,Yopougon,2023,pm25,12.486391571553996,11.0,8.717421856370857,0.0,68.0,1139,2023-01-16 00:00:00+00:00,2023-10-31 23:00:00+00:00,1571065.0,5.3748,-4.0867,Cote d'Ivoire,Sub-Saharan Africa ,Lower middle income,39.6407426651959,15.9442578438607,1474.28401741623,6.60000045223954,3.55464259521521,98.0052012578616,,,,,,61.944,7.85551603773585,,23.9006374307143,716233.0,,2591.9659048119,80780312569.1646,53.4075201638704,31165654.0,63.9607557764462,52.2715206592214,318000.0,,,,39.844895274575,Faible,Semi-urbain,,Moyenne,0,Post-COVID,OUI
COL,CO,Bogota,2019,pm25,12.687354838709677,10.0,10.481771140046565,0.0,94.0,7750,2019-01-01 00:00:00+00:00,2019-12-31 22:00:00+00:00,8034649.0,4.7111,-74.0722,Colombia,Latin America & Caribbean ,Upper middle income,92.2252062631808,6.41072082168314,4485.10932424782,3.18685539245533,2.01760208281262,44.9824109959441,21.85745,10.1498476652366,1531.81900651769,889.78306823908,31.5,76.793,53.4846327174403,51.3,25.993426836769,37031843.0,7.11807498601007,6472.54544924705,323031701192.84,77.4595528518377,49907985.0,101.989349365234,58.1364591705438,1109500.0,,0.1374491111887647,0.312303005084203,32.40414765845214,Moyen-Faible,Urbain,Mixte-Renouvelable,Grande,0,Pre-COVID,OUI
COL,CO,Bogota,2020,no2,0.0194662742,0.01857733,0.0089887899870865,0.001998644,0.06746793,935,2020-10-29 21:00:00+00:00,2020-12-17 22:00:00+00:00,8034649.0,4.7111,-74.0722,Colombia,Latin America & Caribbean ,Upper middle income,93.0987394041419,7.50848046663348,4199.77041750838,-7.18591413760859,1.66675683392305,45.6331653898152,22.66227,11.8128449131982,1470.27462790488,810.052298592826,32.0,74.757,53.3050112663362,53.5,23.439238595813,12273939.724,7.74365485424078,5339.68711357943,270348342541.465,77.6382533537045,50629997.0,101.499450683594,60.1218262723705,1109500.0,,0.1516756704456917,0.3579649973696424,30.94771906244648,Moyen-Faible,Urbain,Mixte-Renouvelable,Grande,1,COVID,OUI
COL,CO,Bogota,2020,pm25,13.506893338846105,11.0,9.967346205051706,0.0,87.63093,7921,2020-01-01 00:00:00+00:00,2020-12-17 22:00:00+00:00,8034649.0,4.7111,-74.0722,Colombia,Latin America & Caribbean ,Upper middle income,93.0987394041419,7.50848046663348,4199.77041750838,-7.18591413760859,1.66675683392305,45.6331653898152,22.66227,11.8128449131982,1470.27462790488,810.052298592826,32.0,74.757,53.3050112663362,53.5,23.439238595813,12273939.724,7.74365485424078,5339.68711357943,270348342541.465,77.6382533537045,50629997.0,101.499450683594,60.1218262723705,1109500.0,,0.1516756704456917,0.3579649973696424,30.94771906244648,Moyen-Faible,Urbain,Mixte-Renouvelable,Grande,1,COVID,OUI
COL,CO,Bogota,2021,no2,0.0152202648316699,0.014174375,0.0083965888997956,0.001586624,0.07774398,6012,2021-01-13 22:00:00+00:00,2021-12-31 22:00:00+00:00,8034649.0,4.7111,-74.0722,Colombia,Latin America & Caribbean ,Upper middle income,93.9711220297613,7.77187301385002,4765.60938454264,10.8011981904878,1.34818422237933,46.1362532672375,23.54209,5.38582339924334,1514.11928689074,872.65899160931,29.7,72.698,53.1253958539883,55.1,24.5553120236384,26167360.0,7.92823660979846,6222.62164397614,318524633225.395,77.8339570326128,51188173.0,102.987998962402,58.19295777246,1109500.0,,0.1402172306624646,0.1754339869460371,32.32718503748842,Moyen-Faible,Urbain,Mixte-Fossile,Grande,0,Post-COVID,OUI
COL,CO,Bogota,2021,o3,0.0105585144171525,0.0093197349999999,0.0091542242368519,9.04e-07,0.2813877,4116,2021-02-03 18:00:00+00:00,2021-12-31 22:00:00+00:00,8034649.0,4.7111,-74.0722,Colombia,Latin America & Caribbean ,Upper middle income,93.9711220297613,7.77187301385002,4765.60938454264,10.8011981904878,1.34818422237933,46.1362532672375,23.54209,5.38582339924334,1514.11928689074,872.65899160931,29.7,72.698,53.1253958539883,55.1,24.5553120236384,26167360.0,7.92823660979846,6222.62164397614,318524633225.395,77.8339570326128,51188173.0,102.987998962402,58.19295777246,1109500.0,,0.1402172306624646,0.1754339869460371,32.32718503748842,Moyen-Faible,Urbain,Mixte-Fossile,Grande,0,Post-COVID,OUI
COL,CO,Bogota,2021,pm25,12.913550862200314,10.596515,9.955630106351125,0.041175,184.4344,8926,2021-01-13 22:00:00+00:00,2021-12-31 22:00:00+00:00,8034649.0,4.7111,-74.0722,Colombia,Latin America & Caribbean ,Upper middle income,93.9711220297613,7.77187301385002,4765.60938454264,10.8011981904878,1.34818422237933,46.1362532672375,23.54209,5.38582339924334,1514.11928689074,872.65899160931,29.7,72.698,53.1253958539883,55.1,24.5553120236384,26167360.0,7.92823660979846,6222.62164397614,318524633225.395,77.8339570326128,51188173.0,102.987998962402,58.19295777246,1109500.0,,0.1402172306624646,0.1754339869460371,32.32718503748842,Moyen-Faible,Urbain,Mixte-Fossile,Grande,0,Post-COVID,OUI
COL,CO,Bogota,2022,no2,0.0180089855681175,0.01715231,0.008207589693976,0.003096263,0.06863476,1769,2022-01-03 12:00:00+00:00,2022-04-01 04:00:00+00:00,8034649.0,4.7111,-74.0722,Colombia,Latin America & Caribbean ,Upper middle income,94.8425154559797,8.83154473689041,5223.70349460851,7.32827729427979,1.34094381830841,46.6317656602073,24.26364,5.99939529258536,1528.08546083702,851.232776568033,,76.508,52.9457763857593,54.8,26.1230022316952,39535306.0,7.70536794120383,6680.44506854481,345632492851.448,78.0464633137335,51737944.0,101.573776245117,54.908743854001,1109500.0,,0.1274024956929606,,34.95454696858561,Moyen-Faible,Urbain,,Grande,0,Post-COVID,OUI
COL,CO,Bogota,2022,o3,0.0163289093537794,0.014869175,0.0121284518665871,2.554e-06,0.07951195,1614,2022-01-03 12:00:00+00:00,2022-04-01 04:00:00+00:00,8034649.0,4.7111,-74.0722,Colombia,Latin America & Caribbean ,Upper middle income,94.8425154559797,8.83154473689041,5223.70349460851,7.32827729427979,1.34094381830841,46.6317656602073,24.26364,5.99939529258536,1528.08546083702,851.232776568033,,76.508,52.9457763857593,54.8,26.1230022316952,39535306.0,7.70536794120383,6680.44506854481,345632492851.448,78.0464633137335,51737944.0,101.573776245117,54.908743854001,1109500.0,,0.1274024956929606,,34.95454696858561,Moyen-Faible,Urbain,,Grande,0,Post-COVID,OUI
COL,CO,Bogota,2022,pm25,16.521330773169414,15.0,9.530995436106409,0.0,79.88083,7402,2022-01-01 00:00:00+00:00,2022-10-25 19:00:00+00:00,8034649.0,4.7111,-74.0722,Colombia,Latin America & Caribbean ,Upper middle income,94.8425154559797,8.83154473689041,5223.70349460851,7.32827729427979,1.34094381830841,46.6317656602073,24.26364,5.99939529258536,1528.08546083702,851.232776568033,,76.508,52.9457763857593,54.8,26.1230022316952,39535306.0,7.70536794120383,6680.44506854481,345632492851.448,78.0464633137335,51737944.0,101.573776245117,54.908743854001,1109500.0,,0.1274024956929606,,34.95454696858561,Moyen-Faible,Urbain,,Grande,0,Post-COVID,OUI
COL,CO,Bogota,2023,pm25,13.166666666666666,12.0,7.954235776563289,0.0,49.0,2178,2023-01-16 00:00:00+00:00,2023-12-31 22:00:00+00:00,8034649.0,4.7111,-74.0722,Colombia,Latin America & Caribbean ,Upper middle income,95.7128008202529,8.80792294653033,5185.09958518261,0.712380031974334,1.4140540184926,47.1574150518251,,10.1681434764588,1552.83278166352,862.634681996071,,77.725,52.7661596214511,53.9,24.6925648854384,42399044.0,7.78769785703884,7000.83660501046,366291836137.916,78.275571579544,52321152.0,,56.7402222191369,1109500.0,,0.1232012014360312,,33.50048783196873,Moyen-Faible,Urbain,,Grande,0,Post-COVID,OUI
CRI,CR,San Jose,2019,pm25,7.506751954513149,6.0,6.422515839837799,0.0,145.0,1407,2019-10-28 17:00:00+00:00,2019-12-31 20:00:00+00:00,1543000.0,9.9325,-84.08,Costa Rica,Latin America & Caribbean ,High income,97.8949564570676,4.20205116302465,8325.04622906882,2.41751181762513,1.47522101905517,97.9152565609087,3.13813,0.0,2090.18686270553,996.673606298647,33.4,80.296,59.1167254210732,48.2,19.2336569312753,2033146.0,9.20720563919589,12884.6859951989,64417670521.3545,77.0435864735963,4999553.0,132.849334716797,69.2049940233732,51060.0,,0.0773473454707804,0.0,23.435708094299947,Moyen-Faible,Urbain,Mixte-Renouvelable,Moyenne,0,Pre-COVID,OUI
CRI,CR,San Jose,2020,pm25,9.74560713349069,8.0,11.328342392244824,0.0,264.0,7626,2020-01-01 00:00:00+00:00,2020-12-31 22:00:00+00:00,1543000.0,9.9325,-84.08,Costa Rica,Latin America & Caribbean ,High income,98.0823538854413,4.34422556035497,7694.03931777863,-4.27335432161462,1.31094825050875,98.5961613787701,3.13608,0.0,2022.31880373119,948.979659241415,36.4,79.725,59.4373286329808,49.2,20.3678511278951,455830.6,8.88396282718049,12394.0493969492,62395610760.0492,77.5211537281257,5034320.0,132.678680419922,68.2324072882969,51060.0,,0.0765611841349327,0.0,24.71207668825007,Moyen-Faible,Urbain,Mixte-Renouvelable,Moyenne,1,COVID,OUI
CRI,CR,San Jose,2021,pm25,9.924620655898188,7.0,19.988317307282344,0.0,418.0,6129,2021-01-01 00:00:00+00:00,2021-12-31 22:00:00+00:00,1543000.0,9.9325,-84.08,Costa Rica,Latin America & Caribbean ,High income,98.265064236441,4.36671325937127,8293.81974841286,7.93576224743147,1.10754509405765,99.0988640814728,3.44683,0.0,2111.26982909841,996.593947554107,34.2,78.05,59.7579318448884,48.7,20.6057923603832,669298.0,8.25155060061239,12838.1185358931,64960725734.1965,77.9868940200009,5059988.0,138.903381347656,67.0794161390985,51060.0,,0.0776216797724878,0.0,24.97250561975447,Moyen-Faible,Urbain,Mixte-Renouvelable,Moyenne,0,Post-COVID,OUI
CRI,CR,San Jose,2022,pm25,8.771588719565598,6.0,13.786413538839414,0.0,312.0,5709,2022-01-01 00:00:00+00:00,2022-12-31 21:00:00+00:00,1543000.0,9.9325,-84.08,Costa Rica,Latin America & Caribbean ,High income,98.4434940972081,4.14007362090085,8471.99593985643,4.55149177958398,1.00950242428085,99.5253623188406,3.44683,,2142.95623666187,1009.21522950084,,79.316,60.0785350567959,47.2,20.6464381116167,1551970.4,8.38791130750414,13625.9008491328,69243626028.5936,78.4405687613972,5081765.0,131.907592773438,67.2830902367432,51060.0,,0.0740605102124204,,24.78651173251755,Moyen-Faible,Urbain,,Moyenne,0,Post-COVID,OUI
CRI,CR,San Jose,2023,pm25,9.757001144601295,8.0,13.444957680631369,0.0,406.0,2621,2023-01-01 01:00:00+00:00,2023-09-13 22:00:00+00:00,1543000.0,9.9325,-84.08,Costa Rica,Latin America & Caribbean ,High income,98.6179737414505,3.80047657288839,8854.18514572388,5.11192183224598,1.02757476773701,99.9906972189581,,,2206.04149426357,1025.14935705085,,80.799,60.3991382687035,46.7,20.459253835237,1971057.0,9.16583416583417,16942.0268119375,86497941439.0174,78.8819393641702,5105525.0,125.510070800781,67.9930784438128,51060.0,,0.0605056799136128,,24.25973040812539,Moyen-Élevé,Urbain,,Moyenne,0,Post-COVID,OUI
CZE,CZ,Brno,2019,pm10,19.288649398121887,16.0,14.705084323588924,0.0,361.0,15867,2019-01-01 11:00:00+00:00,2019-12-31 21:00:00+00:00,400566.0,49.1925,16.6083,Czechia,Europe & Central Asia,High income,99.0733677168251,1.89151770908811,9536.65208402834,3.56577658128261,0.308335402043916,138.226810266108,1.506,45.3254437869822,6525.47304268137,4002.2461173426,15.9,79.2292682926829,34.6514173213048,25.3,30.8172927602906,5446163.2,4.93939219854082,24062.7190013343,256794209028.77,72.7876426709563,10671870.0,100.21556854248,57.8053442859741,77205.5,9396.0,0.1663186856994416,2.681978922306639,32.70881046937871,Moyen-Élevé,Urbain,Mixte-Fossile,Petite,0,Pre-COVID,OUI
CZE,CZ,Brno,2019,pm25,14.204561117724454,11.0,11.982634437680288,0.0,277.0,15961,2019-01-01 11:00:00+00:00,2019-12-31 21:00:00+00:00,400566.0,49.1925,16.6083,Czechia,Europe & Central Asia,High income,99.0733677168251,1.89151770908811,9536.65208402834,3.56577658128261,0.308335402043916,138.226810266108,1.506,45.3254437869822,6525.47304268137,4002.2461173426,15.9,79.2292682926829,34.6514173213048,25.3,30.8172927602906,5446163.2,4.93939219854082,24062.7190013343,256794209028.77,72.7876426709563,10671870.0,100.21556854248,57.8053442859741,77205.5,9396.0,0.1663186856994416,2.681978922306639,32.70881046937871,Moyen-Élevé,Urbain,Mixte-Fossile,Petite,0,Pre-COVID,OUI
CZE,CZ,Brno,2019,so2,2.661417322834646,1.3,1.9677616555620576,0.0,36.7,7747,2019-01-01 11:00:00+00:00,2019-12-31 21:00:00+00:00,400566.0,49.1925,16.6083,Czechia,Europe & Central Asia,High income,99.0733677168251,1.89151770908811,9536.65208402834,3.56577658128261,0.308335402043916,138.226810266108,1.506,45.3254437869822,6525.47304268137,4002.2461173426,15.9,79.2292682926829,34.6514173213048,25.3,30.8172927602906,5446163.2,4.93939219854082,24062.7190013343,256794209028.77,72.7876426709563,10671870.0,100.21556854248,57.8053442859741,77205.5,9396.0,0.1663186856994416,2.681978922306639,32.70881046937871,Moyen-Élevé,Urbain,Mixte-Fossile,Petite,0,Pre-COVID,OUI
CZE,CZ,Brno,2020,pm10,17.996920760914193,15.0,12.117337497320449,2.0,144.0,14614,2020-01-01 00:00:00+00:00,2020-12-31 22:00:00+00:00,400566.0,49.1925,16.6083,Czechia,Europe & Central Asia,High income,99.0728030542538,1.94399138825301,8824.94500646944,-5.30487955463876,0.157796536482863,138.575928842168,1.366,40.0937147343114,6286.67907164219,3764.47161158552,17.0,78.2268292682927,34.6779919254939,26.2,29.6728490106408,929888.181,5.05004661204063,23472.8915454417,251109660602.536,72.7254901604208,10697858.0,99.3292617797852,59.5821298700586,77198.53,9377.0,0.1603684503823366,2.227428596350633,31.61684039889381,Moyen-Élevé,Urbain,Mixte-Fossile,Petite,1,COVID,OUI
CZE,CZ,Brno,2020,pm25,13.028744326777607,10.0,10.135023344809245,2.0,177.0,13881,2020-01-01 00:00:00+00:00,2020-12-31 22:00:00+00:00,400566.0,49.1925,16.6083,Czechia,Europe & Central Asia,High income,99.0728030542538,1.94399138825301,8824.94500646944,-5.30487955463876,0.157796536482863,138.575928842168,1.366,40.0937147343114,6286.67907164219,3764.47161158552,17.0,78.2268292682927,34.6779919254939,26.2,29.6728490106408,929888.181,5.05004661204063,23472.8915454417,251109660602.536,72.7254901604208,10697858.0,99.3292617797852,59.5821298700586,77198.53,9377.0,0.1603684503823366,2.227428596350633,31.61684039889381,Moyen-Élevé,Urbain,Mixte-Fossile,Petite,1,COVID,OUI
CZE,CZ,Brno,2020,so2,4.93803821656051,4.5,1.842113455031985,2.7,20.8,3925,2020-01-01 00:00:00+00:00,2020-12-31 19:00:00+00:00,400566.0,49.1925,16.6083,Czechia,Europe & Central Asia,High income,99.0728030542538,1.94399138825301,8824.94500646944,-5.30487955463876,0.157796536482863,138.575928842168,1.366,40.0937147343114,6286.67907164219,3764.47161158552,17.0,78.2268292682927,34.6779919254939,26.2,29.6728490106408,929888.181,5.05004661204063,23472.8915454417,251109660602.536,72.7254901604208,10697858.0,99.3292617797852,59.5821298700586,77198.53,9377.0,0.1603684503823366,2.227428596350633,31.61684039889381,Moyen-Élevé,Urbain,Mixte-Fossile,Petite,1,COVID,OUI
CZE,CZ,Brno,2021,pm10,19.2580787959274,16.0,13.533922772861162,2.0,129.0,13554,2021-01-01 00:00:00+00:00,2021-12-31 22:00:00+00:00,400566.0,49.1925,16.6083,Czechia,Europe & Central Asia,High income,99.0721814938167,1.75886666492278,9355.64243674634,4.02901832055149,-1.87299322902636,136.108349053848,1.349,40.9421866729401,6690.60779160256,4056.31700066788,17.2,77.2219512195122,34.7066980208929,26.2,28.5164055991395,1418032.0,4.29335999529495,27696.4619527544,290972714482.313,72.6810594374316,10505772.0,102.089942932129,60.8665523629247,77186.83,9357.0,0.1464508555905605,2.2495706963153905,30.27527226406228,Moyen-Élevé,Urbain,Mixte-Fossile,Petite,0,Post-COVID,OUI
CZE,CZ,Brno,2021,pm25,14.57928329744694,12.0,11.37753830947484,2.0,131.0,13004,2021-01-01 00:00:00+00:00,2021-12-31 22:00:00+00:00,400566.0,49.1925,16.6083,Czechia,Europe & Central Asia,High income,99.0721814938167,1.75886666492278,9355.64243674634,4.02901832055149,-1.87299322902636,136.108349053848,1.349,40.9421866729401,6690.60779160256,4056.31700066788,17.2,77.2219512195122,34.7066980208929,26.2,28.5164055991395,1418032.0,4.29335999529495,27696.4619527544,290972714482.313,72.6810594374316,10505772.0,102.089942932129,60.8665523629247,77186.83,9357.0,0.1464508555905605,2.2495706963153905,30.27527226406228,Moyen-Élevé,Urbain,Mixte-Fossile,Petite,0,Post-COVID,OUI
CZE,CZ,Brno,2021,so2,4.974562989752863,4.5,2.969522967556204,2.7,133.4,4977,2021-01-01 02:00:00+00:00,2021-12-31 12:00:00+00:00,400566.0,49.1925,16.6083,Czechia,Europe & Central Asia,High income,99.0721814938167,1.75886666492278,9355.64243674634,4.02901832055149,-1.87299322902636,136.108349053848,1.349,40.9421866729401,6690.60779160256,4056.31700066788,17.2,77.2219512195122,34.7066980208929,26.2,28.5164055991395,1418032.0,4.29335999529495,27696.4619527544,290972714482.313,72.6810594374316,10505772.0,102.089942932129,60.8665523629247,77186.83,9357.0,0.1464508555905605,2.2495706963153905,30.27527226406228,Moyen-Élevé,Urbain,Mixte-Fossile,Petite,0,Post-COVID,OUI
CZE,CZ,Brno,2022,no2,42.35,42.35,0.6363961030678943,41.9,42.8,2,2022-10-04 15:00:00+00:00,2022-10-04 16:00:00+00:00,400566.0,49.1925,16.6083,Czechia,Europe & Central Asia,High income,99.0715177493914,2.07634975500264,9150.94096073442,2.8471706583814,1.59257724319103,138.290511305111,1.445,44.1296405421332,6363.02934431572,3895.62928915395,,78.9292682926829,34.7369431785448,25.9,29.2185730464326,2176800.0,4.02357100766058,28282.2236715857,301831228325.556,72.6967638379524,10672118.0,102.935562133789,59.7439357764226,77171.73,,0.1377363957655093,,31.29492280143524,Moyen-Élevé,Urbain,,Petite,0,Post-COVID,OUI
CZE,CZ,Brno,2022,pm10,17.48511016572481,15.0,12.409192021654484,2.0,331.0,15749,2022-01-01 00:00:00+00:00,2022-12-31 22:00:00+00:00,400566.0,49.1925,16.6083,Czechia,Europe & Central Asia,High income,99.0715177493914,2.07634975500264,9150.94096073442,2.8471706583814,1.59257724319103,138.290511305111,1.445,44.1296405421332,6363.02934431572,3895.62928915395,,78.9292682926829,34.7369431785448,25.9,29.2185730464326,2176800.0,4.02357100766058,28282.2236715857,301831228325.556,72.6967638379524,10672118.0,102.935562133789,59.7439357764226,77171.73,,0.1377363957655093,,31.29492280143524,Moyen-Élevé,Urbain,,Petite,0,Post-COVID,OUI
CZE,CZ,Brno,2022,pm25,13.22446380697051,11.0,10.477810893890116,2.0,315.0,14920,2022-01-01 00:00:00+00:00,2022-12-31 22:00:00+00:00,400566.0,49.1925,16.6083,Czechia,Europe & Central Asia,High income,99.0715177493914,2.07634975500264,9150.94096073442,2.8471706583814,1.59257724319103,138.290511305111,1.445,44.1296405421332,6363.02934431572,3895.62928915395,,78.9292682926829,34.7369431785448,25.9,29.2185730464326,2176800.0,4.02357100766058,28282.2236715857,301831228325.556,72.6967638379524,10672118.0,102.935562133789,59.7439357764226,77171.73,,0.1377363957655093,,31.29492280143524,Moyen-Élevé,Urbain,,Petite,0,Post-COVID,OUI
CZE,CZ,Brno,2022,so2,4.8065888812628685,4.5,2.025612005392227,2.7,66.3,5828,2022-01-04 05:00:00+00:00,2022-12-31 22:00:00+00:00,400566.0,49.1925,16.6083,Czechia,Europe & Central Asia,High income,99.0715177493914,2.07634975500264,9150.94096073442,2.8471706583814,1.59257724319103,138.290511305111,1.445,44.1296405421332,6363.02934431572,3895.62928915395,,78.9292682926829,34.7369431785448,25.9,29.2185730464326,2176800.0,4.02357100766058,28282.2236715857,301831228325.556,72.6967638379524,10672118.0,102.935562133789,59.7439357764226,77171.73,,0.1377363957655093,,31.29492280143524,Moyen-Élevé,Urbain,,Petite,0,Post-COVID,OUI
CZE,CZ,Brno,2023,no2,31.384348321001703,30.2,16.173482400740866,3.1,104.1,5271,2023-05-05 23:00:00+00:00,2023-12-31 22:00:00+00:00,400566.0,49.1925,16.6083,Czechia,Europe & Central Asia,High income,99.0708089030162,2.14121915412639,8706.43565967117,0.0475803308973752,1.83530711139438,140.785547662605,,39.4680795802815,5965.3672178366,3509.34804885656,,79.8780487804878,34.7623883740408,25.7,30.0237282227463,2175763.454,3.91148511765623,31761.5944102491,345059295659.911,72.7352388396817,10864042.0,97.6154174804688,59.6975973460946,77167.31,,0.1104868199218691,,32.16494737687269,Moyen-Élevé,Urbain,,Petite,0,Post-COVID,OUI
CZE,CZ,Brno,2023,pm10,15.451304082566477,13.6,9.543568939714936,2.0,203.3,19669,2023-01-01 00:00:00+00:00,2023-12-31 22:00:00+00:00,400566.0,49.1925,16.6083,Czechia,Europe & Central Asia,High income,99.0708089030162,2.14121915412639,8706.43565967117,0.0475803308973752,1.83530711139438,140.785547662605,,39.4680795802815,5965.3672178366,3509.34804885656,,79.8780487804878,34.7623883740408,25.7,30.0237282227463,2175763.454,3.91148511765623,31761.5944102491,345059295659.911,72.7352388396817,10864042.0,97.6154174804688,59.6975973460946,77167.31,,0.1104868199218691,,32.16494737687269,Moyen-Élevé,Urbain,,Petite,0,Post-COVID,OUI
CZE,CZ,Brno,2023,pm25,10.765238579767578,8.9,7.575132479950626,2.0,168.0,18673,2023-01-01 00:00:00+00:00,2023-12-31 22:00:00+00:00,400566.0,49.1925,16.6083,Czechia,Europe & Central Asia,High income,99.0708089030162,2.14121915412639,8706.43565967117,0.0475803308973752,1.83530711139438,140.785547662605,,39.4680795802815,5965.3672178366,3509.34804885656,,79.8780487804878,34.7623883740408,25.7,30.0237282227463,2175763.454,3.91148511765623,31761.5944102491,345059295659.911,72.7352388396817,10864042.0,97.6154174804688,59.6975973460946,77167.31,,0.1104868199218691,,32.16494737687269,Moyen-Élevé,Urbain,,Petite,0,Post-COVID,OUI
CZE,CZ,Brno,2023,so2,5.059426366990943,5.1,2.029537596330623,2.7,109.7,5962,2023-01-01 00:00:00+00:00,2023-12-31 22:00:00+00:00,400566.0,49.1925,16.6083,Czechia,Europe & Central Asia,High income,99.0708089030162,2.14121915412639,8706.43565967117,0.0475803308973752,1.83530711139438,140.785547662605,,39.4680795802815,5965.3672178366,3509.34804885656,,79.8780487804878,34.7623883740408,25.7,30.0237282227463,2175763.454,3.91148511765623,31761.5944102491,345059295659.911,72.7352388396817,10864042.0,97.6154174804688,59.6975973460946,77167.31,,0.1104868199218691,,32.16494737687269,Moyen-Élevé,Urbain,,Petite,0,Post-COVID,OUI
CZE,CZ,Prague,2019,no2,32.4904345590126,29.6,17.83541404419053,0.0,115.5,7778,2019-01-01 11:00:00+00:00,2019-12-31 21:00:00+00:00,1384732.0,50.0875,14.4214,Czechia,Europe & Central Asia,High income,99.0733677168251,1.89151770908811,9536.65208402834,3.56577658128261,0.308335402043916,138.226810266108,1.506,45.3254437869822,6525.47304268137,4002.2461173426,15.9,79.2292682926829,34.6514173213048,25.3,30.8172927602906,5446163.2,4.93939219854082,24062.7190013343,256794209028.77,72.7876426709563,10671870.0,100.21556854248,57.8053442859741,77205.5,9396.0,0.1663186856994416,2.681978922306639,32.70881046937871,Moyen-Élevé,Urbain,Mixte-Fossile,Moyenne,0,Pre-COVID,OUI
CZE,CZ,Prague,2019,o3,48.89201522557204,47.7,33.24976454875127,0.0,172.4,23119,2019-01-01 11:00:00+00:00,2019-12-31 21:00:00+00:00,1384732.0,50.0875,14.4214,Czechia,Europe & Central Asia,High income,99.0733677168251,1.89151770908811,9536.65208402834,3.56577658128261,0.308335402043916,138.226810266108,1.506,45.3254437869822,6525.47304268137,4002.2461173426,15.9,79.2292682926829,34.6514173213048,25.3,30.8172927602906,5446163.2,4.93939219854082,24062.7190013343,256794209028.77,72.7876426709563,10671870.0,100.21556854248,57.8053442859741,77205.5,9396.0,0.1663186856994416,2.681978922306639,32.70881046937871,Moyen-Élevé,Urbain,Mixte-Fossile,Moyenne,0,Pre-COVID,OUI
CZE,CZ,Prague,2019,pm10,21.017074092741936,17.0,18.75195891797309,0.0,556.0,15872,2019-01-01 11:00:00+00:00,2019-12-31 21:00:00+00:00,1384732.0,50.0875,14.4214,Czechia,Europe & Central Asia,High income,99.0733677168251,1.89151770908811,9536.65208402834,3.56577658128261,0.308335402043916,138.226810266108,1.506,45.3254437869822,6525.47304268137,4002.2461173426,15.9,79.2292682926829,34.6514173213048,25.3,30.8172927602906,5446163.2,4.93939219854082,24062.7190013343,256794209028.77,72.7876426709563,10671870.0,100.21556854248,57.8053442859741,77205.5,9396.0,0.1663186856994416,2.681978922306639,32.70881046937871,Moyen-Élevé,Urbain,Mixte-Fossile,Moyenne,0,Pre-COVID,OUI
CZE,CZ,Prague,2019,pm25,12.85787013643254,9.6,11.343766503914182,0.0,90.6,7916,2019-01-01 11:00:00+00:00,2019-12-31 21:00:00+00:00,1384732.0,50.0875,14.4214,Czechia,Europe & Central Asia,High income,99.0733677168251,1.89151770908811,9536.65208402834,3.56577658128261,0.308335402043916,138.226810266108,1.506,45.3254437869822,6525.47304268137,4002.2461173426,15.9,79.2292682926829,34.6514173213048,25.3,30.8172927602906,5446163.2,4.93939219854082,24062.7190013343,256794209028.77,72.7876426709563,10671870.0,100.21556854248,57.8053442859741,77205.5,9396.0,0.1663186856994416,2.681978922306639,32.70881046937871,Moyen-Élevé,Urbain,Mixte-Fossile,Moyenne,0,Pre-COVID,OUI
CZE,CZ,Prague,2019,so2,3.439760778128286,3.5,2.261583023256362,0.0,16.5,7608,2019-01-01 11:00:00+00:00,2019-12-27 13:00:00+00:00,1384732.0,50.0875,14.4214,Czechia,Europe & Central Asia,High income,99.0733677168251,1.89151770908811,9536.65208402834,3.56577658128261,0.308335402043916,138.226810266108,1.506,45.3254437869822,6525.47304268137,4002.2461173426,15.9,79.2292682926829,34.6514173213048,25.3,30.8172927602906,5446163.2,4.93939219854082,24062.7190013343,256794209028.77,72.7876426709563,10671870.0,100.21556854248,57.8053442859741,77205.5,9396.0,0.1663186856994416,2.681978922306639,32.70881046937871,Moyen-Élevé,Urbain,Mixte-Fossile,Moyenne,0,Pre-COVID,OUI
CZE,CZ,Prague,2020,no2,29.438856492675296,25.8,16.061234992196823,2.3,117.5,7031,2020-01-01 00:00:00+00:00,2020-12-31 22:00:00+00:00,1384732.0,50.0875,14.4214,Czechia,Europe & Central Asia,High income,99.0728030542538,1.94399138825301,8824.94500646944,-5.30487955463876,0.157796536482863,138.575928842168,1.366,40.0937147343114,6286.67907164219,3764.47161158552,17.0,78.2268292682927,34.6779919254939,26.2,29.6728490106408,929888.181,5.05004661204063,23472.8915454417,251109660602.536,72.7254901604208,10697858.0,99.3292617797852,59.5821298700586,77198.53,9377.0,0.1603684503823366,2.227428596350633,31.61684039889381,Moyen-Élevé,Urbain,Mixte-Fossile,Moyenne,1,COVID,OUI
CZE,CZ,Prague,2020,o3,50.45062503137708,49.3,29.805894703196795,2.0,155.0,19919,2020-01-01 00:00:00+00:00,2020-12-31 22:00:00+00:00,1384732.0,50.0875,14.4214,Czechia,Europe & Central Asia,High income,99.0728030542538,1.94399138825301,8824.94500646944,-5.30487955463876,0.157796536482863,138.575928842168,1.366,40.0937147343114,6286.67907164219,3764.47161158552,17.0,78.2268292682927,34.6779919254939,26.2,29.6728490106408,929888.181,5.05004661204063,23472.8915454417,251109660602.536,72.7254901604208,10697858.0,99.3292617797852,59.5821298700586,77198.53,9377.0,0.1603684503823366,2.227428596350633,31.61684039889381,Moyen-Élevé,Urbain,Mixte-Fossile,Moyenne,1,COVID,OUI
CZE,CZ,Prague,2020,pm10,19.52285916489738,16.0,16.410986681557308,2.0,555.0,14130,2020-01-01 00:00:00+00:00,2020-12-31 22:00:00+00:00,1384732.0,50.0875,14.4214,Czechia,Europe & Central Asia,High income,99.0728030542538,1.94399138825301,8824.94500646944,-5.30487955463876,0.157796536482863,138.575928842168,1.366,40.0937147343114,6286.67907164219,3764.47161158552,17.0,78.2268292682927,34.6779919254939,26.2,29.6728490106408,929888.181,5.05004661204063,23472.8915454417,251109660602.536,72.7254901604208,10697858.0,99.3292617797852,59.5821298700586,77198.53,9377.0,0.1603684503823366,2.227428596350633,31.61684039889381,Moyen-Élevé,Urbain,Mixte-Fossile,Moyenne,1,COVID,OUI
CZE,CZ,Prague,2020,pm25,12.838221047996475,10.1,10.173565154674924,2.0,92.5,6813,2020-01-01 00:00:00+00:00,2020-12-31 22:00:00+00:00,1384732.0,50.0875,14.4214,Czechia,Europe & Central Asia,High income,99.0728030542538,1.94399138825301,8824.94500646944,-5.30487955463876,0.157796536482863,138.575928842168,1.366,40.0937147343114,6286.67907164219,3764.47161158552,17.0,78.2268292682927,34.6779919254939,26.2,29.6728490106408,929888.181,5.05004661204063,23472.8915454417,251109660602.536,72.7254901604208,10697858.0,99.3292617797852,59.5821298700586,77198.53,9377.0,0.1603684503823366,2.227428596350633,31.61684039889381,Moyen-Élevé,Urbain,Mixte-Fossile,Moyenne,1,COVID,OUI
CZE,CZ,Prague,2020,so2,6.291193737769079,5.1,7.0645892131253385,2.7,111.3,3577,2020-01-02 16:00:00+00:00,2020-12-31 22:00:00+00:00,1384732.0,50.0875,14.4214,Czechia,Europe & Central Asia,High income,99.0728030542538,1.94399138825301,8824.94500646944,-5.30487955463876,0.157796536482863,138.575928842168,1.366,40.0937147343114,6286.67907164219,3764.47161158552,17.0,78.2268292682927,34.6779919254939,26.2,29.6728490106408,929888.181,5.05004661204063,23472.8915454417,251109660602.536,72.7254901604208,10697858.0,99.3292617797852,59.5821298700586,77198.53,9377.0,0.1603684503823366,2.227428596350633,31.61684039889381,Moyen-Élevé,Urbain,Mixte-Fossile,Moyenne,1,COVID,OUI
CZE,CZ,Prague,2021,no2,30.356672310297057,27.5,16.438150019248415,1.9,121.7,6497,2021-01-01 00:00:00+00:00,2021-12-31 22:00:00+00:00,1384732.0,50.0875,14.4214,Czechia,Europe & Central Asia,High income,99.0721814938167,1.75886666492278,9355.64243674634,4.02901832055149,-1.87299322902636,136.108349053848,1.349,40.9421866729401,6690.60779160256,4056.31700066788,17.2,77.2219512195122,34.7066980208929,26.2,28.5164055991395,1418032.0,4.29335999529495,27696.4619527544,290972714482.313,72.6810594374316,10505772.0,102.089942932129,60.8665523629247,77186.83,9357.0,0.1464508555905605,2.2495706963153905,30.27527226406228,Moyen-Élevé,Urbain,Mixte-Fossile,Moyenne,0,Post-COVID,OUI
CZE,CZ,Prague,2021,o3,44.89171999117387,43.1,27.253729463873437,2.0,157.4,18128,2021-01-01 00:00:00+00:00,2021-12-31 22:00:00+00:00,1384732.0,50.0875,14.4214,Czechia,Europe & Central Asia,High income,99.0721814938167,1.75886666492278,9355.64243674634,4.02901832055149,-1.87299322902636,136.108349053848,1.349,40.9421866729401,6690.60779160256,4056.31700066788,17.2,77.2219512195122,34.7066980208929,26.2,28.5164055991395,1418032.0,4.29335999529495,27696.4619527544,290972714482.313,72.6810594374316,10505772.0,102.089942932129,60.8665523629247,77186.83,9357.0,0.1464508555905605,2.2495706963153905,30.27527226406228,Moyen-Élevé,Urbain,Mixte-Fossile,Moyenne,0,Post-COVID,OUI
CZE,CZ,Prague,2021,pm10,21.240519522167883,18.0,16.889380033275195,2.0,569.0,12473,2021-01-01 00:00:00+00:00,2021-12-31 22:00:00+00:00,1384732.0,50.0875,14.4214,Czechia,Europe & Central Asia,High income,99.0721814938167,1.75886666492278,9355.64243674634,4.02901832055149,-1.87299322902636,136.108349053848,1.349,40.9421866729401,6690.60779160256,4056.31700066788,17.2,77.2219512195122,34.7066980208929,26.2,28.5164055991395,1418032.0,4.29335999529495,27696.4619527544,290972714482.313,72.6810594374316,10505772.0,102.089942932129,60.8665523629247,77186.83,9357.0,0.1464508555905605,2.2495706963153905,30.27527226406228,Moyen-Élevé,Urbain,Mixte-Fossile,Moyenne,0,Post-COVID,OUI
CZE,CZ,Prague,2021,pm25,14.87964285714286,12.0,10.742475091524406,2.0,120.1,5880,2021-01-01 00:00:00+00:00,2021-12-31 18:00:00+00:00,1384732.0,50.0875,14.4214,Czechia,Europe & Central Asia,High income,99.0721814938167,1.75886666492278,9355.64243674634,4.02901832055149,-1.87299322902636,136.108349053848,1.349,40.9421866729401,6690.60779160256,4056.31700066788,17.2,77.2219512195122,34.7066980208929,26.2,28.5164055991395,1418032.0,4.29335999529495,27696.4619527544,290972714482.313,72.6810594374316,10505772.0,102.089942932129,60.8665523629247,77186.83,9357.0,0.1464508555905605,2.2495706963153905,30.27527226406228,Moyen-Élevé,Urbain,Mixte-Fossile,Moyenne,0,Post-COVID,OUI
CZE,CZ,Prague,2021,so2,4.525675675675676,3.7,2.3022027832355847,2.7,29.6,2146,2021-01-01 00:00:00+00:00,2021-12-31 22:00:00+00:00,1384732.0,50.0875,14.4214,Czechia,Europe & Central Asia,High income,99.0721814938167,1.75886666492278,9355.64243674634,4.02901832055149,-1.87299322902636,136.108349053848,1.349,40.9421866729401,6690.60779160256,4056.31700066788,17.2,77.2219512195122,34.7066980208929,26.2,28.5164055991395,1418032.0,4.29335999529495,27696.4619527544,290972714482.313,72.6810594374316,10505772.0,102.089942932129,60.8665523629247,77186.83,9357.0,0.1464508555905605,2.2495706963153905,30.27527226406228,Moyen-Élevé,Urbain,Mixte-Fossile,Moyenne,0,Post-COVID,OUI
CZE,CZ,Prague,2022,no2,28.37076513639388,25.8,14.839537821831495,1.9,97.6,7515,2022-01-01 00:00:00+00:00,2022-12-31 22:00:00+00:00,1384732.0,50.0875,14.4214,Czechia,Europe & Central Asia,High income,99.0715177493914,2.07634975500264,9150.94096073442,2.8471706583814,1.59257724319103,138.290511305111,1.445,44.1296405421332,6363.02934431572,3895.62928915395,,78.9292682926829,34.7369431785448,25.9,29.2185730464326,2176800.0,4.02357100766058,28282.2236715857,301831228325.556,72.6967638379524,10672118.0,102.935562133789,59.7439357764226,77171.73,,0.1377363957655093,,31.29492280143524,Moyen-Élevé,Urbain,,Moyenne,0,Post-COVID,OUI
CZE,CZ,Prague,2022,o3,51.921156651451696,50.5,31.31307968619273,2.0,206.7,21251,2022-01-01 00:00:00+00:00,2022-12-31 21:00:00+00:00,1384732.0,50.0875,14.4214,Czechia,Europe & Central Asia,High income,99.0715177493914,2.07634975500264,9150.94096073442,2.8471706583814,1.59257724319103,138.290511305111,1.445,44.1296405421332,6363.02934431572,3895.62928915395,,78.9292682926829,34.7369431785448,25.9,29.2185730464326,2176800.0,4.02357100766058,28282.2236715857,301831228325.556,72.6967638379524,10672118.0,102.935562133789,59.7439357764226,77171.73,,0.1377363957655093,,31.29492280143524,Moyen-Élevé,Urbain,,Moyenne,0,Post-COVID,OUI
CZE,CZ,Prague,2022,pm10,22.164535567313344,19.0,16.080012797185216,3.0,172.0,13608,2022-01-01 00:00:00+00:00,2022-12-31 22:00:00+00:00,1384732.0,50.0875,14.4214,Czechia,Europe & Central Asia,High income,99.0715177493914,2.07634975500264,9150.94096073442,2.8471706583814,1.59257724319103,138.290511305111,1.445,44.1296405421332,6363.02934431572,3895.62928915395,,78.9292682926829,34.7369431785448,25.9,29.2185730464326,2176800.0,4.02357100766058,28282.2236715857,301831228325.556,72.6967638379524,10672118.0,102.935562133789,59.7439357764226,77171.73,,0.1377363957655093,,31.29492280143524,Moyen-Élevé,Urbain,,Moyenne,0,Post-COVID,OUI
CZE,CZ,Prague,2022,pm25,14.37403901319564,11.6,10.721957389253951,3.0,132.7,6972,2022-01-01 00:00:00+00:00,2022-12-31 22:00:00+00:00,1384732.0,50.0875,14.4214,Czechia,Europe & Central Asia,High income,99.0715177493914,2.07634975500264,9150.94096073442,2.8471706583814,1.59257724319103,138.290511305111,1.445,44.1296405421332,6363.02934431572,3895.62928915395,,78.9292682926829,34.7369431785448,25.9,29.2185730464326,2176800.0,4.02357100766058,28282.2236715857,301831228325.556,72.6967638379524,10672118.0,102.935562133789,59.7439357764226,77171.73,,0.1377363957655093,,31.29492280143524,Moyen-Élevé,Urbain,,Moyenne,0,Post-COVID,OUI
CZE,CZ,Prague,2022,so2,4.777137404580153,4.5,1.7119284279865288,2.7,17.0,2620,2022-01-02 09:00:00+00:00,2022-12-17 13:00:00+00:00,1384732.0,50.0875,14.4214,Czechia,Europe & Central Asia,High income,99.0715177493914,2.07634975500264,9150.94096073442,2.8471706583814,1.59257724319103,138.290511305111,1.445,44.1296405421332,6363.02934431572,3895.62928915395,,78.9292682926829,34.7369431785448,25.9,29.2185730464326,2176800.0,4.02357100766058,28282.2236715857,301831228325.556,72.6967638379524,10672118.0,102.935562133789,59.7439357764226,77171.73,,0.1377363957655093,,31.29492280143524,Moyen-Élevé,Urbain,,Moyenne,0,Post-COVID,OUI
CZE,CZ,Prague,2023,no2,27.57268314210062,24.7,14.68870430037175,2.1,131.4,6798,2023-01-01 00:00:00+00:00,2023-12-31 22:00:00+00:00,1384732.0,50.0875,14.4214,Czechia,Europe & Central Asia,High income,99.0708089030162,2.14121915412639,8706.43565967117,0.0475803308973752,1.83530711139438,140.785547662605,,39.4680795802815,5965.3672178366,3509.34804885656,,79.8780487804878,34.7623883740408,25.7,30.0237282227463,2175763.454,3.91148511765623,31761.5944102491,345059295659.911,72.7352388396817,10864042.0,97.6154174804688,59.6975973460946,77167.31,,0.1104868199218691,,32.16494737687269,Moyen-Élevé,Urbain,,Moyenne,0,Post-COVID,OUI
CZE,CZ,Prague,2023,o3,55.71127845884413,55.1,29.76737795513789,2.0,162.8,19985,2023-01-01 00:00:00+00:00,2023-12-31 21:00:00+00:00,1384732.0,50.0875,14.4214,Czechia,Europe & Central Asia,High income,99.0708089030162,2.14121915412639,8706.43565967117,0.0475803308973752,1.83530711139438,140.785547662605,,39.4680795802815,5965.3672178366,3509.34804885656,,79.8780487804878,34.7623883740408,25.7,30.0237282227463,2175763.454,3.91148511765623,31761.5944102491,345059295659.911,72.7352388396817,10864042.0,97.6154174804688,59.6975973460946,77167.31,,0.1104868199218691,,32.16494737687269,Moyen-Élevé,Urbain,,Moyenne,0,Post-COVID,OUI
CZE,CZ,Prague,2023,pm10,18.001188327316484,14.9,13.32803767563504,3.0,366.0,13296,2023-01-01 00:00:00+00:00,2023-12-31 22:00:00+00:00,1384732.0,50.0875,14.4214,Czechia,Europe & Central Asia,High income,99.0708089030162,2.14121915412639,8706.43565967117,0.0475803308973752,1.83530711139438,140.785547662605,,39.4680795802815,5965.3672178366,3509.34804885656,,79.8780487804878,34.7623883740408,25.7,30.0237282227463,2175763.454,3.91148511765623,31761.5944102491,345059295659.911,72.7352388396817,10864042.0,97.6154174804688,59.6975973460946,77167.31,,0.1104868199218691,,32.16494737687269,Moyen-Élevé,Urbain,,Moyenne,0,Post-COVID,OUI
CZE,CZ,Prague,2023,pm25,11.647703180212014,9.4,14.056155505620447,3.0,526.0,5943,2023-01-01 00:00:00+00:00,2023-12-31 22:00:00+00:00,1384732.0,50.0875,14.4214,Czechia,Europe & Central Asia,High income,99.0708089030162,2.14121915412639,8706.43565967117,0.0475803308973752,1.83530711139438,140.785547662605,,39.4680795802815,5965.3672178366,3509.34804885656,,79.8780487804878,34.7623883740408,25.7,30.0237282227463,2175763.454,3.91148511765623,31761.5944102491,345059295659.911,72.7352388396817,10864042.0,97.6154174804688,59.6975973460946,77167.31,,0.1104868199218691,,32.16494737687269,Moyen-Élevé,Urbain,,Moyenne,0,Post-COVID,OUI
CZE,CZ,Prague,2023,so2,5.159044551798175,4.8,2.692191946250802,2.7,61.8,1863,2023-01-17 17:00:00+00:00,2023-12-22 12:00:00+00:00,1384732.0,50.0875,14.4214,Czechia,Europe & Central Asia,High income,99.0708089030162,2.14121915412639,8706.43565967117,0.0475803308973752,1.83530711139438,140.785547662605,,39.4680795802815,5965.3672178366,3509.34804885656,,79.8780487804878,34.7623883740408,25.7,30.0237282227463,2175763.454,3.91148511765623,31761.5944102491,345059295659.911,72.7352388396817,10864042.0,97.6154174804688,59.6975973460946,77167.31,,0.1104868199218691,,32.16494737687269,Moyen-Élevé,Urbain,,Moyenne,0,Post-COVID,OUI
DEU,DE,Berlin,2019,no2,14.593013553578992,11.695,14.486273042986058,0.0,96.32,4722,2019-01-01 23:00:00+00:00,2019-12-31 00:00:00+00:00,4679500.0,52.52,13.405,Germany,Europe & Central Asia,High income,99.2253839958428,0.833126017731138,22927.8746520339,0.977734697038784,0.426317421770722,237.822954291766,25.792569,29.9558259201835,6580.29256436905,3570.88159282488,17.1,81.2926829268293,32.6826755201923,31.8,25.5415743169893,109633750.727,4.52681338634443,47656.199739747,3959894794039.21,81.3053991689039,83092962.0,101.152557373047,63.0067735661299,349390.0,33423.0,0.0749284811597249,1.6550180066399722,26.37470033472044,Élevé,Urbain,Mixte-Fossile,Moyenne,0,Pre-COVID,OUI
DEU,DE,Berlin,2019,pm10,13.736290686432485,11.84,12.843268769186562,0.0,64.65,3103,2019-01-01 23:00:00+00:00,2019-12-31 00:00:00+00:00,4679500.0,52.52,13.405,Germany,Europe & Central Asia,High income,99.2253839958428,0.833126017731138,22927.8746520339,0.977734697038784,0.426317421770722,237.822954291766,25.792569,29.9558259201835,6580.29256436905,3570.88159282488,17.1,81.2926829268293,32.6826755201923,31.8,25.5415743169893,109633750.727,4.52681338634443,47656.199739747,3959894794039.21,81.3053991689039,83092962.0,101.152557373047,63.0067735661299,349390.0,33423.0,0.0749284811597249,1.6550180066399722,26.37470033472044,Élevé,Urbain,Mixte-Fossile,Moyenne,0,Pre-COVID,OUI
DEU,DE,Berlin,2019,so2,1.4256827309236948,0.7,1.995733688011443,0.0,12.9,498,2019-01-01 23:00:00+00:00,2019-04-01 05:00:00+00:00,4679500.0,52.52,13.405,Germany,Europe & Central Asia,High income,99.2253839958428,0.833126017731138,22927.8746520339,0.977734697038784,0.426317421770722,237.822954291766,25.792569,29.9558259201835,6580.29256436905,3570.88159282488,17.1,81.2926829268293,32.6826755201923,31.8,25.5415743169893,109633750.727,4.52681338634443,47656.199739747,3959894794039.21,81.3053991689039,83092962.0,101.152557373047,63.0067735661299,349390.0,33423.0,0.0749284811597249,1.6550180066399722,26.37470033472044,Élevé,Urbain,Mixte-Fossile,Moyenne,0,Pre-COVID,OUI
DEU,DE,Berlin,2020,no2,16.073430583501004,13.225,10.552480394571496,2.09,98.87,1988,2020-01-01 00:00:00+00:00,2020-12-30 01:00:00+00:00,4679500.0,52.52,13.405,Germany,Europe & Central Asia,High income,99.2256156866511,0.728659526127881,21568.2222495015,-4.13191443239947,0.283943245187797,238.017318755545,25.792569,24.9710667255179,6367.10502947955,3349.19931383762,18.5,81.0414634146342,32.6826755201923,32.4,25.2353421894561,25758450.0,4.68128216980444,47394.8734504469,3941398957073.94,81.4700055002738,83160871.0,101.307800292969,63.8751333055131,349390.0,33399.0,0.0706643652709398,1.2805675243855337,25.964001715583983,Élevé,Urbain,Mixte-Fossile,Moyenne,1,COVID,OUI
DEU,DE,Berlin,2020,pm10,16.43155504234026,13.77,10.686459826342956,3.36,180.33,1299,2020-01-01 00:00:00+00:00,2020-12-30 01:00:00+00:00,4679500.0,52.52,13.405,Germany,Europe & Central Asia,High income,99.2256156866511,0.728659526127881,21568.2222495015,-4.13191443239947,0.283943245187797,238.017318755545,25.792569,24.9710667255179,6367.10502947955,3349.19931383762,18.5,81.0414634146342,32.6826755201923,32.4,25.2353421894561,25758450.0,4.68128216980444,47394.8734504469,3941398957073.94,81.4700055002738,83160871.0,101.307800292969,63.8751333055131,349390.0,33399.0,0.0706643652709398,1.2805675243855337,25.964001715583983,Élevé,Urbain,Mixte-Fossile,Moyenne,1,COVID,OUI
DEU,DE,Berlin,2021,no2,15.151463414634147,11.96,10.633424915143472,1.8,86.89,2337,2021-01-01 00:00:00+00:00,2021-12-31 01:00:00+00:00,4679500.0,52.52,13.405,Germany,Europe & Central Asia,High income,99.2258902349631,0.753895620719434,21881.8935081352,3.90999994204108,0.241688772523701,238.118085806692,25.792569,29.4980254690038,6582.54587433797,3467.03057027911,17.6,80.790243902439,32.6826755201923,,25.1570468778005,33073180.0,4.48415061428916,52349.2459994422,4355251953410.78,81.6325870653934,83196078.0,101.203536987305,63.5453543127468,349390.0,33401.0,0.0662275888888096,1.5859153477959032,25.910942498519933,Élevé,Urbain,Mixte-Fossile,Moyenne,0,Post-COVID,OUI
DEU,DE,Berlin,2021,pm10,17.639227301996137,15.24,10.584008655615357,3.96,111.66,1553,2021-01-01 00:00:00+00:00,2021-12-31 01:00:00+00:00,4679500.0,52.52,13.405,Germany,Europe & Central Asia,High income,99.2258902349631,0.753895620719434,21881.8935081352,3.90999994204108,0.241688772523701,238.118085806692,25.792569,29.4980254690038,6582.54587433797,3467.03057027911,17.6,80.790243902439,32.6826755201923,,25.1570468778005,33073180.0,4.48415061428916,52349.2459994422,4355251953410.78,81.6325870653934,83196078.0,101.203536987305,63.5453543127468,349390.0,33401.0,0.0662275888888096,1.5859153477959032,25.910942498519933,Élevé,Urbain,Mixte-Fossile,Moyenne,0,Post-COVID,OUI
DEU,DE,Berlin,2021,pm25,13.60550505050505,11.2,8.042251526132876,2.78,45.04,594,2021-04-17 23:00:00+00:00,2021-12-31 01:00:00+00:00,4679500.0,52.52,13.405,Germany,Europe & Central Asia,High income,99.2258902349631,0.753895620719434,21881.8935081352,3.90999994204108,0.241688772523701,238.118085806692,25.792569,29.4980254690038,6582.54587433797,3467.03057027911,17.6,80.790243902439,32.6826755201923,,25.1570468778005,33073180.0,4.48415061428916,52349.2459994422,4355251953410.78,81.6325870653934,83196078.0,101.203536987305,63.5453543127468,349390.0,33401.0,0.0662275888888096,1.5859153477959032,25.910942498519933,Élevé,Urbain,Mixte-Fossile,Moyenne,0,Post-COVID,OUI
DEU,DE,Berlin,2022,no2,13.212066192390967,10.71,9.406612026318864,1.15,82.74,3233,2022-01-01 00:00:00+00:00,2022-12-31 00:00:00+00:00,4679500.0,52.52,13.405,Germany,Europe & Central Asia,High income,99.2262023543276,0.994638278032481,22744.1200546806,1.8092581243061,0.166757466008231,238.086252003664,25.792569,32.7317259378633,6316.27571164921,3261.8564081995,,80.6080487804878,32.685482024273,,25.560348825259,69045135.0,4.54599627946503,50506.5179638543,4201021706478.62,81.7867852780995,83177813.0,100.81729888916,63.4806825103587,349360.0,,0.0645816017040046,,26.55498710329148,Élevé,Urbain,,Moyenne,0,Post-COVID,OUI
DEU,DE,Berlin,2022,pm10,16.844026034402603,15.08,8.5664620667839,3.43,57.92,2151,2022-01-01 00:00:00+00:00,2022-12-31 00:00:00+00:00,4679500.0,52.52,13.405,Germany,Europe & Central Asia,High income,99.2262023543276,0.994638278032481,22744.1200546806,1.8092581243061,0.166757466008231,238.086252003664,25.792569,32.7317259378633,6316.27571164921,3261.8564081995,,80.6080487804878,32.685482024273,,25.560348825259,69045135.0,4.54599627946503,50506.5179638543,4201021706478.62,81.7867852780995,83177813.0,100.81729888916,63.4806825103587,349360.0,,0.0645816017040046,,26.55498710329148,Élevé,Urbain,,Moyenne,0,Post-COVID,OUI
DEU,DE,Berlin,2022,pm25,12.087820512820512,10.135000000000002,7.374513286170244,2.27,49.75,1092,2022-01-01 00:00:00+00:00,2022-12-31 00:00:00+00:00,4679500.0,52.52,13.405,Germany,Europe & Central Asia,High income,99.2262023543276,0.994638278032481,22744.1200546806,1.8092581243061,0.166757466008231,238.086252003664,25.792569,32.7317259378633,6316.27571164921,3261.8564081995,,80.6080487804878,32.685482024273,,25.560348825259,69045135.0,4.54599627946503,50506.5179638543,4201021706478.62,81.7867852780995,83177813.0,100.81729888916,63.4806825103587,349360.0,,0.0645816017040046,,26.55498710329148,Élevé,Urbain,,Moyenne,0,Post-COVID,OUI
DEU,DE,Berlin,2023,no2,13.373568121521094,10.79,9.456835102242284,0.19,100.65,19223,2023-01-01 00:00:00+00:00,2023-12-31 20:00:00+00:00,4679500.0,52.52,13.405,Germany,Europe & Central Asia,High income,99.2265552501835,0.929156663056282,22549.8029138913,-0.869647578573321,0.274038735862279,238.351810090719,,26.3522185820533,5947.27119952649,2928.19658713867,,80.5414634146342,32.6789342643734,,26.7958505063624,80199572.0,5.03515465508585,54776.7668235491,4562207532490.28,81.9034366692129,83287273.0,100.603057861328,63.6154489715143,349430.0,,0.0534559321589545,,27.72500716941868,Élevé,Urbain,,Moyenne,0,Post-COVID,OUI
DEU,DE,Berlin,2023,pm10,15.936511154598826,14.25,8.69879004362804,2.6,208.98,12775,2023-01-01 00:00:00+00:00,2023-12-31 20:00:00+00:00,4679500.0,52.52,13.405,Germany,Europe & Central Asia,High income,99.2265552501835,0.929156663056282,22549.8029138913,-0.869647578573321,0.274038735862279,238.351810090719,,26.3522185820533,5947.27119952649,2928.19658713867,,80.5414634146342,32.6789342643734,,26.7958505063624,80199572.0,5.03515465508585,54776.7668235491,4562207532490.28,81.9034366692129,83287273.0,100.603057861328,63.6154489715143,349430.0,,0.0534559321589545,,27.72500716941868,Élevé,Urbain,,Moyenne,0,Post-COVID,OUI
DEU,DE,Berlin,2023,pm25,10.076363636363636,8.71,5.681210346947871,1.3,61.16,6325,2023-01-01 00:00:00+00:00,2023-12-31 20:00:00+00:00,4679500.0,52.52,13.405,Germany,Europe & Central Asia,High income,99.2265552501835,0.929156663056282,22549.8029138913,-0.869647578573321,0.274038735862279,238.351810090719,,26.3522185820533,5947.27119952649,2928.19658713867,,80.5414634146342,32.6789342643734,,26.7958505063624,80199572.0,5.03515465508585,54776.7668235491,4562207532490.28,81.9034366692129,83287273.0,100.603057861328,63.6154489715143,349430.0,,0.0534559321589545,,27.72500716941868,Élevé,Urbain,,Moyenne,0,Post-COVID,OUI
DEU,DE,Stuttgart,2019,no2,23.46037878787879,18.2,22.83602847192905,0.0,117.8,3960,2019-01-01 23:00:00+00:00,2019-12-29 23:00:00+00:00,2787724.0,48.7775,9.18,Germany,Europe & Central Asia,High income,99.2253839958428,0.833126017731138,22927.8746520339,0.977734697038784,0.426317421770722,237.822954291766,25.792569,29.9558259201835,6580.29256436905,3570.88159282488,17.1,81.2926829268293,32.6826755201923,31.8,25.5415743169893,109633750.727,4.52681338634443,47656.199739747,3959894794039.21,81.3053991689039,83092962.0,101.152557373047,63.0067735661299,349390.0,33423.0,0.0749284811597249,1.6550180066399722,26.37470033472044,Élevé,Urbain,Mixte-Fossile,Moyenne,0,Pre-COVID,OUI
DEU,DE,Stuttgart,2019,o3,27.15248979591837,12.6,30.33426570030825,0.0,114.3,1225,2019-01-01 23:00:00+00:00,2019-12-29 23:00:00+00:00,2787724.0,48.7775,9.18,Germany,Europe & Central Asia,High income,99.2253839958428,0.833126017731138,22927.8746520339,0.977734697038784,0.426317421770722,237.822954291766,25.792569,29.9558259201835,6580.29256436905,3570.88159282488,17.1,81.2926829268293,32.6826755201923,31.8,25.5415743169893,109633750.727,4.52681338634443,47656.199739747,3959894794039.21,81.3053991689039,83092962.0,101.152557373047,63.0067735661299,349390.0,33423.0,0.0749284811597249,1.6550180066399722,26.37470033472044,Élevé,Urbain,Mixte-Fossile,Moyenne,0,Pre-COVID,OUI
DEU,DE,Stuttgart,2020,no2,24.092727626459144,21.23,15.619554967532135,1.95,84.3,514,2020-01-01 23:00:00+00:00,2020-12-30 01:00:00+00:00,2787724.0,48.7775,9.18,Germany,Europe & Central Asia,High income,99.2256156866511,0.728659526127881,21568.2222495015,-4.13191443239947,0.283943245187797,238.017318755545,25.792569,24.9710667255179,6367.10502947955,3349.19931383762,18.5,81.0414634146342,32.6826755201923,32.4,25.2353421894561,25758450.0,4.68128216980444,47394.8734504469,3941398957073.94,81.4700055002738,83160871.0,101.307800292969,63.8751333055131,349390.0,33399.0,0.0706643652709398,1.2805675243855337,25.964001715583983,Élevé,Urbain,Mixte-Fossile,Moyenne,1,COVID,OUI
DEU,DE,Stuttgart,2020,o3,35.70407222222222,34.395,27.05409265562857,1.05,85.22,180,2020-01-01 23:00:00+00:00,2020-12-30 01:00:00+00:00,2787724.0,48.7775,9.18,Germany,Europe & Central Asia,High income,99.2256156866511,0.728659526127881,21568.2222495015,-4.13191443239947,0.283943245187797,238.017318755545,25.792569,24.9710667255179,6367.10502947955,3349.19931383762,18.5,81.0414634146342,32.6826755201923,32.4,25.2353421894561,25758450.0,4.68128216980444,47394.8734504469,3941398957073.94,81.4700055002738,83160871.0,101.307800292969,63.8751333055131,349390.0,33399.0,0.0706643652709398,1.2805675243855337,25.964001715583983,Élevé,Urbain,Mixte-Fossile,Moyenne,1,COVID,OUI
DEU,DE,Stuttgart,2021,no2,21.36640286624204,20.265,12.57513222591802,1.96,63.24,628,2021-01-01 00:00:00+00:00,2021-12-30 23:00:00+00:00,2787724.0,48.7775,9.18,Germany,Europe & Central Asia,High income,99.2258902349631,0.753895620719434,21881.8935081352,3.90999994204108,0.241688772523701,238.118085806692,25.792569,29.4980254690038,6582.54587433797,3467.03057027911,17.6,80.790243902439,32.6826755201923,,25.1570468778005,33073180.0,4.48415061428916,52349.2459994422,4355251953410.78,81.6325870653934,83196078.0,101.203536987305,63.5453543127468,349390.0,33401.0,0.0662275888888096,1.5859153477959032,25.910942498519933,Élevé,Urbain,Mixte-Fossile,Moyenne,0,Post-COVID,OUI
DEU,DE,Stuttgart,2021,o3,32.16441776315789,29.54,24.774586072742437,0.83,94.54,304,2021-01-01 00:00:00+00:00,2021-12-30 23:00:00+00:00,2787724.0,48.7775,9.18,Germany,Europe & Central Asia,High income,99.2258902349631,0.753895620719434,21881.8935081352,3.90999994204108,0.241688772523701,238.118085806692,25.792569,29.4980254690038,6582.54587433797,3467.03057027911,17.6,80.790243902439,32.6826755201923,,25.1570468778005,33073180.0,4.48415061428916,52349.2459994422,4355251953410.78,81.6325870653934,83196078.0,101.203536987305,63.5453543127468,349390.0,33401.0,0.0662275888888096,1.5859153477959032,25.910942498519933,Élevé,Urbain,Mixte-Fossile,Moyenne,0,Post-COVID,OUI
DEU,DE,Stuttgart,2022,no2,19.92032558139535,18.565,11.63780307406108,0.593,71.673,774,2022-01-08 23:00:00+00:00,2022-12-30 23:00:00+00:00,2787724.0,48.7775,9.18,Germany,Europe & Central Asia,High income,99.2262023543276,0.994638278032481,22744.1200546806,1.8092581243061,0.166757466008231,238.086252003664,25.792569,32.7317259378633,6316.27571164921,3261.8564081995,,80.6080487804878,32.685482024273,,25.560348825259,69045135.0,4.54599627946503,50506.5179638543,4201021706478.62,81.7867852780995,83177813.0,100.81729888916,63.4806825103587,349360.0,,0.0645816017040046,,26.55498710329148,Élevé,Urbain,,Moyenne,0,Post-COVID,OUI
DEU,DE,Stuttgart,2022,o3,40.51613783783784,41.272,28.47507448015416,0.0,137.015,370,2022-01-08 23:00:00+00:00,2022-12-30 23:00:00+00:00,2787724.0,48.7775,9.18,Germany,Europe & Central Asia,High income,99.2262023543276,0.994638278032481,22744.1200546806,1.8092581243061,0.166757466008231,238.086252003664,25.792569,32.7317259378633,6316.27571164921,3261.8564081995,,80.6080487804878,32.685482024273,,25.560348825259,69045135.0,4.54599627946503,50506.5179638543,4201021706478.62,81.7867852780995,83177813.0,100.81729888916,63.4806825103587,349360.0,,0.0645816017040046,,26.55498710329148,Élevé,Urbain,,Moyenne,0,Post-COVID,OUI
DEU,DE,Stuttgart,2023,no2,19.89857116578524,17.2945,12.783147140016688,0.657,76.014,8698,2023-01-02 23:00:00+00:00,2023-12-31 20:00:00+00:00,2787724.0,48.7775,9.18,Germany,Europe & Central Asia,High income,99.2265552501835,0.929156663056282,22549.8029138913,-0.869647578573321,0.274038735862279,238.351810090719,,26.3522185820533,5947.27119952649,2928.19658713867,,80.5414634146342,32.6789342643734,,26.7958505063624,80199572.0,5.03515465508585,54776.7668235491,4562207532490.28,81.9034366692129,83287273.0,100.603057861328,63.6154489715143,349430.0,,0.0534559321589545,,27.72500716941868,Élevé,Urbain,,Moyenne,0,Post-COVID,OUI
DEU,DE,Stuttgart,2023,o3,57.40943943391701,57.076,33.826807472199725,0.0,158.207,4169,2023-01-02 23:00:00+00:00,2023-12-31 20:00:00+00:00,2787724.0,48.7775,9.18,Germany,Europe & Central Asia,High income,99.2265552501835,0.929156663056282,22549.8029138913,-0.869647578573321,0.274038735862279,238.351810090719,,26.3522185820533,5947.27119952649,2928.19658713867,,80.5414634146342,32.6789342643734,,26.7958505063624,80199572.0,5.03515465508585,54776.7668235491,4562207532490.28,81.9034366692129,83287273.0,100.603057861328,63.6154489715143,349430.0,,0.0534559321589545,,27.72500716941868,Élevé,Urbain,,Moyenne,0,Post-COVID,OUI
DNK,DK,Copenhagen,2019,co,78.40412163860266,0.0,108.33918940248904,0.0,620.0,7958,2019-01-01 11:00:00+00:00,2019-12-31 22:00:00+00:00,1366301.0,55.6805,12.5615,Denmark,Europe & Central Asia,High income,99.5972264992143,1.24122741169144,27010.255983018,1.71140093932736,0.475716691502162,145.36055,0.945594,11.2176446672991,5755.1722252014,2757.24986480703,37.2,81.4512195121951,15.6875,27.7,20.6402200527554,,6.31521886434476,59404.2663247723,345401473012.615,88.2096490810669,5814422.0,129.311126708984,65.1563499910143,40000.0,,0.0464142328683954,0.2936556195628036,21.88144746444684,Élevé,Très urbain,Mixte-Renouvelable,Moyenne,0,Pre-COVID,OUI
DNK,DK,Copenhagen,2019,no2,5.412407728406544,0.0,11.082503933939826,0.0,113.67,23653,2019-01-01 11:00:00+00:00,2019-12-31 22:00:00+00:00,1366301.0,55.6805,12.5615,Denmark,Europe & Central Asia,High income,99.5972264992143,1.24122741169144,27010.255983018,1.71140093932736,0.475716691502162,145.36055,0.945594,11.2176446672991,5755.1722252014,2757.24986480703,37.2,81.4512195121951,15.6875,27.7,20.6402200527554,,6.31521886434476,59404.2663247723,345401473012.615,88.2096490810669,5814422.0,129.311126708984,65.1563499910143,40000.0,,0.0464142328683954,0.2936556195628036,21.88144746444684,Élevé,Très urbain,Mixte-Renouvelable,Moyenne,0,Pre-COVID,OUI
DNK,DK,Copenhagen,2019,o3,18.004071976846607,0.0,27.0955909124602,0.0,123.45,7947,2019-01-01 11:00:00+00:00,2019-12-31 22:00:00+00:00,1366301.0,55.6805,12.5615,Denmark,Europe & Central Asia,High income,99.5972264992143,1.24122741169144,27010.255983018,1.71140093932736,0.475716691502162,145.36055,0.945594,11.2176446672991,5755.1722252014,2757.24986480703,37.2,81.4512195121951,15.6875,27.7,20.6402200527554,,6.31521886434476,59404.2663247723,345401473012.615,88.2096490810669,5814422.0,129.311126708984,65.1563499910143,40000.0,,0.0464142328683954,0.2936556195628036,21.88144746444684,Élevé,Très urbain,Mixte-Renouvelable,Moyenne,0,Pre-COVID,OUI
DNK,DK,Copenhagen,2020,co,188.8848080133556,170.0,807.8769364933444,0.0,62590.0,5990,2020-01-01 00:00:00+00:00,2020-12-31 22:00:00+00:00,1366301.0,55.6805,12.5615,Denmark,Europe & Central Asia,High income,99.5972310070963,1.33752008668451,26561.3325985407,-1.78010601831291,0.325427948744826,145.7851,0.947277,10.6551099972153,5693.99753472749,2637.04300572344,39.5,81.6024390243903,15.711,27.5,19.5550544065806,,8.37858535226956,60985.4885601514,355631021931.621,88.2394485473632,5831404.0,129.995193481445,65.9864386706891,40000.0,,0.0432397907796004,0.2630891357337111,20.89257449326511,Élevé,Très urbain,Mixte-Renouvelable,Moyenne,1,COVID,OUI
DNK,DK,Copenhagen,2020,no2,13.28994982355536,9.575,11.442390916190885,0.0,96.71,18136,2020-01-01 00:00:00+00:00,2020-12-31 22:00:00+00:00,1366301.0,55.6805,12.5615,Denmark,Europe & Central Asia,High income,99.5972310070963,1.33752008668451,26561.3325985407,-1.78010601831291,0.325427948744826,145.7851,0.947277,10.6551099972153,5693.99753472749,2637.04300572344,39.5,81.6024390243903,15.711,27.5,19.5550544065806,,8.37858535226956,60985.4885601514,355631021931.621,88.2394485473632,5831404.0,129.995193481445,65.9864386706891,40000.0,,0.0432397907796004,0.2630891357337111,20.89257449326511,Élevé,Très urbain,Mixte-Renouvelable,Moyenne,1,COVID,OUI
DNK,DK,Copenhagen,2020,o3,60.74052223371251,61.78,23.247128441642367,1.44,549.98,5802,2020-01-01 00:00:00+00:00,2020-12-31 22:00:00+00:00,1366301.0,55.6805,12.5615,Denmark,Europe & Central Asia,High income,99.5972310070963,1.33752008668451,26561.3325985407,-1.78010601831291,0.325427948744826,145.7851,0.947277,10.6551099972153,5693.99753472749,2637.04300572344,39.5,81.6024390243903,15.711,27.5,19.5550544065806,,8.37858535226956,60985.4885601514,355631021931.621,88.2394485473632,5831404.0,129.995193481445,65.9864386706891,40000.0,,0.0432397907796004,0.2630891357337111,20.89257449326511,Élevé,Très urbain,Mixte-Renouvelable,Moyenne,1,COVID,OUI
DNK,DK,Copenhagen,2021,co,209.82694454782285,190.0,592.9222314750991,0.0,42530.0,5374,2021-01-01 00:00:00+00:00,2021-12-31 22:00:00+00:00,1366301.0,55.6805,12.5615,Denmark,Europe & Central Asia,High income,99.5972289739284,1.08103120928969,27893.6264764829,6.50025445756295,0.458563062542163,146.418325,0.959165,13.2072617246596,6132.42912046699,2756.12264765988,39.5,81.4048780487805,15.7345,28.3,19.3930980986428,,6.06051437216339,69340.7334922138,406110162088.054,88.2616449318149,5856733.0,131.772018432617,66.6398766336931,40000.0,,0.0397469533692773,0.3261052277693728,20.47412930793249,Élevé,Très urbain,Mixte-Renouvelable,Moyenne,0,Post-COVID,OUI
DNK,DK,Copenhagen,2021,no2,14.121924014009442,10.33,11.72957741483597,0.0,90.11,13134,2021-01-01 00:00:00+00:00,2021-12-31 22:00:00+00:00,1366301.0,55.6805,12.5615,Denmark,Europe & Central Asia,High income,99.5972289739284,1.08103120928969,27893.6264764829,6.50025445756295,0.458563062542163,146.418325,0.959165,13.2072617246596,6132.42912046699,2756.12264765988,39.5,81.4048780487805,15.7345,28.3,19.3930980986428,,6.06051437216339,69340.7334922138,406110162088.054,88.2616449318149,5856733.0,131.772018432617,66.6398766336931,40000.0,,0.0397469533692773,0.3261052277693728,20.47412930793249,Élevé,Très urbain,Mixte-Renouvelable,Moyenne,0,Post-COVID,OUI
DNK,DK,Copenhagen,2021,o3,57.98009798379499,58.69,19.84149230278697,2.11,154.69,5307,2021-01-01 01:00:00+00:00,2021-12-31 22:00:00+00:00,1366301.0,55.6805,12.5615,Denmark,Europe & Central Asia,High income,99.5972289739284,1.08103120928969,27893.6264764829,6.50025445756295,0.458563062542163,146.418325,0.959165,13.2072617246596,6132.42912046699,2756.12264765988,39.5,81.4048780487805,15.7345,28.3,19.3930980986428,,6.06051437216339,69340.7334922138,406110162088.054,88.2616449318149,5856733.0,131.772018432617,66.6398766336931,40000.0,,0.0397469533692773,0.3261052277693728,20.47412930793249,Élevé,Très urbain,Mixte-Renouvelable,Moyenne,0,Post-COVID,OUI
DNK,DK,Copenhagen,2022,co,164.4483712354026,160.0,52.87307111766558,0.0,450.0,6508,2022-01-01 00:00:00+00:00,2022-12-31 22:00:00+00:00,1366301.0,55.6805,12.5615,Denmark,Europe & Central Asia,High income,99.5972313839473,1.00228533729664,27279.1210874228,0.443832614908331,0.930589269895906,147.575925,0.93435,12.6099706744868,5847.15969085066,2580.54319180783,,81.3048780487805,15.758,29.3,20.6688567291554,,5.60886029097742,67781.0940939514,400114306337.077,88.3880239837703,5903037.0,130.326995849609,66.429806790063,40000.0,,0.0380711635764895,,21.67114206645204,Élevé,Très urbain,,Moyenne,0,Post-COVID,OUI
DNK,DK,Copenhagen,2022,no2,10.17176375838926,7.76,8.758637368758864,0.07,137.28,7450,2022-01-01 00:00:00+00:00,2022-12-31 22:00:00+00:00,1366301.0,55.6805,12.5615,Denmark,Europe & Central Asia,High income,99.5972313839473,1.00228533729664,27279.1210874228,0.443832614908331,0.930589269895906,147.575925,0.93435,12.6099706744868,5847.15969085066,2580.54319180783,,81.3048780487805,15.758,29.3,20.6688567291554,,5.60886029097742,67781.0940939514,400114306337.077,88.3880239837703,5903037.0,130.326995849609,66.429806790063,40000.0,,0.0380711635764895,,21.67114206645204,Élevé,Très urbain,,Moyenne,0,Post-COVID,OUI
DNK,DK,Copenhagen,2022,o3,60.387465283320026,60.02,19.830048509126584,3.55,146.04,6265,2022-01-01 00:00:00+00:00,2022-12-31 22:00:00+00:00,1366301.0,55.6805,12.5615,Denmark,Europe & Central Asia,High income,99.5972313839473,1.00228533729664,27279.1210874228,0.443832614908331,0.930589269895906,147.575925,0.93435,12.6099706744868,5847.15969085066,2580.54319180783,,81.3048780487805,15.758,29.3,20.6688567291554,,5.60886029097742,67781.0940939514,400114306337.077,88.3880239837703,5903037.0,130.326995849609,66.429806790063,40000.0,,0.0380711635764895,,21.67114206645204,Élevé,Très urbain,,Moyenne,0,Post-COVID,OUI
DNK,DK,Copenhagen,2023,co,175.9605986560782,170.0,55.21920967581959,0.0,1220.0,6548,2023-01-01 00:00:00+00:00,2023-12-31 22:00:00+00:00,1366301.0,55.6805,12.5615,Denmark,Europe & Central Asia,High income,99.5972246130908,1.03787056976317,27360.1712383283,0.604587766175584,0.927250215861962,148.6738,,7.48547373413969,5878.13723736126,2482.85667093368,,81.8536585365854,15.7815,29.9,23.6155835404278,,5.65931459741492,68043.5466971243,404651706117.557,88.552638542867,5946952.0,126.98078918457,63.9079515293954,40000.0,,0.0364886944134585,,24.65345411019097,Élevé,Très urbain,,Moyenne,0,Post-COVID,OUI
DNK,DK,Copenhagen,2023,no2,11.788446178563232,8.54,9.998645902742917,0.06,85.85,13071,2023-01-01 00:00:00+00:00,2023-12-31 22:00:00+00:00,1366301.0,55.6805,12.5615,Denmark,Europe & Central Asia,High income,99.5972246130908,1.03787056976317,27360.1712383283,0.604587766175584,0.927250215861962,148.6738,,7.48547373413969,5878.13723736126,2482.85667093368,,81.8536585365854,15.7815,29.9,23.6155835404278,,5.65931459741492,68043.5466971243,404651706117.557,88.552638542867,5946952.0,126.98078918457,63.9079515293954,40000.0,,0.0364886944134585,,24.65345411019097,Élevé,Très urbain,,Moyenne,0,Post-COVID,OUI
DNK,DK,Copenhagen,2023,o3,65.66029541864138,66.525,20.787993627484585,3.39,132.77,6330,2023-01-01 00:00:00+00:00,2023-12-31 22:00:00+00:00,1366301.0,55.6805,12.5615,Denmark,Europe & Central Asia,High income,99.5972246130908,1.03787056976317,27360.1712383283,0.604587766175584,0.927250215861962,148.6738,,7.48547373413969,5878.13723736126,2482.85667093368,,81.8536585365854,15.7815,29.9,23.6155835404278,,5.65931459741492,68043.5466971243,404651706117.557,88.552638542867,5946952.0,126.98078918457,63.9079515293954,40000.0,,0.0364886944134585,,24.65345411019097,Élevé,Très urbain,,Moyenne,0,Post-COVID,OUI
DZA,DZ,Algiers,2019,pm25,21.63826800847458,19.9,8.591676555394956,6.0,89.1,3776,2019-06-15 21:00:00+00:00,2019-12-31 22:00:00+00:00,2364230.0,36.7325,3.0872,Algeria,"Middle East, North Africa, Afghanistan & Pakistan",Upper middle income,86.1385037232471,11.4791798857164,1908.36052963718,0.899999999219148,2.63993767594076,18.1776961381175,10.35333333,0.0,1651.17795668766,1463.50985736009,0.2,75.682,0.814110692183026,,33.5743211841578,6752002.0,12.1396854991046,4468.45341883656,193459662090.677,72.4824561380175,43294546.0,,50.4800694011749,2381740.0,4020.25,0.3274471664011782,0.0,45.0535010698742,Faible,Urbain,Fossile,Moyenne,0,Pre-COVID,OUI
DZA,DZ,Algiers,2020,pm25,20.375735821966977,18.0,10.500415594151544,4.0,161.7,6965,2020-01-01 00:00:00+00:00,2020-12-31 22:00:00+00:00,2364230.0,36.7325,3.0872,Algeria,"Middle East, North Africa, Afghanistan & Pakistan",Upper middle income,85.9654731245039,12.8341693887186,1785.9226030772,-4.99999999908597,2.49750261880048,18.4915612115512,10.629,0.0,1591.97709300405,1373.67832094406,0.1,73.257,0.818309303282474,,30.0235803787213,1460077.0,11.3448297643863,3743.5419522929,164873415325.201,73.0541126293395,44042091.0,,52.8041887035021,2381740.0,,0.3668481588523568,0.0,42.8577497674399,Faible,Urbain,Fossile,Moyenne,1,COVID,OUI
DZA,DZ,Algiers,2021,pm25,20.902787579393085,18.0,13.088987257550242,6.0,253.0,5668,2021-01-01 00:00:00+00:00,2021-12-31 22:00:00+00:00,2364230.0,36.7325,3.0872,Algeria,"Middle East, North Africa, Afghanistan & Pakistan",Upper middle income,85.7843029485606,11.2354345605089,1785.35066926176,3.79999999900707,2.39088665245616,18.7934447084904,9.992,0.0,1681.48239613152,1451.44517709293,0.1,75.208,0.822088053271978,,36.3214812457704,1949936.0,10.5094273334114,4160.55926736925,186231205262.082,73.6199218261573,44761099.0,,48.4879581553143,2381740.0,4000.5,0.3487743616854622,0.0,47.5569158062793,Faible,Urbain,Fossile,Moyenne,0,Post-COVID,OUI
DZA,DZ,Algiers,2022,pm25,18.21615680527569,16.0,11.293860674195413,0.0,211.0,5459,2022-01-01 00:00:00+00:00,2022-12-31 22:00:00+00:00,2364230.0,36.7325,3.0872,Algeria,"Middle East, North Africa, Afghanistan & Pakistan",Upper middle income,85.8262858406741,10.6470638553472,1820.49086737538,3.60000000094915,2.34491522475834,19.0941870229328,10.292,,1756.58721304339,1499.50999958517,,76.129,0.826286664371426,,43.0521306240802,4621351.0,9.61734498142079,4960.30334332888,225581644702.568,74.1795862354514,45477389.0,104.550270080566,42.7463000437695,2381740.0,,0.3022411442754164,,53.6991944794274,Faible,Urbain,,Moyenne,0,Post-COVID,OUI
DZA,DZ,Algiers,2023,pm25,15.336854814367642,13.0,12.976798686854323,0.0,265.0,6626,2023-01-01 00:00:00+00:00,2023-12-31 22:00:00+00:00,2364230.0,36.7325,3.0872,Algeria,"Middle East, North Africa, Afghanistan & Pakistan",Upper middle income,85.8670433970582,13.3692450434856,1865.1418796978,4.10000000005964,2.24199538087228,19.3825602290762,,,1827.95251014644,1503.41406578063,,76.261,0.830314224054683,,37.5476547378243,7160662.35,9.20242191012998,5370.477235078,247923887214.655,74.732808364138,46164219.0,101.264892578125,45.5476795606292,2381740.0,,0.2798883807908009,,50.9168997813099,Moyen-Faible,Urbain,,Moyenne,0,Post-COVID,OUI
ESP,ES,Barcelona,2019,co,118.88671237349004,0.0,172.66450062494943,0.0,1200.0,6126,2019-01-01 09:00:00+00:00,2019-12-31 22:00:00+00:00,4800000.0,41.3833,2.1833,Spain,Europe & Central Asia,High income,99.9193505376925,2.51980122994951,16139.2166780266,1.96117850841711,0.813398442437862,94.3181087826492,29.2145,5.11679481220975,5418.86933117843,2573.90442450746,16.7,83.8317073170732,37.1677215644695,34.3,19.9779055762497,88237165.272,9.07204572984407,29786.5245689007,1403496387686.27,79.6349761108307,47118501.0,118.524719238281,68.2703336497276,499570.036,15718.0,0.0864088057587273,0.2890844526672175,22.49770680619921,Moyen-Élevé,Urbain,Mixte-Fossile,Moyenne,0,Pre-COVID,OUI
ESP,ES,Barcelona,2019,no2,6.817020987570468,0.0,16.464712103059483,0.0,151.0,14723,2019-01-01 09:00:00+00:00,2019-12-31 22:00:00+00:00,4800000.0,41.3833,2.1833,Spain,Europe & Central Asia,High income,99.9193505376925,2.51980122994951,16139.2166780266,1.96117850841711,0.813398442437862,94.3181087826492,29.2145,5.11679481220975,5418.86933117843,2573.90442450746,16.7,83.8317073170732,37.1677215644695,34.3,19.9779055762497,88237165.272,9.07204572984407,29786.5245689007,1403496387686.27,79.6349761108307,47118501.0,118.524719238281,68.2703336497276,499570.036,15718.0,0.0864088057587273,0.2890844526672175,22.49770680619921,Moyen-Élevé,Urbain,Mixte-Fossile,Moyenne,0,Pre-COVID,OUI
ESP,ES,Barcelona,2019,so2,1.0613718411552346,0.0,8.285963598777975,0.0,295.0,8587,2019-01-01 09:00:00+00:00,2019-12-30 07:00:00+00:00,4800000.0,41.3833,2.1833,Spain,Europe & Central Asia,High income,99.9193505376925,2.51980122994951,16139.2166780266,1.96117850841711,0.813398442437862,94.3181087826492,29.2145,5.11679481220975,5418.86933117843,2573.90442450746,16.7,83.8317073170732,37.1677215644695,34.3,19.9779055762497,88237165.272,9.07204572984407,29786.5245689007,1403496387686.27,79.6349761108307,47118501.0,118.524719238281,68.2703336497276,499570.036,15718.0,0.0864088057587273,0.2890844526672175,22.49770680619921,Moyen-Élevé,Urbain,Mixte-Fossile,Moyenne,0,Pre-COVID,OUI
ESP,ES,Barcelona,2020,co,329.4677371394588,300.0,151.95508280086713,200.0,3500.0,3363,2020-01-01 01:00:00+00:00,2020-12-31 22:00:00+00:00,4800000.0,41.3833,2.1833,Spain,Europe & Central Asia,High income,99.9191055578582,2.78468031745976,14088.6423378151,-10.9400706350371,0.586068440110494,94.802910688937,29.02,2.33471160673266,5089.18774012116,2303.51311623486,19.3,82.2317073170732,37.1773054885498,34.9,20.1193927811735,26557077.999,9.73182520607655,27233.9426461608,1289783836971.21,79.6955674617799,47359424.0,117.367767333984,68.3951846151394,499556.645,15848.0,0.0845793268655763,0.1150104239769783,22.90407309863326,Moyen-Élevé,Urbain,Mixte-Fossile,Moyenne,1,COVID,OUI
ESP,ES,Barcelona,2020,no2,25.26171875,20.0,18.65917304160089,2.0,137.0,5120,2020-01-01 01:00:00+00:00,2020-12-31 22:00:00+00:00,4800000.0,41.3833,2.1833,Spain,Europe & Central Asia,High income,99.9191055578582,2.78468031745976,14088.6423378151,-10.9400706350371,0.586068440110494,94.802910688937,29.02,2.33471160673266,5089.18774012116,2303.51311623486,19.3,82.2317073170732,37.1773054885498,34.9,20.1193927811735,26557077.999,9.73182520607655,27233.9426461608,1289783836971.21,79.6955674617799,47359424.0,117.367767333984,68.3951846151394,499556.645,15848.0,0.0845793268655763,0.1150104239769783,22.90407309863326,Moyen-Élevé,Urbain,Mixte-Fossile,Moyenne,1,COVID,OUI
ESP,ES,Barcelona,2020,so2,3.8421327757449033,2.0,5.900514307164753,1.0,54.0,1913,2020-01-02 07:00:00+00:00,2020-12-31 22:00:00+00:00,4800000.0,41.3833,2.1833,Spain,Europe & Central Asia,High income,99.9191055578582,2.78468031745976,14088.6423378151,-10.9400706350371,0.586068440110494,94.802910688937,29.02,2.33471160673266,5089.18774012116,2303.51311623486,19.3,82.2317073170732,37.1773054885498,34.9,20.1193927811735,26557077.999,9.73182520607655,27233.9426461608,1289783836971.21,79.6955674617799,47359424.0,117.367767333984,68.3951846151394,499556.645,15848.0,0.0845793268655763,0.1150104239769783,22.90407309863326,Moyen-Élevé,Urbain,Mixte-Fossile,Moyenne,1,COVID,OUI
ESP,ES,Barcelona,2021,co,322.3294723294723,300.0,189.123581815414,200.0,3900.0,3108,2021-01-01 00:00:00+00:00,2021-12-31 22:00:00+00:00,4800000.0,41.3833,2.1833,Spain,Europe & Central Asia,High income,99.9188670826466,2.76824927112995,15057.0335211318,6.68314420473001,0.289728913503661,94.9382927184248,29.02,2.1923940622357,5236.4247812165,2422.46704705393,19.0,83.1780487804878,37.1727521093233,33.9,20.3165748530524,43440479.727,9.7436495669165,30799.4775937775,1461244901852.69,79.7846242983598,47443821.0,119.114921569824,67.4549201359154,499733.244,15963.0,0.0786503079271514,0.109619703111785,23.08482412418235,Moyen-Élevé,Urbain,Mixte-Fossile,Moyenne,0,Post-COVID,OUI
ESP,ES,Barcelona,2021,no2,23.318296602387512,19.0,16.142163323084016,1.0,94.0,8712,2021-01-01 00:00:00+00:00,2021-12-31 22:00:00+00:00,4800000.0,41.3833,2.1833,Spain,Europe & Central Asia,High income,99.9188670826466,2.76824927112995,15057.0335211318,6.68314420473001,0.289728913503661,94.9382927184248,29.02,2.1923940622357,5236.4247812165,2422.46704705393,19.0,83.1780487804878,37.1727521093233,33.9,20.3165748530524,43440479.727,9.7436495669165,30799.4775937775,1461244901852.69,79.7846242983598,47443821.0,119.114921569824,67.4549201359154,499733.244,15963.0,0.0786503079271514,0.109619703111785,23.08482412418235,Moyen-Élevé,Urbain,Mixte-Fossile,Moyenne,0,Post-COVID,OUI
ESP,ES,Barcelona,2021,so2,3.0307155322862127,1.0,5.048941725184016,1.0,58.0,5730,2021-01-01 00:00:00+00:00,2021-12-31 22:00:00+00:00,4800000.0,41.3833,2.1833,Spain,Europe & Central Asia,High income,99.9188670826466,2.76824927112995,15057.0335211318,6.68314420473001,0.289728913503661,94.9382927184248,29.02,2.1923940622357,5236.4247812165,2422.46704705393,19.0,83.1780487804878,37.1727521093233,33.9,20.3165748530524,43440479.727,9.7436495669165,30799.4775937775,1461244901852.69,79.7846242983598,47443821.0,119.114921569824,67.4549201359154,499733.244,15963.0,0.0786503079271514,0.109619703111785,23.08482412418235,Moyen-Élevé,Urbain,Mixte-Fossile,Moyenne,0,Post-COVID,OUI
ESP,ES,Barcelona,2022,co,247.6020610384463,200.0,105.6924459371861,200.0,1200.0,2523,2022-01-01 00:00:00+00:00,2022-12-31 22:00:00+00:00,4800000.0,41.3833,2.1833,Spain,Europe & Central Asia,High income,99.9186101900368,2.36964000049424,15652.7913033182,6.37031712129601,0.932021198321377,95.626963633201,29.02,2.97345907390564,5179.76963260155,2408.92811488939,,83.1341463414634,37.1827922798055,33.6,21.2234793725829,80908169.2,8.5931462725762,30319.4987196616,1448850658406.62,79.9548794567814,47786102.0,119.015510559082,67.6016434775846,499713.681,,0.0794488288982957,,23.59311937307714,Moyen-Élevé,Urbain,,Moyenne,0,Post-COVID,OUI
ESP,ES,Barcelona,2022,no2,23.692777847074964,20.0,16.016296247531486,1.0,97.0,8017,2022-01-01 00:00:00+00:00,2022-12-31 22:00:00+00:00,4800000.0,41.3833,2.1833,Spain,Europe & Central Asia,High income,99.9186101900368,2.36964000049424,15652.7913033182,6.37031712129601,0.932021198321377,95.626963633201,29.02,2.97345907390564,5179.76963260155,2408.92811488939,,83.1341463414634,37.1827922798055,33.6,21.2234793725829,80908169.2,8.5931462725762,30319.4987196616,1448850658406.62,79.9548794567814,47786102.0,119.015510559082,67.6016434775846,499713.681,,0.0794488288982957,,23.59311937307714,Moyen-Élevé,Urbain,,Moyenne,0,Post-COVID,OUI
ESP,ES,Barcelona,2022,so2,3.075119161105815,1.0,5.163505154325138,1.0,70.0,5245,2022-01-01 00:00:00+00:00,2022-12-31 21:00:00+00:00,4800000.0,41.3833,2.1833,Spain,Europe & Central Asia,High income,99.9186101900368,2.36964000049424,15652.7913033182,6.37031712129601,0.932021198321377,95.626963633201,29.02,2.97345907390564,5179.76963260155,2408.92811488939,,83.1341463414634,37.1827922798055,33.6,21.2234793725829,80908169.2,8.5931462725762,30319.4987196616,1448850658406.62,79.9548794567814,47786102.0,119.015510559082,67.6016434775846,499713.681,,0.0794488288982957,,23.59311937307714,Moyen-Élevé,Urbain,,Moyenne,0,Post-COVID,OUI
ESP,ES,Barcelona,2023,co,226.7560566813957,200.0,77.3707261598083,200.0,1000.0,6563,2023-01-01 00:00:00+00:00,2023-12-31 22:00:00+00:00,4800000.0,41.3833,2.1833,Spain,Europe & Central Asia,High income,99.9183686152338,2.6062235563618,15744.4383011208,2.46085796805582,1.39526821791619,96.7636173412149,,1.55659717363929,5117.82961999422,2293.70814634203,,83.8829268292683,37.1925889548355,33.4,19.9575232630573,94101520.461,8.55708688960403,33493.2225409111,1619481980719.64,80.128491001856,48352528.0,118.361709594727,68.6891967410021,499697.4,,0.0684807101744311,,22.5637468194191,Moyen-Élevé,Urbain,,Moyenne,0,Post-COVID,OUI
ESP,ES,Barcelona,2023,no2,17.87036752268184,13.0,14.357569326976106,1.0,96.0,19509,2023-01-01 00:00:00+00:00,2023-12-31 22:00:00+00:00,4800000.0,41.3833,2.1833,Spain,Europe & Central Asia,High income,99.9183686152338,2.6062235563618,15744.4383011208,2.46085796805582,1.39526821791619,96.7636173412149,,1.55659717363929,5117.82961999422,2293.70814634203,,83.8829268292683,37.1925889548355,33.4,19.9575232630573,94101520.461,8.55708688960403,33493.2225409111,1619481980719.64,80.128491001856,48352528.0,118.361709594727,68.6891967410021,499697.4,,0.0684807101744311,,22.5637468194191,Moyen-Élevé,Urbain,,Moyenne,0,Post-COVID,OUI
ESP,ES,Barcelona,2023,so2,2.549034808899915,1.0,5.009401422477447,1.0,86.0,12899,2023-01-01 00:00:00+00:00,2023-12-31 22:00:00+00:00,4800000.0,41.3833,2.1833,Spain,Europe & Central Asia,High income,99.9183686152338,2.6062235563618,15744.4383011208,2.46085796805582,1.39526821791619,96.7636173412149,,1.55659717363929,5117.82961999422,2293.70814634203,,83.8829268292683,37.1925889548355,33.4,19.9575232630573,94101520.461,8.55708688960403,33493.2225409111,1619481980719.64,80.128491001856,48352528.0,118.361709594727,68.6891967410021,499697.4,,0.0684807101744311,,22.5637468194191,Moyen-Élevé,Urbain,,Moyenne,0,Post-COVID,OUI
ESP,ES,Madrid,2019,co,168.35337341349364,0.0,271.8681740029896,0.0,2400.0,5988,2019-01-09 12:00:00+00:00,2019-12-31 22:00:00+00:00,6211000.0,40.4169,-3.7033,Spain,Europe & Central Asia,High income,99.9193505376925,2.51980122994951,16139.2166780266,1.96117850841711,0.813398442437862,94.3181087826492,29.2145,5.11679481220975,5418.86933117843,2573.90442450746,16.7,83.8317073170732,37.1677215644695,34.3,19.9779055762497,88237165.272,9.07204572984407,29786.5245689007,1403496387686.27,79.6349761108307,47118501.0,118.524719238281,68.2703336497276,499570.036,15718.0,0.0864088057587273,0.2890844526672175,22.49770680619921,Moyen-Élevé,Urbain,Mixte-Fossile,Grande,0,Pre-COVID,OUI
ESP,ES,Madrid,2019,no2,14.538487894015532,0.0,26.431800131680216,0.0,229.0,17512,2019-01-09 12:00:00+00:00,2019-12-31 22:00:00+00:00,6211000.0,40.4169,-3.7033,Spain,Europe & Central Asia,High income,99.9193505376925,2.51980122994951,16139.2166780266,1.96117850841711,0.813398442437862,94.3181087826492,29.2145,5.11679481220975,5418.86933117843,2573.90442450746,16.7,83.8317073170732,37.1677215644695,34.3,19.9779055762497,88237165.272,9.07204572984407,29786.5245689007,1403496387686.27,79.6349761108307,47118501.0,118.524719238281,68.2703336497276,499570.036,15718.0,0.0864088057587273,0.2890844526672175,22.49770680619921,Moyen-Élevé,Urbain,Mixte-Fossile,Grande,0,Pre-COVID,OUI
ESP,ES,Madrid,2019,pm10,7.045697965012495,0.0,14.1071618671979,0.0,107.0,5602,2019-01-09 12:00:00+00:00,2019-12-31 22:00:00+00:00,6211000.0,40.4169,-3.7033,Spain,Europe & Central Asia,High income,99.9193505376925,2.51980122994951,16139.2166780266,1.96117850841711,0.813398442437862,94.3181087826492,29.2145,5.11679481220975,5418.86933117843,2573.90442450746,16.7,83.8317073170732,37.1677215644695,34.3,19.9779055762497,88237165.272,9.07204572984407,29786.5245689007,1403496387686.27,79.6349761108307,47118501.0,118.524719238281,68.2703336497276,499570.036,15718.0,0.0864088057587273,0.2890844526672175,22.49770680619921,Moyen-Élevé,Urbain,Mixte-Fossile,Grande,0,Pre-COVID,OUI
ESP,ES,Madrid,2019,pm25,4.324831739284449,0.0,8.603295747156857,0.0,61.0,5646,2019-01-09 12:00:00+00:00,2019-12-31 22:00:00+00:00,6211000.0,40.4169,-3.7033,Spain,Europe & Central Asia,High income,99.9193505376925,2.51980122994951,16139.2166780266,1.96117850841711,0.813398442437862,94.3181087826492,29.2145,5.11679481220975,5418.86933117843,2573.90442450746,16.7,83.8317073170732,37.1677215644695,34.3,19.9779055762497,88237165.272,9.07204572984407,29786.5245689007,1403496387686.27,79.6349761108307,47118501.0,118.524719238281,68.2703336497276,499570.036,15718.0,0.0864088057587273,0.2890844526672175,22.49770680619921,Moyen-Élevé,Urbain,Mixte-Fossile,Grande,0,Pre-COVID,OUI
ESP,ES,Madrid,2019,so2,3.289425478767693,0.0,6.100575252169136,0.0,32.0,6005,2019-01-09 12:00:00+00:00,2019-12-31 22:00:00+00:00,6211000.0,40.4169,-3.7033,Spain,Europe & Central Asia,High income,99.9193505376925,2.51980122994951,16139.2166780266,1.96117850841711,0.813398442437862,94.3181087826492,29.2145,5.11679481220975,5418.86933117843,2573.90442450746,16.7,83.8317073170732,37.1677215644695,34.3,19.9779055762497,88237165.272,9.07204572984407,29786.5245689007,1403496387686.27,79.6349761108307,47118501.0,118.524719238281,68.2703336497276,499570.036,15718.0,0.0864088057587273,0.2890844526672175,22.49770680619921,Moyen-Élevé,Urbain,Mixte-Fossile,Grande,0,Pre-COVID,OUI
ESP,ES,Madrid,2020,co,359.0295147573787,300.0,289.62240895532136,100.0,2400.0,1999,2020-01-01 00:00:00+00:00,2020-12-31 22:00:00+00:00,6211000.0,40.4169,-3.7033,Spain,Europe & Central Asia,High income,99.9191055578582,2.78468031745976,14088.6423378151,-10.9400706350371,0.586068440110494,94.802910688937,29.02,2.33471160673266,5089.18774012116,2303.51311623486,19.3,82.2317073170732,37.1773054885498,34.9,20.1193927811735,26557077.999,9.73182520607655,27233.9426461608,1289783836971.21,79.6955674617799,47359424.0,117.367767333984,68.3951846151394,499556.645,15848.0,0.0845793268655763,0.1150104239769783,22.90407309863326,Moyen-Élevé,Urbain,Mixte-Fossile,Grande,1,COVID,OUI
ESP,ES,Madrid,2020,no2,39.84488208120593,34.0,27.436709306560783,2.0,234.0,8226,2020-01-01 00:00:00+00:00,2020-12-31 22:00:00+00:00,6211000.0,40.4169,-3.7033,Spain,Europe & Central Asia,High income,99.9191055578582,2.78468031745976,14088.6423378151,-10.9400706350371,0.586068440110494,94.802910688937,29.02,2.33471160673266,5089.18774012116,2303.51311623486,19.3,82.2317073170732,37.1773054885498,34.9,20.1193927811735,26557077.999,9.73182520607655,27233.9426461608,1289783836971.21,79.6955674617799,47359424.0,117.367767333984,68.3951846151394,499556.645,15848.0,0.0845793268655763,0.1150104239769783,22.90407309863326,Moyen-Élevé,Urbain,Mixte-Fossile,Grande,1,COVID,OUI
ESP,ES,Madrid,2020,pm10,26.129117647058823,19.0,23.77363531735716,1.0,211.0,3400,2020-01-01 00:00:00+00:00,2020-12-31 22:00:00+00:00,6211000.0,40.4169,-3.7033,Spain,Europe & Central Asia,High income,99.9191055578582,2.78468031745976,14088.6423378151,-10.9400706350371,0.586068440110494,94.802910688937,29.02,2.33471160673266,5089.18774012116,2303.51311623486,19.3,82.2317073170732,37.1773054885498,34.9,20.1193927811735,26557077.999,9.73182520607655,27233.9426461608,1289783836971.21,79.6955674617799,47359424.0,117.367767333984,68.3951846151394,499556.645,15848.0,0.0845793268655763,0.1150104239769783,22.90407309863326,Moyen-Élevé,Urbain,Mixte-Fossile,Grande,1,COVID,OUI
ESP,ES,Madrid,2020,pm25,15.453614457831325,12.0,12.528134732489765,1.0,118.0,3320,2020-01-01 00:00:00+00:00,2020-12-31 22:00:00+00:00,6211000.0,40.4169,-3.7033,Spain,Europe & Central Asia,High income,99.9191055578582,2.78468031745976,14088.6423378151,-10.9400706350371,0.586068440110494,94.802910688937,29.02,2.33471160673266,5089.18774012116,2303.51311623486,19.3,82.2317073170732,37.1773054885498,34.9,20.1193927811735,26557077.999,9.73182520607655,27233.9426461608,1289783836971.21,79.6955674617799,47359424.0,117.367767333984,68.3951846151394,499556.645,15848.0,0.0845793268655763,0.1150104239769783,22.90407309863326,Moyen-Élevé,Urbain,Mixte-Fossile,Grande,1,COVID,OUI
ESP,ES,Madrid,2020,so2,6.41798418972332,6.0,3.685644713315424,1.0,24.0,2024,2020-01-01 00:00:00+00:00,2020-12-31 22:00:00+00:00,6211000.0,40.4169,-3.7033,Spain,Europe & Central Asia,High income,99.9191055578582,2.78468031745976,14088.6423378151,-10.9400706350371,0.586068440110494,94.802910688937,29.02,2.33471160673266,5089.18774012116,2303.51311623486,19.3,82.2317073170732,37.1773054885498,34.9,20.1193927811735,26557077.999,9.73182520607655,27233.9426461608,1289783836971.21,79.6955674617799,47359424.0,117.367767333984,68.3951846151394,499556.645,15848.0,0.0845793268655763,0.1150104239769783,22.90407309863326,Moyen-Élevé,Urbain,Mixte-Fossile,Grande,1,COVID,OUI
ESP,ES,Madrid,2021,co,362.6,300.0,264.5522606198367,100.0,3400.0,1500,2021-01-01 00:00:00+00:00,2021-10-24 05:00:00+00:00,6211000.0,40.4169,-3.7033,Spain,Europe & Central Asia,High income,99.9188670826466,2.76824927112995,15057.0335211318,6.68314420473001,0.289728913503661,94.9382927184248,29.02,2.1923940622357,5236.4247812165,2422.46704705393,19.0,83.1780487804878,37.1727521093233,33.9,20.3165748530524,43440479.727,9.7436495669165,30799.4775937775,1461244901852.69,79.7846242983598,47443821.0,119.114921569824,67.4549201359154,499733.244,15963.0,0.0786503079271514,0.109619703111785,23.08482412418235,Moyen-Élevé,Urbain,Mixte-Fossile,Grande,0,Post-COVID,OUI
ESP,ES,Madrid,2021,no2,37.971267528182565,30.0,29.42415623283388,1.0,245.0,7274,2021-01-01 00:00:00+00:00,2021-12-31 22:00:00+00:00,6211000.0,40.4169,-3.7033,Spain,Europe & Central Asia,High income,99.9188670826466,2.76824927112995,15057.0335211318,6.68314420473001,0.289728913503661,94.9382927184248,29.02,2.1923940622357,5236.4247812165,2422.46704705393,19.0,83.1780487804878,37.1727521093233,33.9,20.3165748530524,43440479.727,9.7436495669165,30799.4775937775,1461244901852.69,79.7846242983598,47443821.0,119.114921569824,67.4549201359154,499733.244,15963.0,0.0786503079271514,0.109619703111785,23.08482412418235,Moyen-Élevé,Urbain,Mixte-Fossile,Grande,0,Post-COVID,OUI
ESP,ES,Madrid,2021,pm10,25.01430842607313,17.0,24.770064451142424,1.0,211.0,3145,2021-01-01 00:00:00+00:00,2021-12-31 22:00:00+00:00,6211000.0,40.4169,-3.7033,Spain,Europe & Central Asia,High income,99.9188670826466,2.76824927112995,15057.0335211318,6.68314420473001,0.289728913503661,94.9382927184248,29.02,2.1923940622357,5236.4247812165,2422.46704705393,19.0,83.1780487804878,37.1727521093233,33.9,20.3165748530524,43440479.727,9.7436495669165,30799.4775937775,1461244901852.69,79.7846242983598,47443821.0,119.114921569824,67.4549201359154,499733.244,15963.0,0.0786503079271514,0.109619703111785,23.08482412418235,Moyen-Élevé,Urbain,Mixte-Fossile,Grande,0,Post-COVID,OUI
ESP,ES,Madrid,2021,pm25,14.226470588235294,10.0,13.225012903222664,1.0,127.0,3060,2021-01-01 00:00:00+00:00,2021-12-31 22:00:00+00:00,6211000.0,40.4169,-3.7033,Spain,Europe & Central Asia,High income,99.9188670826466,2.76824927112995,15057.0335211318,6.68314420473001,0.289728913503661,94.9382927184248,29.02,2.1923940622357,5236.4247812165,2422.46704705393,19.0,83.1780487804878,37.1727521093233,33.9,20.3165748530524,43440479.727,9.7436495669165,30799.4775937775,1461244901852.69,79.7846242983598,47443821.0,119.114921569824,67.4549201359154,499733.244,15963.0,0.0786503079271514,0.109619703111785,23.08482412418235,Moyen-Élevé,Urbain,Mixte-Fossile,Grande,0,Post-COVID,OUI
ESP,ES,Madrid,2021,so2,9.085676037483266,9.0,2.850956463657513,1.0,33.0,1494,2021-01-01 00:00:00+00:00,2021-10-24 05:00:00+00:00,6211000.0,40.4169,-3.7033,Spain,Europe & Central Asia,High income,99.9188670826466,2.76824927112995,15057.0335211318,6.68314420473001,0.289728913503661,94.9382927184248,29.02,2.1923940622357,5236.4247812165,2422.46704705393,19.0,83.1780487804878,37.1727521093233,33.9,20.3165748530524,43440479.727,9.7436495669165,30799.4775937775,1461244901852.69,79.7846242983598,47443821.0,119.114921569824,67.4549201359154,499733.244,15963.0,0.0786503079271514,0.109619703111785,23.08482412418235,Moyen-Élevé,Urbain,Mixte-Fossile,Grande,0,Post-COVID,OUI
ESP,ES,Madrid,2022,co,261.35934550031465,200.0,139.69078801227644,100.0,1000.0,1589,2022-03-25 11:00:00+00:00,2022-12-31 22:00:00+00:00,6211000.0,40.4169,-3.7033,Spain,Europe & Central Asia,High income,99.9186101900368,2.36964000049424,15652.7913033182,6.37031712129601,0.932021198321377,95.626963633201,29.02,2.97345907390564,5179.76963260155,2408.92811488939,,83.1341463414634,37.1827922798055,33.6,21.2234793725829,80908169.2,8.5931462725762,30319.4987196616,1448850658406.62,79.9548794567814,47786102.0,119.015510559082,67.6016434775846,499713.681,,0.0794488288982957,,23.59311937307714,Moyen-Élevé,Urbain,,Grande,0,Post-COVID,OUI
ESP,ES,Madrid,2022,no2,34.208569454042845,28.0,24.27562183369312,1.0,169.0,7235,2022-01-01 00:00:00+00:00,2022-12-31 22:00:00+00:00,6211000.0,40.4169,-3.7033,Spain,Europe & Central Asia,High income,99.9186101900368,2.36964000049424,15652.7913033182,6.37031712129601,0.932021198321377,95.626963633201,29.02,2.97345907390564,5179.76963260155,2408.92811488939,,83.1341463414634,37.1827922798055,33.6,21.2234793725829,80908169.2,8.5931462725762,30319.4987196616,1448850658406.62,79.9548794567814,47786102.0,119.015510559082,67.6016434775846,499713.681,,0.0794488288982957,,23.59311937307714,Moyen-Élevé,Urbain,,Grande,0,Post-COVID,OUI
ESP,ES,Madrid,2022,pm10,23.62119205298013,17.0,29.163191984309336,1.0,504.0,3020,2022-01-01 00:00:00+00:00,2022-12-31 22:00:00+00:00,6211000.0,40.4169,-3.7033,Spain,Europe & Central Asia,High income,99.9186101900368,2.36964000049424,15652.7913033182,6.37031712129601,0.932021198321377,95.626963633201,29.02,2.97345907390564,5179.76963260155,2408.92811488939,,83.1341463414634,37.1827922798055,33.6,21.2234793725829,80908169.2,8.5931462725762,30319.4987196616,1448850658406.62,79.9548794567814,47786102.0,119.015510559082,67.6016434775846,499713.681,,0.0794488288982957,,23.59311937307714,Moyen-Élevé,Urbain,,Grande,0,Post-COVID,OUI
ESP,ES,Madrid,2022,pm25,10.59518385942076,8.0,10.1429305083511,1.0,135.0,3073,2022-01-01 00:00:00+00:00,2022-12-31 22:00:00+00:00,6211000.0,40.4169,-3.7033,Spain,Europe & Central Asia,High income,99.9186101900368,2.36964000049424,15652.7913033182,6.37031712129601,0.932021198321377,95.626963633201,29.02,2.97345907390564,5179.76963260155,2408.92811488939,,83.1341463414634,37.1827922798055,33.6,21.2234793725829,80908169.2,8.5931462725762,30319.4987196616,1448850658406.62,79.9548794567814,47786102.0,119.015510559082,67.6016434775846,499713.681,,0.0794488288982957,,23.59311937307714,Moyen-Élevé,Urbain,,Grande,0,Post-COVID,OUI
ESP,ES,Madrid,2022,so2,1.948670377241806,1.0,1.5906478771645636,1.0,10.0,1617,2022-03-25 10:00:00+00:00,2022-12-31 22:00:00+00:00,6211000.0,40.4169,-3.7033,Spain,Europe & Central Asia,High income,99.9186101900368,2.36964000049424,15652.7913033182,6.37031712129601,0.932021198321377,95.626963633201,29.02,2.97345907390564,5179.76963260155,2408.92811488939,,83.1341463414634,37.1827922798055,33.6,21.2234793725829,80908169.2,8.5931462725762,30319.4987196616,1448850658406.62,79.9548794567814,47786102.0,119.015510559082,67.6016434775846,499713.681,,0.0794488288982957,,23.59311937307714,Moyen-Élevé,Urbain,,Grande,0,Post-COVID,OUI
ESP,ES,Madrid,2023,co,356.53495440729483,300.0,167.15796123344464,100.0,1900.0,6580,2023-01-01 00:00:00+00:00,2023-12-31 22:00:00+00:00,6211000.0,40.4169,-3.7033,Spain,Europe & Central Asia,High income,99.9183686152338,2.6062235563618,15744.4383011208,2.46085796805582,1.39526821791619,96.7636173412149,,1.55659717363929,5117.82961999422,2293.70814634203,,83.8829268292683,37.1925889548355,33.4,19.9575232630573,94101520.461,8.55708688960403,33493.2225409111,1619481980719.64,80.128491001856,48352528.0,118.361709594727,68.6891967410021,499697.4,,0.0684807101744311,,22.5637468194191,Moyen-Élevé,Urbain,,Grande,0,Post-COVID,OUI
ESP,ES,Madrid,2023,no2,28.005600788259088,21.0,22.822774301528884,1.0,183.0,19283,2023-01-01 00:00:00+00:00,2023-12-31 22:00:00+00:00,6211000.0,40.4169,-3.7033,Spain,Europe & Central Asia,High income,99.9183686152338,2.6062235563618,15744.4383011208,2.46085796805582,1.39526821791619,96.7636173412149,,1.55659717363929,5117.82961999422,2293.70814634203,,83.8829268292683,37.1925889548355,33.4,19.9575232630573,94101520.461,8.55708688960403,33493.2225409111,1619481980719.64,80.128491001856,48352528.0,118.361709594727,68.6891967410021,499697.4,,0.0684807101744311,,22.5637468194191,Moyen-Élevé,Urbain,,Grande,0,Post-COVID,OUI
ESP,ES,Madrid,2023,pm10,18.380836130607264,15.0,12.600794189047008,1.0,165.0,6554,2023-01-01 00:00:00+00:00,2023-12-31 22:00:00+00:00,6211000.0,40.4169,-3.7033,Spain,Europe & Central Asia,High income,99.9183686152338,2.6062235563618,15744.4383011208,2.46085796805582,1.39526821791619,96.7636173412149,,1.55659717363929,5117.82961999422,2293.70814634203,,83.8829268292683,37.1925889548355,33.4,19.9575232630573,94101520.461,8.55708688960403,33493.2225409111,1619481980719.64,80.128491001856,48352528.0,118.361709594727,68.6891967410021,499697.4,,0.0684807101744311,,22.5637468194191,Moyen-Élevé,Urbain,,Grande,0,Post-COVID,OUI
ESP,ES,Madrid,2023,pm25,8.990074820583295,7.0,7.397707577848125,1.0,53.0,6549,2023-01-01 00:00:00+00:00,2023-12-31 22:00:00+00:00,6211000.0,40.4169,-3.7033,Spain,Europe & Central Asia,High income,99.9183686152338,2.6062235563618,15744.4383011208,2.46085796805582,1.39526821791619,96.7636173412149,,1.55659717363929,5117.82961999422,2293.70814634203,,83.8829268292683,37.1925889548355,33.4,19.9575232630573,94101520.461,8.55708688960403,33493.2225409111,1619481980719.64,80.128491001856,48352528.0,118.361709594727,68.6891967410021,499697.4,,0.0684807101744311,,22.5637468194191,Moyen-Élevé,Urbain,,Grande,0,Post-COVID,OUI
ESP,ES,Madrid,2023,so2,1.5227825030376672,1.0,1.2027225321632935,1.0,11.0,6584,2023-01-01 00:00:00+00:00,2023-12-31 22:00:00+00:00,6211000.0,40.4169,-3.7033,Spain,Europe & Central Asia,High income,99.9183686152338,2.6062235563618,15744.4383011208,2.46085796805582,1.39526821791619,96.7636173412149,,1.55659717363929,5117.82961999422,2293.70814634203,,83.8829268292683,37.1925889548355,33.4,19.9575232630573,94101520.461,8.55708688960403,33493.2225409111,1619481980719.64,80.128491001856,48352528.0,118.361709594727,68.6891967410021,499697.4,,0.0684807101744311,,22.5637468194191,Moyen-Élevé,Urbain,,Grande,0,Post-COVID,OUI
ETH,ET,Addis Ababa,2019,pm25,20.54951965065502,16.0,15.689349803958466,0.0,230.0,5725,2019-01-01 00:00:00+00:00,2019-12-13 02:00:00+00:00,5704000.0,9.03,38.74,Ethiopia,Sub-Saharan Africa ,Not classified,8.68474048756754,33.6333246930874,503.376757912912,8.36408573314054,4.9032414205172,102.552159549746,10.5481,0.0,92.3124380650632,386.237241195762,89.3,65.741,15.1886779997606,,24.8223642571985,12631216.0,21.3340426946864,793.473247210264,91834517112.628,21.2486705780029,115737383.0,,37.1502538865175,1128570.9,,0.4861551254897587,0.0,58.455688950285904,Faible,Rural,Renouvelable,Grande,0,Pre-COVID,OUI
ETH,ET,Addis Ababa,2020,pm25,24.42419938016529,21.0,16.407196996082618,0.0,375.0,7744,2020-01-02 09:00:00+00:00,2020-12-31 22:00:00+00:00,5704000.0,9.03,38.74,Ethiopia,Sub-Saharan Africa ,Not classified,9.01330021395482,35.5582700374118,530.603031292866,6.05953089054807,4.47099523245079,105.370090895445,10.5481,0.0,93.3839345037291,380.656754967252,90.7,65.969,15.1239877246579,,23.102295222549,4940183.0,19.3123535743684,829.790982547947,98676811061.4035,21.6260051727295,118917671.0,,36.8280723450653,1128571.4,,0.4581859492502175,0.0,58.660565259960805,Faible,Rural,Renouvelable,Grande,1,COVID,OUI
ETH,ET,Addis Ababa,2021,pm25,24.344743771521166,20.0,16.071224574171552,1.0,328.0,9874,2021-01-01 00:00:00+00:00,2021-12-31 22:00:00+00:00,5704000.0,9.03,38.74,Ethiopia,Sub-Saharan Africa ,Not classified,9.3447728615381,37.5791137568863,561.668278423667,5.64153069257077,4.87095365413555,108.230378298522,10.5481,0.0,83.8801247645011,373.902183810576,90.6,65.33,15.0601822445542,31.1,21.8500262615029,7065954.0,23.0570450287486,893.00983544905,109070960371.859,22.1067085266113,122138588.0,,36.5357433729545,1128505.6,,0.4182305037200956,0.0,59.429140018389205,Faible,Rural,Renouvelable,Grande,0,Post-COVID,OUI
ETH,ET,Addis Ababa,2022,pm25,27.70414802765352,23.0,18.232044034214283,0.0,354.0,9836,2022-01-01 00:00:00+00:00,2022-12-22 21:00:00+00:00,5704000.0,9.03,38.74,Ethiopia,Sub-Saharan Africa ,Not classified,9.67915935964554,37.6422268385035,578.126563890489,5.32175988403378,5.43291906726441,111.107151376678,10.5481,,92.4358249132126,377.921752731092,,66.897,14.9955852855138,,22.7175269590867,10769724.0,23.0591763755912,982.103161506992,123140304666.0,22.7367687225342,125384287.0,,36.5535172712856,1128498.8,,0.3844171878684413,,60.3597537975902,Faible,Rural,,Grande,0,Post-COVID,OUI
ETH,ET,Addis Ababa,2023,pm25,28.9369218571051,24.0,29.14252813170911,1.0,985.0,11351,2023-01-06 17:00:00+00:00,2023-12-31 22:00:00+00:00,5704000.0,9.03,38.74,Ethiopia,Sub-Saharan Africa ,Not classified,10.0168072289161,35.7864807848152,603.729359943788,6.59424599357075,4.00937135287998,114.037952012,,,,,,67.315,14.9308975782695,,24.483682223713,15273254.0,,1055.81091592527,135874093202.492,23.0586471557617,128691692.0,,36.9795925805402,1128498.8,,,,60.2701630085282,Faible,Rural,,Grande,0,Post-COVID,OUI
FIN,FI,Helsinki,2019,no2,19.484530165789472,14.80464,16.28292221424575,0.0,142.6702,7980,2019-01-01 11:00:00+00:00,2019-12-31 22:00:00+00:00,1360075.0,60.1708,24.9375,Finland,Europe & Central Asia,High income,99.4479732107755,2.18977184111891,24465.0782711163,1.34973845741737,0.662676659933095,18.1673609054717,3.0,11.6037873270211,15508.1691812129,6024.65366583164,45.4,81.9829268292683,73.7307932747672,27.7,24.1466052876512,14610547.0,4.46030589949017,48358.1807773701,267014821129.411,72.7431214358314,5521606.0,144.613204956055,60.0093074736498,303930.0,5923.0,0.1245813839065467,0.2500816234271789,26.33637712877011,Élevé,Urbain,Mixte-Renouvelable,Moyenne,0,Pre-COVID,OUI
FIN,FI,Helsinki,2019,o3,49.07521880625157,50.24808,24.35704818303187,0.0,141.033,7934,2019-01-01 11:00:00+00:00,2019-12-31 22:00:00+00:00,1360075.0,60.1708,24.9375,Finland,Europe & Central Asia,High income,99.4479732107755,2.18977184111891,24465.0782711163,1.34973845741737,0.662676659933095,18.1673609054717,3.0,11.6037873270211,15508.1691812129,6024.65366583164,45.4,81.9829268292683,73.7307932747672,27.7,24.1466052876512,14610547.0,4.46030589949017,48358.1807773701,267014821129.411,72.7431214358314,5521606.0,144.613204956055,60.0093074736498,303930.0,5923.0,0.1245813839065467,0.2500816234271789,26.33637712877011,Élevé,Urbain,Mixte-Renouvelable,Moyenne,0,Pre-COVID,OUI
FIN,FI,Helsinki,2019,pm10,17.439697606261934,10.06114,25.765748905821628,0.0,465.0648,7857,2019-01-01 11:00:00+00:00,2019-12-31 22:00:00+00:00,1360075.0,60.1708,24.9375,Finland,Europe & Central Asia,High income,99.4479732107755,2.18977184111891,24465.0782711163,1.34973845741737,0.662676659933095,18.1673609054717,3.0,11.6037873270211,15508.1691812129,6024.65366583164,45.4,81.9829268292683,73.7307932747672,27.7,24.1466052876512,14610547.0,4.46030589949017,48358.1807773701,267014821129.411,72.7431214358314,5521606.0,144.613204956055,60.0093074736498,303930.0,5923.0,0.1245813839065467,0.2500816234271789,26.33637712877011,Élevé,Urbain,Mixte-Renouvelable,Moyenne,0,Pre-COVID,OUI
FIN,FI,Helsinki,2020,no2,13.495722141344489,10.453405,11.626844304358864,0.0058764,90.06697,6932,2020-01-01 00:00:00+00:00,2020-12-31 22:00:00+00:00,1360075.0,60.1708,24.9375,Finland,Europe & Central Asia,High income,99.4479703400958,2.24039393029227,23510.9762114524,-2.49103605535707,0.612423189678435,18.1928768835954,3.0,7.47830857406846,14688.7364832862,5739.2544528356,47.3,81.9317073170732,73.7283674409423,27.1,24.227220617039,3500299.0,4.5461763899115,48828.6846862799,270000311606.226,73.0849439791673,5529543.0,143.122909545898,60.046026219716,303940.0,5918.0,0.1175361768094359,0.1548304052602165,26.46761454733127,Élevé,Urbain,Mixte-Renouvelable,Moyenne,1,COVID,OUI
FIN,FI,Helsinki,2020,o3,47.90858993124224,49.81824,20.744673478354148,0.6400356,137.5332,7253,2020-01-01 00:00:00+00:00,2020-12-31 22:00:00+00:00,1360075.0,60.1708,24.9375,Finland,Europe & Central Asia,High income,99.4479703400958,2.24039393029227,23510.9762114524,-2.49103605535707,0.612423189678435,18.1928768835954,3.0,7.47830857406846,14688.7364832862,5739.2544528356,47.3,81.9317073170732,73.7283674409423,27.1,24.227220617039,3500299.0,4.5461763899115,48828.6846862799,270000311606.226,73.0849439791673,5529543.0,143.122909545898,60.046026219716,303940.0,5918.0,0.1175361768094359,0.1548304052602165,26.46761454733127,Élevé,Urbain,Mixte-Renouvelable,Moyenne,1,COVID,OUI
FIN,FI,Helsinki,2020,pm10,14.36479144719955,9.7417145,18.13106454381352,0.0117233,438.8011,7106,2020-01-01 00:00:00+00:00,2020-12-31 22:00:00+00:00,1360075.0,60.1708,24.9375,Finland,Europe & Central Asia,High income,99.4479703400958,2.24039393029227,23510.9762114524,-2.49103605535707,0.612423189678435,18.1928768835954,3.0,7.47830857406846,14688.7364832862,5739.2544528356,47.3,81.9317073170732,73.7283674409423,27.1,24.227220617039,3500299.0,4.5461763899115,48828.6846862799,270000311606.226,73.0849439791673,5529543.0,143.122909545898,60.046026219716,303940.0,5918.0,0.1175361768094359,0.1548304052602165,26.46761454733127,Élevé,Urbain,Mixte-Renouvelable,Moyenne,1,COVID,OUI
FIN,FI,Helsinki,2020,pm25,5.363907324102807,4.601809,3.595212446042483,0.0231667,100.2878,8443,2020-05-18 14:00:00+00:00,2020-12-31 22:00:00+00:00,1360075.0,60.1708,24.9375,Finland,Europe & Central Asia,High income,99.4479703400958,2.24039393029227,23510.9762114524,-2.49103605535707,0.612423189678435,18.1928768835954,3.0,7.47830857406846,14688.7364832862,5739.2544528356,47.3,81.9317073170732,73.7283674409423,27.1,24.227220617039,3500299.0,4.5461763899115,48828.6846862799,270000311606.226,73.0849439791673,5529543.0,143.122909545898,60.046026219716,303940.0,5918.0,0.1175361768094359,0.1548304052602165,26.46761454733127,Élevé,Urbain,Mixte-Renouvelable,Moyenne,1,COVID,OUI
FIN,FI,Helsinki,2021,no2,15.452668311638435,11.940325,13.247519584848805,0.1076132,96.42436,6848,2021-01-01 00:00:00+00:00,2021-12-31 22:00:00+00:00,1360075.0,60.1708,24.9375,Finland,Europe & Central Asia,High income,99.4479633785746,2.15907446415076,24222.7886851451,2.67634641498897,0.597971575912131,18.2301659134121,3.0,7.74382296663986,15646.5861772306,5996.8929932427,50.2,81.8853658536585,73.7264996576714,27.7,24.2326060040842,2805555.0,4.42583400349408,53099.1351400148,294223210496.119,73.3710215780329,5541017.0,143.361343383789,60.1590262256597,303947.7,5918.0,0.1129355504921042,0.1512465423171847,26.39168046823496,Élevé,Urbain,Mixte-Renouvelable,Moyenne,0,Post-COVID,OUI
FIN,FI,Helsinki,2021,o3,48.83125664926916,49.65844,21.05622798482574,0.0173799,134.7773,6773,2021-01-01 00:00:00+00:00,2021-12-31 22:00:00+00:00,1360075.0,60.1708,24.9375,Finland,Europe & Central Asia,High income,99.4479633785746,2.15907446415076,24222.7886851451,2.67634641498897,0.597971575912131,18.2301659134121,3.0,7.74382296663986,15646.5861772306,5996.8929932427,50.2,81.8853658536585,73.7264996576714,27.7,24.2326060040842,2805555.0,4.42583400349408,53099.1351400148,294223210496.119,73.3710215780329,5541017.0,143.361343383789,60.1590262256597,303947.7,5918.0,0.1129355504921042,0.1512465423171847,26.39168046823496,Élevé,Urbain,Mixte-Renouvelable,Moyenne,0,Post-COVID,OUI
FIN,FI,Helsinki,2021,pm10,13.626410205612396,9.0050845,17.55000241566687,0.0023889,320.4369,6842,2021-01-01 00:00:00+00:00,2021-12-31 22:00:00+00:00,1360075.0,60.1708,24.9375,Finland,Europe & Central Asia,High income,99.4479633785746,2.15907446415076,24222.7886851451,2.67634641498897,0.597971575912131,18.2301659134121,3.0,7.74382296663986,15646.5861772306,5996.8929932427,50.2,81.8853658536585,73.7264996576714,27.7,24.2326060040842,2805555.0,4.42583400349408,53099.1351400148,294223210496.119,73.3710215780329,5541017.0,143.361343383789,60.1590262256597,303947.7,5918.0,0.1129355504921042,0.1512465423171847,26.39168046823496,Élevé,Urbain,Mixte-Renouvelable,Moyenne,0,Post-COVID,OUI
FIN,FI,Helsinki,2021,pm25,5.62279658926199,4.42569,4.401902920557831,0.0144487,72.60083,13699,2021-01-01 00:00:00+00:00,2021-12-31 22:00:00+00:00,1360075.0,60.1708,24.9375,Finland,Europe & Central Asia,High income,99.4479633785746,2.15907446415076,24222.7886851451,2.67634641498897,0.597971575912131,18.2301659134121,3.0,7.74382296663986,15646.5861772306,5996.8929932427,50.2,81.8853658536585,73.7264996576714,27.7,24.2326060040842,2805555.0,4.42583400349408,53099.1351400148,294223210496.119,73.3710215780329,5541017.0,143.361343383789,60.1590262256597,303947.7,5918.0,0.1129355504921042,0.1512465423171847,26.39168046823496,Élevé,Urbain,Mixte-Renouvelable,Moyenne,0,Post-COVID,OUI
FIN,FI,Helsinki,2022,no2,15.354127792124588,10.951795,14.592367644969668,0.0331053,117.2162,7898,2022-01-01 00:00:00+00:00,2022-12-31 22:00:00+00:00,1360075.0,60.1708,24.9375,Finland,Europe & Central Asia,High income,99.447963421715,2.24134367895993,24602.319976957,0.763041912763526,0.714914533928392,18.2798093224591,3.0,8.58061119884742,14738.1997391698,5683.95102157914,,81.1878048780488,73.7264996576714,27.9,25.1808292783738,9040754.0,3.90103344138753,50440.560224974,280253099309.34,73.6967597835949,5556106.0,144.852462768555,59.4281097939016,303947.7,,0.1126838859906037,,27.42217295733373,Élevé,Urbain,,Moyenne,0,Post-COVID,OUI
FIN,FI,Helsinki,2022,o3,47.90134338472963,51.22225,22.2157462588709,0.1496834,178.0328,7878,2022-01-01 00:00:00+00:00,2022-12-31 22:00:00+00:00,1360075.0,60.1708,24.9375,Finland,Europe & Central Asia,High income,99.447963421715,2.24134367895993,24602.319976957,0.763041912763526,0.714914533928392,18.2798093224591,3.0,8.58061119884742,14738.1997391698,5683.95102157914,,81.1878048780488,73.7264996576714,27.9,25.1808292783738,9040754.0,3.90103344138753,50440.560224974,280253099309.34,73.6967597835949,5556106.0,144.852462768555,59.4281097939016,303947.7,,0.1126838859906037,,27.42217295733373,Élevé,Urbain,,Moyenne,0,Post-COVID,OUI
FIN,FI,Helsinki,2022,pm10,12.095370974580476,7.798223,16.53702766675384,0.4134547,367.9636,12097,2022-01-01 00:00:00+00:00,2022-12-31 22:00:00+00:00,1360075.0,60.1708,24.9375,Finland,Europe & Central Asia,High income,99.447963421715,2.24134367895993,24602.319976957,0.763041912763526,0.714914533928392,18.2798093224591,3.0,8.58061119884742,14738.1997391698,5683.95102157914,,81.1878048780488,73.7264996576714,27.9,25.1808292783738,9040754.0,3.90103344138753,50440.560224974,280253099309.34,73.6967597835949,5556106.0,144.852462768555,59.4281097939016,303947.7,,0.1126838859906037,,27.42217295733373,Élevé,Urbain,,Moyenne,0,Post-COVID,OUI
FIN,FI,Helsinki,2022,pm25,5.271435783164365,3.805448,4.584741767911854,0.2971209,53.81152,15782,2022-01-01 00:00:00+00:00,2022-12-31 22:00:00+00:00,1360075.0,60.1708,24.9375,Finland,Europe & Central Asia,High income,99.447963421715,2.24134367895993,24602.319976957,0.763041912763526,0.714914533928392,18.2798093224591,3.0,8.58061119884742,14738.1997391698,5683.95102157914,,81.1878048780488,73.7264996576714,27.9,25.1808292783738,9040754.0,3.90103344138753,50440.560224974,280253099309.34,73.6967597835949,5556106.0,144.852462768555,59.4281097939016,303947.7,,0.1126838859906037,,27.42217295733373,Élevé,Urbain,,Moyenne,0,Post-COVID,OUI
FIN,FI,Helsinki,2023,no2,13.451849772694544,10.35172,11.301278563997732,0.0166251,88.26976,7222,2023-01-01 00:00:00+00:00,2023-12-31 22:00:00+00:00,1360075.0,60.1708,24.9375,Finland,Europe & Central Asia,High income,99.4479540389609,2.33793174221545,24582.3413534802,-0.939093459613758,0.918262953725406,18.3705454665088,,4.14275202354673,14391.3468534867,5866.65173975112,,81.6853658536585,73.7235162521384,27.4,23.4698440157157,10794518.0,3.56144223693893,52834.2916752703,295021982462.75,74.0062548602828,5583911.0,142.861724853516,61.7735882249458,303960.0,,0.1110366112069183,,25.80777575793115,Élevé,Urbain,,Moyenne,0,Post-COVID,OUI
FIN,FI,Helsinki,2023,o3,49.88673161728634,51.397175,23.30067060298937,0.1627919,131.723,7208,2023-01-01 00:00:00+00:00,2023-12-31 22:00:00+00:00,1360075.0,60.1708,24.9375,Finland,Europe & Central Asia,High income,99.4479540389609,2.33793174221545,24582.3413534802,-0.939093459613758,0.918262953725406,18.3705454665088,,4.14275202354673,14391.3468534867,5866.65173975112,,81.6853658536585,73.7235162521384,27.4,23.4698440157157,10794518.0,3.56144223693893,52834.2916752703,295021982462.75,74.0062548602828,5583911.0,142.861724853516,61.7735882249458,303960.0,,0.1110366112069183,,25.80777575793115,Élevé,Urbain,,Moyenne,0,Post-COVID,OUI
FIN,FI,Helsinki,2023,pm10,11.33662864107835,7.483873,14.41290857168229,0.0,280.6459,14448,2023-01-01 00:00:00+00:00,2023-12-31 22:00:00+00:00,1360075.0,60.1708,24.9375,Finland,Europe & Central Asia,High income,99.4479540389609,2.33793174221545,24582.3413534802,-0.939093459613758,0.918262953725406,18.3705454665088,,4.14275202354673,14391.3468534867,5866.65173975112,,81.6853658536585,73.7235162521384,27.4,23.4698440157157,10794518.0,3.56144223693893,52834.2916752703,295021982462.75,74.0062548602828,5583911.0,142.861724853516,61.7735882249458,303960.0,,0.1110366112069183,,25.80777575793115,Élevé,Urbain,,Moyenne,0,Post-COVID,OUI
FIN,FI,Helsinki,2023,pm25,5.170048765570707,3.987092,4.051239130992515,0.0,46.85921,14447,2023-01-01 00:00:00+00:00,2023-12-31 22:00:00+00:00,1360075.0,60.1708,24.9375,Finland,Europe & Central Asia,High income,99.4479540389609,2.33793174221545,24582.3413534802,-0.939093459613758,0.918262953725406,18.3705454665088,,4.14275202354673,14391.3468534867,5866.65173975112,,81.6853658536585,73.7235162521384,27.4,23.4698440157157,10794518.0,3.56144223693893,52834.2916752703,295021982462.75,74.0062548602828,5583911.0,142.861724853516,61.7735882249458,303960.0,,0.1110366112069183,,25.80777575793115,Élevé,Urbain,,Moyenne,0,Post-COVID,OUI
FIN,FI,Tampere,2019,no2,9.867758140185162,6.8779706,9.771550364368338,0.0,106.858725,7993,2019-01-01 11:00:00+00:00,2019-12-31 22:00:00+00:00,334112.0,61.4981,23.76,Finland,Europe & Central Asia,High income,99.4479732107755,2.18977184111891,24465.0782711163,1.34973845741737,0.662676659933095,18.1673609054717,3.0,11.6037873270211,15508.1691812129,6024.65366583164,45.4,81.9829268292683,73.7307932747672,27.7,24.1466052876512,14610547.0,4.46030589949017,48358.1807773701,267014821129.411,72.7431214358314,5521606.0,144.613204956055,60.0093074736498,303930.0,5923.0,0.1245813839065467,0.2500816234271789,26.33637712877011,Élevé,Urbain,Mixte-Renouvelable,Petite,0,Pre-COVID,OUI
FIN,FI,Tampere,2019,pm10,10.287981669205674,6.0324401000000005,14.321669250246476,0.0,203.4776303,7050,2019-01-01 11:00:00+00:00,2019-12-31 22:00:00+00:00,334112.0,61.4981,23.76,Finland,Europe & Central Asia,High income,99.4479732107755,2.18977184111891,24465.0782711163,1.34973845741737,0.662676659933095,18.1673609054717,3.0,11.6037873270211,15508.1691812129,6024.65366583164,45.4,81.9829268292683,73.7307932747672,27.7,24.1466052876512,14610547.0,4.46030589949017,48358.1807773701,267014821129.411,72.7431214358314,5521606.0,144.613204956055,60.0093074736498,303930.0,5923.0,0.1245813839065467,0.2500816234271789,26.33637712877011,Élevé,Urbain,Mixte-Renouvelable,Petite,0,Pre-COVID,OUI
FIN,FI,Tampere,2019,pm25,4.688552071200864,3.51058535,4.026378723025848,0.0,41.908344,14806,2019-01-01 11:00:00+00:00,2019-12-31 22:00:00+00:00,334112.0,61.4981,23.76,Finland,Europe & Central Asia,High income,99.4479732107755,2.18977184111891,24465.0782711163,1.34973845741737,0.662676659933095,18.1673609054717,3.0,11.6037873270211,15508.1691812129,6024.65366583164,45.4,81.9829268292683,73.7307932747672,27.7,24.1466052876512,14610547.0,4.46030589949017,48358.1807773701,267014821129.411,72.7431214358314,5521606.0,144.613204956055,60.0093074736498,303930.0,5923.0,0.1245813839065467,0.2500816234271789,26.33637712877011,Élevé,Urbain,Mixte-Renouvelable,Petite,0,Pre-COVID,OUI
FIN,FI,Tampere,2020,no2,9.86555394584586,8.8448449,6.499673625895398,1.0854415,84.0167848,7318,2020-01-01 00:00:00+00:00,2020-12-31 22:00:00+00:00,334112.0,61.4981,23.76,Finland,Europe & Central Asia,High income,99.4479703400958,2.24039393029227,23510.9762114524,-2.49103605535707,0.612423189678435,18.1928768835954,3.0,7.47830857406846,14688.7364832862,5739.2544528356,47.3,81.9317073170732,73.7283674409423,27.1,24.227220617039,3500299.0,4.5461763899115,48828.6846862799,270000311606.226,73.0849439791673,5529543.0,143.122909545898,60.046026219716,303940.0,5918.0,0.1175361768094359,0.1548304052602165,26.46761454733127,Élevé,Urbain,Mixte-Renouvelable,Petite,1,COVID,OUI
FIN,FI,Tampere,2020,pm10,11.80074210132275,6.5085312,24.61301065546436,0.0001354,673.6531613,6426,2020-01-01 00:00:00+00:00,2020-12-31 22:00:00+00:00,334112.0,61.4981,23.76,Finland,Europe & Central Asia,High income,99.4479703400958,2.24039393029227,23510.9762114524,-2.49103605535707,0.612423189678435,18.1928768835954,3.0,7.47830857406846,14688.7364832862,5739.2544528356,47.3,81.9317073170732,73.7283674409423,27.1,24.227220617039,3500299.0,4.5461763899115,48828.6846862799,270000311606.226,73.0849439791673,5529543.0,143.122909545898,60.046026219716,303940.0,5918.0,0.1175361768094359,0.1548304052602165,26.46761454733127,Élevé,Urbain,Mixte-Renouvelable,Petite,1,COVID,OUI
FIN,FI,Tampere,2020,pm25,4.750364549981391,3.4520072,5.300521219169105,0.0001354,163.86026,13435,2020-01-01 00:00:00+00:00,2020-12-31 22:00:00+00:00,334112.0,61.4981,23.76,Finland,Europe & Central Asia,High income,99.4479703400958,2.24039393029227,23510.9762114524,-2.49103605535707,0.612423189678435,18.1928768835954,3.0,7.47830857406846,14688.7364832862,5739.2544528356,47.3,81.9317073170732,73.7283674409423,27.1,24.227220617039,3500299.0,4.5461763899115,48828.6846862799,270000311606.226,73.0849439791673,5529543.0,143.122909545898,60.046026219716,303940.0,5918.0,0.1175361768094359,0.1548304052602165,26.46761454733127,Élevé,Urbain,Mixte-Renouvelable,Petite,1,COVID,OUI
FIN,FI,Tampere,2021,no2,14.03881475407505,12.0906443,8.666635604956035,0.974678,89.4809927,6822,2021-01-01 00:00:00+00:00,2021-12-31 22:00:00+00:00,334112.0,61.4981,23.76,Finland,Europe & Central Asia,High income,99.4479633785746,2.15907446415076,24222.7886851451,2.67634641498897,0.597971575912131,18.2301659134121,3.0,7.74382296663986,15646.5861772306,5996.8929932427,50.2,81.8853658536585,73.7264996576714,27.7,24.2326060040842,2805555.0,4.42583400349408,53099.1351400148,294223210496.119,73.3710215780329,5541017.0,143.361343383789,60.1590262256597,303947.7,5918.0,0.1129355504921042,0.1512465423171847,26.39168046823496,Élevé,Urbain,Mixte-Renouvelable,Petite,0,Post-COVID,OUI
FIN,FI,Tampere,2021,pm10,11.388041152764334,6.8833292,18.43794895475879,0.1050833,366.2474536,6819,2021-01-01 00:00:00+00:00,2021-12-31 22:00:00+00:00,334112.0,61.4981,23.76,Finland,Europe & Central Asia,High income,99.4479633785746,2.15907446415076,24222.7886851451,2.67634641498897,0.597971575912131,18.2301659134121,3.0,7.74382296663986,15646.5861772306,5996.8929932427,50.2,81.8853658536585,73.7264996576714,27.7,24.2326060040842,2805555.0,4.42583400349408,53099.1351400148,294223210496.119,73.3710215780329,5541017.0,143.361343383789,60.1590262256597,303947.7,5918.0,0.1129355504921042,0.1512465423171847,26.39168046823496,Élevé,Urbain,Mixte-Renouvelable,Petite,0,Post-COVID,OUI
FIN,FI,Tampere,2021,pm25,5.298612493047095,3.993574,4.592928230528921,0.0024885,74.1900545,13462,2021-01-01 00:00:00+00:00,2021-12-31 22:00:00+00:00,334112.0,61.4981,23.76,Finland,Europe & Central Asia,High income,99.4479633785746,2.15907446415076,24222.7886851451,2.67634641498897,0.597971575912131,18.2301659134121,3.0,7.74382296663986,15646.5861772306,5996.8929932427,50.2,81.8853658536585,73.7264996576714,27.7,24.2326060040842,2805555.0,4.42583400349408,53099.1351400148,294223210496.119,73.3710215780329,5541017.0,143.361343383789,60.1590262256597,303947.7,5918.0,0.1129355504921042,0.1512465423171847,26.39168046823496,Élevé,Urbain,Mixte-Renouvelable,Petite,0,Post-COVID,OUI
FIN,FI,Tampere,2022,no2,11.154622961539438,8.770258,7.877605953931699,1.2562526,72.4845728,7873,2022-01-01 00:00:00+00:00,2022-12-31 22:00:00+00:00,334112.0,61.4981,23.76,Finland,Europe & Central Asia,High income,99.447963421715,2.24134367895993,24602.319976957,0.763041912763526,0.714914533928392,18.2798093224591,3.0,8.58061119884742,14738.1997391698,5683.95102157914,,81.1878048780488,73.7264996576714,27.9,25.1808292783738,9040754.0,3.90103344138753,50440.560224974,280253099309.34,73.6967597835949,5556106.0,144.852462768555,59.4281097939016,303947.7,,0.1126838859906037,,27.42217295733373,Élevé,Urbain,,Petite,0,Post-COVID,OUI
FIN,FI,Tampere,2022,o3,29.021248107658963,25.28233855,19.13597664354028,0.0086245,108.7808433,4152,2022-06-20 12:00:00+00:00,2022-12-31 22:00:00+00:00,334112.0,61.4981,23.76,Finland,Europe & Central Asia,High income,99.447963421715,2.24134367895993,24602.319976957,0.763041912763526,0.714914533928392,18.2798093224591,3.0,8.58061119884742,14738.1997391698,5683.95102157914,,81.1878048780488,73.7264996576714,27.9,25.1808292783738,9040754.0,3.90103344138753,50440.560224974,280253099309.34,73.6967597835949,5556106.0,144.852462768555,59.4281097939016,303947.7,,0.1126838859906037,,27.42217295733373,Élevé,Urbain,,Petite,0,Post-COVID,OUI
FIN,FI,Tampere,2022,pm10,10.99779355602494,5.6908854,21.491093509297173,0.1768543,662.0487387,7859,2022-01-01 00:00:00+00:00,2022-12-31 22:00:00+00:00,334112.0,61.4981,23.76,Finland,Europe & Central Asia,High income,99.447963421715,2.24134367895993,24602.319976957,0.763041912763526,0.714914533928392,18.2798093224591,3.0,8.58061119884742,14738.1997391698,5683.95102157914,,81.1878048780488,73.7264996576714,27.9,25.1808292783738,9040754.0,3.90103344138753,50440.560224974,280253099309.34,73.6967597835949,5556106.0,144.852462768555,59.4281097939016,303947.7,,0.1126838859906037,,27.42217295733373,Élevé,Urbain,,Petite,0,Post-COVID,OUI
FIN,FI,Tampere,2022,pm25,4.5768244393116175,3.2662335,4.303426633938958,0.056442,91.3539815,15718,2022-01-01 00:00:00+00:00,2022-12-31 22:00:00+00:00,334112.0,61.4981,23.76,Finland,Europe & Central Asia,High income,99.447963421715,2.24134367895993,24602.319976957,0.763041912763526,0.714914533928392,18.2798093224591,3.0,8.58061119884742,14738.1997391698,5683.95102157914,,81.1878048780488,73.7264996576714,27.9,25.1808292783738,9040754.0,3.90103344138753,50440.560224974,280253099309.34,73.6967597835949,5556106.0,144.852462768555,59.4281097939016,303947.7,,0.1126838859906037,,27.42217295733373,Élevé,Urbain,,Petite,0,Post-COVID,OUI
FIN,FI,Tampere,2023,no2,8.708578262449329,6.884221849999999,7.212443499575314,0.0560184,88.3408563,12828,2023-01-01 00:00:00+00:00,2023-12-31 22:00:00+00:00,334112.0,61.4981,23.76,Finland,Europe & Central Asia,High income,99.4479540389609,2.33793174221545,24582.3413534802,-0.939093459613758,0.918262953725406,18.3705454665088,,4.14275202354673,14391.3468534867,5866.65173975112,,81.6853658536585,73.7235162521384,27.4,23.4698440157157,10794518.0,3.56144223693893,52834.2916752703,295021982462.75,74.0062548602828,5583911.0,142.861724853516,61.7735882249458,303960.0,,0.1110366112069183,,25.80777575793115,Élevé,Urbain,,Petite,0,Post-COVID,OUI
FIN,FI,Tampere,2023,o3,48.4208370696527,48.667940900000005,21.056191933045877,0.0479846,116.587605,7256,2023-01-01 00:00:00+00:00,2023-12-31 22:00:00+00:00,334112.0,61.4981,23.76,Finland,Europe & Central Asia,High income,99.4479540389609,2.33793174221545,24582.3413534802,-0.939093459613758,0.918262953725406,18.3705454665088,,4.14275202354673,14391.3468534867,5866.65173975112,,81.6853658536585,73.7235162521384,27.4,23.4698440157157,10794518.0,3.56144223693893,52834.2916752703,295021982462.75,74.0062548602828,5583911.0,142.861724853516,61.7735882249458,303960.0,,0.1110366112069183,,25.80777575793115,Élevé,Urbain,,Petite,0,Post-COVID,OUI
FIN,FI,Tampere,2023,pm10,10.69804983980852,6.314519499999999,17.2663830539526,0.0056875,578.8059937,11176,2023-01-01 00:00:00+00:00,2023-12-31 22:00:00+00:00,334112.0,61.4981,23.76,Finland,Europe & Central Asia,High income,99.4479540389609,2.33793174221545,24582.3413534802,-0.939093459613758,0.918262953725406,18.3705454665088,,4.14275202354673,14391.3468534867,5866.65173975112,,81.6853658536585,73.7235162521384,27.4,23.4698440157157,10794518.0,3.56144223693893,52834.2916752703,295021982462.75,74.0062548602828,5583911.0,142.861724853516,61.7735882249458,303960.0,,0.1110366112069183,,25.80777575793115,Élevé,Urbain,,Petite,0,Post-COVID,OUI
FIN,FI,Tampere,2023,pm25,4.208074440321825,3.2482082,3.780033057475925,0.0041979,64.5720432,12802,2023-01-01 00:00:00+00:00,2023-12-31 22:00:00+00:00,334112.0,61.4981,23.76,Finland,Europe & Central Asia,High income,99.4479540389609,2.33793174221545,24582.3413534802,-0.939093459613758,0.918262953725406,18.3705454665088,,4.14275202354673,14391.3468534867,5866.65173975112,,81.6853658536585,73.7235162521384,27.4,23.4698440157157,10794518.0,3.56144223693893,52834.2916752703,295021982462.75,74.0062548602828,5583911.0,142.861724853516,61.7735882249458,303960.0,,0.1110366112069183,,25.80777575793115,Élevé,Urbain,,Petite,0,Post-COVID,OUI
FRA,FR,Bordeaux,2019,no2,18.945803881249194,14.1,16.089878804245576,0.0,113.4,7781,2019-01-02 03:00:00+00:00,2019-12-31 22:00:00+00:00,994920.0,44.84,-0.58,France,Europe & Central Asia,High income,98.6484147946355,1.40828485472535,20766.441208542,2.02744646419237,0.354972490012461,125.024698023935,26.21208613,1.02762620446821,7059.07466974036,3605.53190025511,15.5,82.8268292682927,31.8575006957974,31.2,16.907003960354,71289277.0,6.66626998988474,40408.2848574751,2722793515171.76,78.6890784549356,67382061.0,104.07689666748,70.1101608629661,538950.0,28157.0,0.0892253330632289,0.0622803760283763,18.31528881507935,Élevé,Urbain,Mixte-Fossile,Petite,0,Pre-COVID,OUI
FRA,FR,Bordeaux,2019,pm10,16.692813235678788,13.9,14.263788928304985,0.0,517.5,15292,2019-01-02 03:00:00+00:00,2019-12-31 22:00:00+00:00,994920.0,44.84,-0.58,France,Europe & Central Asia,High income,98.6484147946355,1.40828485472535,20766.441208542,2.02744646419237,0.354972490012461,125.024698023935,26.21208613,1.02762620446821,7059.07466974036,3605.53190025511,15.5,82.8268292682927,31.8575006957974,31.2,16.907003960354,71289277.0,6.66626998988474,40408.2848574751,2722793515171.76,78.6890784549356,67382061.0,104.07689666748,70.1101608629661,538950.0,28157.0,0.0892253330632289,0.0622803760283763,18.31528881507935,Élevé,Urbain,Mixte-Fossile,Petite,0,Pre-COVID,OUI
FRA,FR,Bordeaux,2019,pm25,8.981082515256036,7.3,7.032463647998378,0.0,63.3,7538,2019-01-02 03:00:00+00:00,2019-12-31 22:00:00+00:00,994920.0,44.84,-0.58,France,Europe & Central Asia,High income,98.6484147946355,1.40828485472535,20766.441208542,2.02744646419237,0.354972490012461,125.024698023935,26.21208613,1.02762620446821,7059.07466974036,3605.53190025511,15.5,82.8268292682927,31.8575006957974,31.2,16.907003960354,71289277.0,6.66626998988474,40408.2848574751,2722793515171.76,78.6890784549356,67382061.0,104.07689666748,70.1101608629661,538950.0,28157.0,0.0892253330632289,0.0622803760283763,18.31528881507935,Élevé,Urbain,Mixte-Fossile,Petite,0,Pre-COVID,OUI
FRA,FR,Bordeaux,2019,so2,2.0535882749326144,1.0,6.401994260291286,0.0,231.6,5936,2019-01-03 00:00:00+00:00,2019-12-31 22:00:00+00:00,994920.0,44.84,-0.58,France,Europe & Central Asia,High income,98.6484147946355,1.40828485472535,20766.441208542,2.02744646419237,0.354972490012461,125.024698023935,26.21208613,1.02762620446821,7059.07466974036,3605.53190025511,15.5,82.8268292682927,31.8575006957974,31.2,16.907003960354,71289277.0,6.66626998988474,40408.2848574751,2722793515171.76,78.6890784549356,67382061.0,104.07689666748,70.1101608629661,538950.0,28157.0,0.0892253330632289,0.0622803760283763,18.31528881507935,Élevé,Urbain,Mixte-Fossile,Petite,0,Pre-COVID,OUI
FRA,FR,Bordeaux,2020,no2,15.613298443370908,10.9,13.858030439664098,0.0,102.5,7452,2020-01-01 12:00:00+00:00,2020-12-31 22:00:00+00:00,994920.0,44.84,-0.58,France,Europe & Central Asia,High income,98.6476102264443,1.4604342657704,19329.882366129,-7.44064589948231,0.353572181852013,125.431134613601,24.67155198,0.92758355382912,6685.6150734803,3228.48915727036,16.8,82.1756097560976,32.0122460339549,30.7,16.272651205236,24956343.0,6.7360993826118,39169.8606000707,2647926055110.05,78.7119131765249,67601110.0,104.566566467285,70.9770173200242,538950.0,27872.0,0.0824206848614537,0.0521114356083775,17.733085471006397,Moyen-Élevé,Urbain,Mixte-Fossile,Petite,1,COVID,OUI
FRA,FR,Bordeaux,2020,pm10,16.859552015250546,13.7,13.921827584829291,0.0,473.5,14688,2020-01-01 12:00:00+00:00,2020-12-31 22:00:00+00:00,994920.0,44.84,-0.58,France,Europe & Central Asia,High income,98.6476102264443,1.4604342657704,19329.882366129,-7.44064589948231,0.353572181852013,125.431134613601,24.67155198,0.92758355382912,6685.6150734803,3228.48915727036,16.8,82.1756097560976,32.0122460339549,30.7,16.272651205236,24956343.0,6.7360993826118,39169.8606000707,2647926055110.05,78.7119131765249,67601110.0,104.566566467285,70.9770173200242,538950.0,27872.0,0.0824206848614537,0.0521114356083775,17.733085471006397,Moyen-Élevé,Urbain,Mixte-Fossile,Petite,1,COVID,OUI
FRA,FR,Bordeaux,2020,pm25,8.597392705434306,6.4,17.984758227654936,0.0,976.9,6827,2020-01-01 12:00:00+00:00,2020-12-31 22:00:00+00:00,994920.0,44.84,-0.58,France,Europe & Central Asia,High income,98.6476102264443,1.4604342657704,19329.882366129,-7.44064589948231,0.353572181852013,125.431134613601,24.67155198,0.92758355382912,6685.6150734803,3228.48915727036,16.8,82.1756097560976,32.0122460339549,30.7,16.272651205236,24956343.0,6.7360993826118,39169.8606000707,2647926055110.05,78.7119131765249,67601110.0,104.566566467285,70.9770173200242,538950.0,27872.0,0.0824206848614537,0.0521114356083775,17.733085471006397,Moyen-Élevé,Urbain,Mixte-Fossile,Petite,1,COVID,OUI
FRA,FR,Bordeaux,2020,so2,1.1130507904473594,0.6,3.2323956088877512,0.0,150.2,5946,2020-01-01 12:00:00+00:00,2020-12-31 22:00:00+00:00,994920.0,44.84,-0.58,France,Europe & Central Asia,High income,98.6476102264443,1.4604342657704,19329.882366129,-7.44064589948231,0.353572181852013,125.431134613601,24.67155198,0.92758355382912,6685.6150734803,3228.48915727036,16.8,82.1756097560976,32.0122460339549,30.7,16.272651205236,24956343.0,6.7360993826118,39169.8606000707,2647926055110.05,78.7119131765249,67601110.0,104.566566467285,70.9770173200242,538950.0,27872.0,0.0824206848614537,0.0521114356083775,17.733085471006397,Moyen-Élevé,Urbain,Mixte-Fossile,Petite,1,COVID,OUI
FRA,FR,Bordeaux,2021,no2,16.38355300859599,13.2,12.982008021583477,0.0,97.5,5235,2021-01-01 00:00:00+00:00,2021-12-31 22:00:00+00:00,994920.0,44.84,-0.58,France,Europe & Central Asia,High income,98.6468028432762,1.46334541457898,20250.4544523726,6.88233783360239,0.388083616553456,125.879601076167,24.4276596,1.32081685836718,6950.69961060428,3469.83398574773,16.2,82.3243902439024,32.1669913721124,31.5,16.0877289574672,32000528.0,7.05383512015852,43725.0999521245,2966433692008.09,78.7364603392338,67842811.0,104.522842407227,70.6735726050728,538950.0,27716.0,0.0793538410593863,0.0767916778120453,17.55107437204618,Élevé,Urbain,Mixte-Fossile,Petite,0,Post-COVID,OUI
FRA,FR,Bordeaux,2021,pm10,16.405710167424328,13.4,11.910597121416163,0.0,222.1,9019,2021-01-01 00:00:00+00:00,2021-12-31 22:00:00+00:00,994920.0,44.84,-0.58,France,Europe & Central Asia,High income,98.6468028432762,1.46334541457898,20250.4544523726,6.88233783360239,0.388083616553456,125.879601076167,24.4276596,1.32081685836718,6950.69961060428,3469.83398574773,16.2,82.3243902439024,32.1669913721124,31.5,16.0877289574672,32000528.0,7.05383512015852,43725.0999521245,2966433692008.09,78.7364603392338,67842811.0,104.522842407227,70.6735726050728,538950.0,27716.0,0.0793538410593863,0.0767916778120453,17.55107437204618,Élevé,Urbain,Mixte-Fossile,Petite,0,Post-COVID,OUI
FRA,FR,Bordeaux,2021,pm25,10.535970613167562,6.1,41.05198716689301,0.0,985.0,3539,2021-01-01 00:00:00+00:00,2021-12-31 22:00:00+00:00,994920.0,44.84,-0.58,France,Europe & Central Asia,High income,98.6468028432762,1.46334541457898,20250.4544523726,6.88233783360239,0.388083616553456,125.879601076167,24.4276596,1.32081685836718,6950.69961060428,3469.83398574773,16.2,82.3243902439024,32.1669913721124,31.5,16.0877289574672,32000528.0,7.05383512015852,43725.0999521245,2966433692008.09,78.7364603392338,67842811.0,104.522842407227,70.6735726050728,538950.0,27716.0,0.0793538410593863,0.0767916778120453,17.55107437204618,Élevé,Urbain,Mixte-Fossile,Petite,0,Post-COVID,OUI
FRA,FR,Bordeaux,2021,so2,2.143444857496902,1.2,4.619876709633752,0.0,72.8,4035,2021-01-01 00:00:00+00:00,2021-12-31 22:00:00+00:00,994920.0,44.84,-0.58,France,Europe & Central Asia,High income,98.6468028432762,1.46334541457898,20250.4544523726,6.88233783360239,0.388083616553456,125.879601076167,24.4276596,1.32081685836718,6950.69961060428,3469.83398574773,16.2,82.3243902439024,32.1669913721124,31.5,16.0877289574672,32000528.0,7.05383512015852,43725.0999521245,2966433692008.09,78.7364603392338,67842811.0,104.522842407227,70.6735726050728,538950.0,27716.0,0.0793538410593863,0.0767916778120453,17.55107437204618,Élevé,Urbain,Mixte-Fossile,Petite,0,Post-COVID,OUI
FRA,FR,Bordeaux,2022,no2,15.194094693028095,10.8,13.217716053807344,0.0,89.9,7688,2022-01-01 00:00:00+00:00,2022-12-31 22:00:00+00:00,994920.0,44.84,-0.58,France,Europe & Central Asia,High income,98.6459966836726,1.72017137018833,20611.8295372504,2.71676264185913,0.531186532435236,126.513511457464,24.4276596,1.23862081778108,6649.38931756837,3100.1897815932,,82.1292682926829,32.32173671027,31.2,15.769153788105,59323269.0,7.43784728673006,40988.6396406579,2794788137066.94,78.7591921123356,68184457.0,104.316436767578,71.7575436778909,538950.0,,0.0756334968731489,,17.48932515829333,Élevé,Urbain,,Petite,0,Post-COVID,OUI
FRA,FR,Bordeaux,2022,pm10,18.64288060436853,15.5,14.139715179301248,0.2,390.9,12178,2022-01-01 00:00:00+00:00,2022-12-31 22:00:00+00:00,994920.0,44.84,-0.58,France,Europe & Central Asia,High income,98.6459966836726,1.72017137018833,20611.8295372504,2.71676264185913,0.531186532435236,126.513511457464,24.4276596,1.23862081778108,6649.38931756837,3100.1897815932,,82.1292682926829,32.32173671027,31.2,15.769153788105,59323269.0,7.43784728673006,40988.6396406579,2794788137066.94,78.7591921123356,68184457.0,104.316436767578,71.7575436778909,538950.0,,0.0756334968731489,,17.48932515829333,Élevé,Urbain,,Petite,0,Post-COVID,OUI
FRA,FR,Bordeaux,2022,pm25,8.480141176470587,5.5,27.777360335616983,0.0,979.6,4250,2022-01-01 00:00:00+00:00,2022-12-31 22:00:00+00:00,994920.0,44.84,-0.58,France,Europe & Central Asia,High income,98.6459966836726,1.72017137018833,20611.8295372504,2.71676264185913,0.531186532435236,126.513511457464,24.4276596,1.23862081778108,6649.38931756837,3100.1897815932,,82.1292682926829,32.32173671027,31.2,15.769153788105,59323269.0,7.43784728673006,40988.6396406579,2794788137066.94,78.7591921123356,68184457.0,104.316436767578,71.7575436778909,538950.0,,0.0756334968731489,,17.48932515829333,Élevé,Urbain,,Petite,0,Post-COVID,OUI
FRA,FR,Bordeaux,2022,so2,2.169703459637562,1.3,3.883355665141302,0.0,49.2,6070,2022-01-01 00:00:00+00:00,2022-12-31 18:00:00+00:00,994920.0,44.84,-0.58,France,Europe & Central Asia,High income,98.6459966836726,1.72017137018833,20611.8295372504,2.71676264185913,0.531186532435236,126.513511457464,24.4276596,1.23862081778108,6649.38931756837,3100.1897815932,,82.1292682926829,32.32173671027,31.2,15.769153788105,59323269.0,7.43784728673006,40988.6396406579,2794788137066.94,78.7591921123356,68184457.0,104.316436767578,71.7575436778909,538950.0,,0.0756334968731489,,17.48932515829333,Élevé,Urbain,,Petite,0,Post-COVID,OUI
FRA,FR,Bordeaux,2023,no2,11.92239467849224,8.1,11.450053877921802,0.0,91.3,12628,2023-01-01 00:00:00+00:00,2023-12-31 22:00:00+00:00,994920.0,44.84,-0.58,France,Europe & Central Asia,High income,98.6451856910254,1.48475796304424,20669.0890280344,1.43921494437743,0.302058020324431,126.862020595603,,0.584217935547692,6415.02611160317,3136.12237461475,,82.9292682926829,32.4764820484275,31.8,18.1109847493837,64644716.0,6.95849027888749,44700.1384177544,3056250648138.29,78.7804323126547,68372286.0,103.962417602539,70.2119038407892,538950.0,,0.0701575504701049,,19.595742712427946,Élevé,Urbain,,Petite,0,Post-COVID,OUI
FRA,FR,Bordeaux,2023,o3,58.49935531405416,58.6,26.57285783875007,0.1,172.0,5429,2023-05-05 23:00:00+00:00,2023-12-31 22:00:00+00:00,994920.0,44.84,-0.58,France,Europe & Central Asia,High income,98.6451856910254,1.48475796304424,20669.0890280344,1.43921494437743,0.302058020324431,126.862020595603,,0.584217935547692,6415.02611160317,3136.12237461475,,82.9292682926829,32.4764820484275,31.8,18.1109847493837,64644716.0,6.95849027888749,44700.1384177544,3056250648138.29,78.7804323126547,68372286.0,103.962417602539,70.2119038407892,538950.0,,0.0701575504701049,,19.595742712427946,Élevé,Urbain,,Petite,0,Post-COVID,OUI
FRA,FR,Bordeaux,2023,pm10,15.78865139410613,13.3,11.93438838938911,0.0,350.8,18901,2023-01-01 00:00:00+00:00,2023-12-31 22:00:00+00:00,994920.0,44.84,-0.58,France,Europe & Central Asia,High income,98.6451856910254,1.48475796304424,20669.0890280344,1.43921494437743,0.302058020324431,126.862020595603,,0.584217935547692,6415.02611160317,3136.12237461475,,82.9292682926829,32.4764820484275,31.8,18.1109847493837,64644716.0,6.95849027888749,44700.1384177544,3056250648138.29,78.7804323126547,68372286.0,103.962417602539,70.2119038407892,538950.0,,0.0701575504701049,,19.595742712427946,Élevé,Urbain,,Petite,0,Post-COVID,OUI
FRA,FR,Bordeaux,2023,pm25,8.05041816009558,6.1,21.83523465790941,0.0,985.0,6696,2023-01-01 00:00:00+00:00,2023-12-31 22:00:00+00:00,994920.0,44.84,-0.58,France,Europe & Central Asia,High income,98.6451856910254,1.48475796304424,20669.0890280344,1.43921494437743,0.302058020324431,126.862020595603,,0.584217935547692,6415.02611160317,3136.12237461475,,82.9292682926829,32.4764820484275,31.8,18.1109847493837,64644716.0,6.95849027888749,44700.1384177544,3056250648138.29,78.7804323126547,68372286.0,103.962417602539,70.2119038407892,538950.0,,0.0701575504701049,,19.595742712427946,Élevé,Urbain,,Petite,0,Post-COVID,OUI
FRA,FR,Bordeaux,2023,so2,2.1788257773145734,1.3,13.269526428248868,0.0,987.8,5757,2023-01-01 02:00:00+00:00,2023-12-31 15:00:00+00:00,994920.0,44.84,-0.58,France,Europe & Central Asia,High income,98.6451856910254,1.48475796304424,20669.0890280344,1.43921494437743,0.302058020324431,126.862020595603,,0.584217935547692,6415.02611160317,3136.12237461475,,82.9292682926829,32.4764820484275,31.8,18.1109847493837,64644716.0,6.95849027888749,44700.1384177544,3056250648138.29,78.7804323126547,68372286.0,103.962417602539,70.2119038407892,538950.0,,0.0701575504701049,,19.595742712427946,Élevé,Urbain,,Petite,0,Post-COVID,OUI
FRA,FR,Paris,2019,no2,58.90457821676455,59.0,25.99059345609736,0.0,224.7,7492,2019-01-02 03:00:00+00:00,2019-12-31 22:00:00+00:00,11060000.0,48.8567,2.3522,France,Europe & Central Asia,High income,98.6484147946355,1.40828485472535,20766.441208542,2.02744646419237,0.354972490012461,125.024698023935,26.21208613,1.02762620446821,7059.07466974036,3605.53190025511,15.5,82.8268292682927,31.8575006957974,31.2,16.907003960354,71289277.0,6.66626998988474,40408.2848574751,2722793515171.76,78.6890784549356,67382061.0,104.07689666748,70.1101608629661,538950.0,28157.0,0.0892253330632289,0.0622803760283763,18.31528881507935,Élevé,Urbain,Mixte-Fossile,Mégapole,0,Pre-COVID,OUI
FRA,FR,Paris,2019,pm10,26.3725065808716,24.25,15.78913267809597,0.0,145.0,6838,2019-01-02 03:00:00+00:00,2019-12-31 22:00:00+00:00,11060000.0,48.8567,2.3522,France,Europe & Central Asia,High income,98.6484147946355,1.40828485472535,20766.441208542,2.02744646419237,0.354972490012461,125.024698023935,26.21208613,1.02762620446821,7059.07466974036,3605.53190025511,15.5,82.8268292682927,31.8575006957974,31.2,16.907003960354,71289277.0,6.66626998988474,40408.2848574751,2722793515171.76,78.6890784549356,67382061.0,104.07689666748,70.1101608629661,538950.0,28157.0,0.0892253330632289,0.0622803760283763,18.31528881507935,Élevé,Urbain,Mixte-Fossile,Mégapole,0,Pre-COVID,OUI
FRA,FR,Paris,2020,no2,38.53820975283901,36.6,20.711844018122576,2.4,228.7,7485,2020-01-01 10:00:00+00:00,2020-12-31 22:00:00+00:00,11060000.0,48.8567,2.3522,France,Europe & Central Asia,High income,98.6476102264443,1.4604342657704,19329.882366129,-7.44064589948231,0.353572181852013,125.431134613601,24.67155198,0.92758355382912,6685.6150734803,3228.48915727036,16.8,82.1756097560976,32.0122460339549,30.7,16.272651205236,24956343.0,6.7360993826118,39169.8606000707,2647926055110.05,78.7119131765249,67601110.0,104.566566467285,70.9770173200242,538950.0,27872.0,0.0824206848614537,0.0521114356083775,17.733085471006397,Moyen-Élevé,Urbain,Mixte-Fossile,Mégapole,1,COVID,OUI
FRA,FR,Paris,2020,pm10,23.317306880540315,21.3,12.960919474055828,0.0,120.7,7107,2020-01-01 10:00:00+00:00,2020-12-31 22:00:00+00:00,11060000.0,48.8567,2.3522,France,Europe & Central Asia,High income,98.6476102264443,1.4604342657704,19329.882366129,-7.44064589948231,0.353572181852013,125.431134613601,24.67155198,0.92758355382912,6685.6150734803,3228.48915727036,16.8,82.1756097560976,32.0122460339549,30.7,16.272651205236,24956343.0,6.7360993826118,39169.8606000707,2647926055110.05,78.7119131765249,67601110.0,104.566566467285,70.9770173200242,538950.0,27872.0,0.0824206848614537,0.0521114356083775,17.733085471006397,Moyen-Élevé,Urbain,Mixte-Fossile,Mégapole,1,COVID,OUI
FRA,FR,Paris,2021,no2,40.78432291666666,39.4,18.86937569983732,4.3,113.3,1920,2021-01-01 00:00:00+00:00,2021-12-25 01:00:00+00:00,11060000.0,48.8567,2.3522,France,Europe & Central Asia,High income,98.6468028432762,1.46334541457898,20250.4544523726,6.88233783360239,0.388083616553456,125.879601076167,24.4276596,1.32081685836718,6950.69961060428,3469.83398574773,16.2,82.3243902439024,32.1669913721124,31.5,16.0877289574672,32000528.0,7.05383512015852,43725.0999521245,2966433692008.09,78.7364603392338,67842811.0,104.522842407227,70.6735726050728,538950.0,27716.0,0.0793538410593863,0.0767916778120453,17.55107437204618,Élevé,Urbain,Mixte-Fossile,Mégapole,0,Post-COVID,OUI
FRA,FR,Paris,2021,pm10,24.700719822812847,20.3,55.3098358710267,0.0,2284.8,1806,2021-01-01 00:00:00+00:00,2021-12-25 01:00:00+00:00,11060000.0,48.8567,2.3522,France,Europe & Central Asia,High income,98.6468028432762,1.46334541457898,20250.4544523726,6.88233783360239,0.388083616553456,125.879601076167,24.4276596,1.32081685836718,6950.69961060428,3469.83398574773,16.2,82.3243902439024,32.1669913721124,31.5,16.0877289574672,32000528.0,7.05383512015852,43725.0999521245,2966433692008.09,78.7364603392338,67842811.0,104.522842407227,70.6735726050728,538950.0,27716.0,0.0793538410593863,0.0767916778120453,17.55107437204618,Élevé,Urbain,Mixte-Fossile,Mégapole,0,Post-COVID,OUI
FRA,FR,Paris,2022,no2,39.74761904761905,38.1,17.944913904943977,5.6,342.7,4767,2022-01-01 00:00:00+00:00,2022-12-31 22:00:00+00:00,11060000.0,48.8567,2.3522,France,Europe & Central Asia,High income,98.6459966836726,1.72017137018833,20611.8295372504,2.71676264185913,0.531186532435236,126.513511457464,24.4276596,1.23862081778108,6649.38931756837,3100.1897815932,,82.1292682926829,32.32173671027,31.2,15.769153788105,59323269.0,7.43784728673006,40988.6396406579,2794788137066.94,78.7591921123356,68184457.0,104.316436767578,71.7575436778909,538950.0,,0.0756334968731489,,17.48932515829333,Élevé,Urbain,,Mégapole,0,Post-COVID,OUI
FRA,FR,Paris,2022,pm10,23.598515886287625,21.8,11.803292448307731,0.0,148.3,4784,2022-01-01 00:00:00+00:00,2022-12-31 22:00:00+00:00,11060000.0,48.8567,2.3522,France,Europe & Central Asia,High income,98.6459966836726,1.72017137018833,20611.8295372504,2.71676264185913,0.531186532435236,126.513511457464,24.4276596,1.23862081778108,6649.38931756837,3100.1897815932,,82.1292682926829,32.32173671027,31.2,15.769153788105,59323269.0,7.43784728673006,40988.6396406579,2794788137066.94,78.7591921123356,68184457.0,104.316436767578,71.7575436778909,538950.0,,0.0756334968731489,,17.48932515829333,Élevé,Urbain,,Mégapole,0,Post-COVID,OUI
FRA,FR,Paris,2023,no2,37.69545200892857,36.6,18.29162646347869,0.9,156.5,7168,2023-01-01 00:00:00+00:00,2023-12-31 22:00:00+00:00,11060000.0,48.8567,2.3522,France,Europe & Central Asia,High income,98.6451856910254,1.48475796304424,20669.0890280344,1.43921494437743,0.302058020324431,126.862020595603,,0.584217935547692,6415.02611160317,3136.12237461475,,82.9292682926829,32.4764820484275,31.8,18.1109847493837,64644716.0,6.95849027888749,44700.1384177544,3056250648138.29,78.7804323126547,68372286.0,103.962417602539,70.2119038407892,538950.0,,0.0701575504701049,,19.595742712427946,Élevé,Urbain,,Mégapole,0,Post-COVID,OUI
FRA,FR,Paris,2023,pm10,27.37500357091844,19.8,78.35887108647272,0.0,1654.7,7001,2023-01-01 00:00:00+00:00,2023-12-31 22:00:00+00:00,11060000.0,48.8567,2.3522,France,Europe & Central Asia,High income,98.6451856910254,1.48475796304424,20669.0890280344,1.43921494437743,0.302058020324431,126.862020595603,,0.584217935547692,6415.02611160317,3136.12237461475,,82.9292682926829,32.4764820484275,31.8,18.1109847493837,64644716.0,6.95849027888749,44700.1384177544,3056250648138.29,78.7804323126547,68372286.0,103.962417602539,70.2119038407892,538950.0,,0.0701575504701049,,19.595742712427946,Élevé,Urbain,,Mégapole,0,Post-COVID,OUI
GBR,GB,Birmingham,2019,no2,26.328535711872423,20.0,23.132069181903223,0.0,192.0,14799,2019-01-01 00:00:00+00:00,2019-12-31 22:00:00+00:00,2590363.0,52.48,-1.9025,United Kingdom,Europe & Central Asia,High income,99.1080626668205,0.576929649470186,30647.226101855,1.25629899760824,0.785164433740315,275.414376059191,8.419,2.45615988076353,4775.40484159025,2515.97344619501,11.4,81.3691219512195,13.1525647914686,32.8,17.8736338534045,142392528.0,8.15452501770303,43158.7411267323,2875710080015.3,82.6699420738913,66631000.0,117.085289001465,70.9760621688525,241930.0,16295.0,0.0582944517393471,0.1980774097389943,18.450563502874687,Élevé,Urbain,Mixte-Fossile,Moyenne,0,Pre-COVID,OUI
GBR,GB,Birmingham,2019,o3,50.1455280444669,51.0,20.73441343282667,1.0,140.0,7916,2019-01-01 00:00:00+00:00,2019-12-31 22:00:00+00:00,2590363.0,52.48,-1.9025,United Kingdom,Europe & Central Asia,High income,99.1080626668205,0.576929649470186,30647.226101855,1.25629899760824,0.785164433740315,275.414376059191,8.419,2.45615988076353,4775.40484159025,2515.97344619501,11.4,81.3691219512195,13.1525647914686,32.8,17.8736338534045,142392528.0,8.15452501770303,43158.7411267323,2875710080015.3,82.6699420738913,66631000.0,117.085289001465,70.9760621688525,241930.0,16295.0,0.0582944517393471,0.1980774097389943,18.450563502874687,Élevé,Urbain,Mixte-Fossile,Moyenne,0,Pre-COVID,OUI
GBR,GB,Birmingham,2020,no2,20.29205413170031,16.0,16.426036274512796,0.0,182.0,13227,2020-01-01 01:00:00+00:00,2020-12-31 18:00:00+00:00,2590363.0,52.48,-1.9025,United Kingdom,Europe & Central Asia,High income,99.1069628063769,0.683760683760684,26545.7859419112,-10.047896637362,0.447347439874678,275.881453312942,8.419,2.16650673330199,4511.02720843821,2317.4085386833,13.6,80.331756097561,13.1856322076634,32.6,17.4957170827215,30237827.0,8.81415313673337,40812.6794663879,2724001478304.59,82.9000015258789,66744000.0,114.566833496094,72.1096426823299,241930.0,16351.0,0.0567801915676777,0.1483908721439719,18.179477766482183,Élevé,Urbain,Mixte-Fossile,Moyenne,1,COVID,OUI
GBR,GB,Birmingham,2020,o3,48.97852590745359,50.0,21.443358115018945,0.0,144.0,7218,2020-01-01 08:00:00+00:00,2020-12-31 18:00:00+00:00,2590363.0,52.48,-1.9025,United Kingdom,Europe & Central Asia,High income,99.1069628063769,0.683760683760684,26545.7859419112,-10.047896637362,0.447347439874678,275.881453312942,8.419,2.16650673330199,4511.02720843821,2317.4085386833,13.6,80.331756097561,13.1856322076634,32.6,17.4957170827215,30237827.0,8.81415313673337,40812.6794663879,2724001478304.59,82.9000015258789,66744000.0,114.566833496094,72.1096426823299,241930.0,16351.0,0.0567801915676777,0.1483908721439719,18.179477766482183,Élevé,Urbain,Mixte-Fossile,Moyenne,1,COVID,OUI
GBR,GB,Birmingham,2021,no2,20.79572564612326,17.0,15.39463550633486,0.0,108.0,12072,2021-01-01 09:00:00+00:00,2021-12-31 22:00:00+00:00,2590363.0,52.48,-1.9025,United Kingdom,Europe & Central Asia,High income,99.105873619579,0.698210493866494,28418.3448998898,8.5431118453255,0.4658072904809,276.873475798785,8.419,2.50520838395915,4569.6434969545,2377.26368887082,12.2,80.6473170731707,13.2214553796553,32.4,16.9553165949957,26631932.0,8.80257389749123,47691.3768799404,3194559188925.93,82.9886431523641,66984000.0,113.681282043457,72.1686675403806,241930.0,16178.56,0.0498457792291477,0.1897885139362992,17.653527088862194,Élevé,Urbain,Mixte-Fossile,Moyenne,0,Post-COVID,OUI
GBR,GB,Birmingham,2021,o3,48.79309304780576,50.0,20.42249862343908,0.0,128.0,6631,2021-01-01 09:00:00+00:00,2021-12-31 22:00:00+00:00,2590363.0,52.48,-1.9025,United Kingdom,Europe & Central Asia,High income,99.105873619579,0.698210493866494,28418.3448998898,8.5431118453255,0.4658072904809,276.873475798785,8.419,2.50520838395915,4569.6434969545,2377.26368887082,12.2,80.6473170731707,13.2214553796553,32.4,16.9553165949957,26631932.0,8.80257389749123,47691.3768799404,3194559188925.93,82.9886431523641,66984000.0,113.681282043457,72.1686675403806,241930.0,16178.56,0.0498457792291477,0.1897885139362992,17.653527088862194,Élevé,Urbain,Mixte-Fossile,Moyenne,0,Post-COVID,OUI
GBR,GB,Birmingham,2022,no2,19.373102838086165,15.0,16.05823073851882,0.0,128.0,14693,2022-01-01 00:00:00+00:00,2022-12-31 22:00:00+00:00,2590363.0,52.48,-1.9025,United Kingdom,Europe & Central Asia,High income,99.1047944059839,0.681106058275464,29561.6224445038,5.14970388522993,1.02581981197175,279.436200553879,8.419,2.12662038459176,4326.19371634815,2254.36941582721,,81.0112195121951,13.2554871243748,,16.8198596717719,95908282.0,8.52798427228605,47057.043229179,3181244350465.41,83.0753982997505,67604000.0,113.257041931152,72.4836484564399,241930.0,,0.0479061444363108,,17.500965730047366,Élevé,Urbain,,Moyenne,0,Post-COVID,OUI
GBR,GB,Birmingham,2022,o3,54.18986561459746,56.0,23.347658236400036,0.0,163.0,8111,2022-01-01 00:00:00+00:00,2022-12-31 22:00:00+00:00,2590363.0,52.48,-1.9025,United Kingdom,Europe & Central Asia,High income,99.1047944059839,0.681106058275464,29561.6224445038,5.14970388522993,1.02581981197175,279.436200553879,8.419,2.12662038459176,4326.19371634815,2254.36941582721,,81.0112195121951,13.2554871243748,,16.8198596717719,95908282.0,8.52798427228605,47057.043229179,3181244350465.41,83.0753982997505,67604000.0,113.257041931152,72.4836484564399,241930.0,,0.0479061444363108,,17.500965730047366,Élevé,Urbain,,Moyenne,0,Post-COVID,OUI
GBR,GB,Birmingham,2023,no2,18.742403314917127,15.0,14.999037676926813,0.0,106.0,10136,2023-01-01 00:00:00+00:00,2023-12-31 22:00:00+00:00,2590363.0,52.48,-1.9025,United Kingdom,Europe & Central Asia,High income,99.1037240160958,0.648180849687737,29264.8170129496,0.271650048355255,1.4069987819847,283.106683751498,,1.59309047281453,4207.95129358173,2127.6084341819,,81.2380975609756,13.2907130161617,,17.6714033030008,118945920.0,9.87245732671648,49944.4702124201,3420796653789.08,83.1601932891335,68492000.0,112.403617858887,72.4231913505155,241930.0,,0.0425986265647934,,18.319584152688535,Élevé,Urbain,,Moyenne,0,Post-COVID,OUI
GBR,GB,Birmingham,2023,o3,57.01707779886148,59.0,23.536417714173595,2.0,150.0,5797,2023-01-01 00:00:00+00:00,2023-12-31 22:00:00+00:00,2590363.0,52.48,-1.9025,United Kingdom,Europe & Central Asia,High income,99.1037240160958,0.648180849687737,29264.8170129496,0.271650048355255,1.4069987819847,283.106683751498,,1.59309047281453,4207.95129358173,2127.6084341819,,81.2380975609756,13.2907130161617,,17.6714033030008,118945920.0,9.87245732671648,49944.4702124201,3420796653789.08,83.1601932891335,68492000.0,112.403617858887,72.4231913505155,241930.0,,0.0425986265647934,,18.319584152688535,Élevé,Urbain,,Moyenne,0,Post-COVID,OUI
GBR,GB,London,2019,no2,34.2039949001275,30.0,20.31799073870186,0.0,155.0,14118,2019-01-01 00:00:00+00:00,2019-12-31 22:00:00+00:00,11262000.0,51.5072,-0.1275,United Kingdom,Europe & Central Asia,High income,99.1080626668205,0.576929649470186,30647.226101855,1.25629899760824,0.785164433740315,275.414376059191,8.419,2.45615988076353,4775.40484159025,2515.97344619501,11.4,81.3691219512195,13.1525647914686,32.8,17.8736338534045,142392528.0,8.15452501770303,43158.7411267323,2875710080015.3,82.6699420738913,66631000.0,117.085289001465,70.9760621688525,241930.0,16295.0,0.0582944517393471,0.1980774097389943,18.450563502874687,Élevé,Urbain,Mixte-Fossile,Mégapole,0,Pre-COVID,OUI
GBR,GB,London,2019,o3,37.63572149344097,37.0,21.64371666779481,1.0,140.0,6937,2019-01-01 01:00:00+00:00,2019-12-31 22:00:00+00:00,11262000.0,51.5072,-0.1275,United Kingdom,Europe & Central Asia,High income,99.1080626668205,0.576929649470186,30647.226101855,1.25629899760824,0.785164433740315,275.414376059191,8.419,2.45615988076353,4775.40484159025,2515.97344619501,11.4,81.3691219512195,13.1525647914686,32.8,17.8736338534045,142392528.0,8.15452501770303,43158.7411267323,2875710080015.3,82.6699420738913,66631000.0,117.085289001465,70.9760621688525,241930.0,16295.0,0.0582944517393471,0.1980774097389943,18.450563502874687,Élevé,Urbain,Mixte-Fossile,Mégapole,0,Pre-COVID,OUI
GBR,GB,London,2019,pm10,15.280800676628136,12.0,10.354267821769636,3.0,72.0,7094,2019-01-01 01:00:00+00:00,2019-12-31 22:00:00+00:00,11262000.0,51.5072,-0.1275,United Kingdom,Europe & Central Asia,High income,99.1080626668205,0.576929649470186,30647.226101855,1.25629899760824,0.785164433740315,275.414376059191,8.419,2.45615988076353,4775.40484159025,2515.97344619501,11.4,81.3691219512195,13.1525647914686,32.8,17.8736338534045,142392528.0,8.15452501770303,43158.7411267323,2875710080015.3,82.6699420738913,66631000.0,117.085289001465,70.9760621688525,241930.0,16295.0,0.0582944517393471,0.1980774097389943,18.450563502874687,Élevé,Urbain,Mixte-Fossile,Mégapole,0,Pre-COVID,OUI
GBR,GB,London,2020,no2,26.76009428940765,23.0,18.370144603033328,0.0,137.0,13151,2020-01-01 00:00:00+00:00,2020-12-31 20:00:00+00:00,11262000.0,51.5072,-0.1275,United Kingdom,Europe & Central Asia,High income,99.1069628063769,0.683760683760684,26545.7859419112,-10.047896637362,0.447347439874678,275.881453312942,8.419,2.16650673330199,4511.02720843821,2317.4085386833,13.6,80.331756097561,13.1856322076634,32.6,17.4957170827215,30237827.0,8.81415313673337,40812.6794663879,2724001478304.59,82.9000015258789,66744000.0,114.566833496094,72.1096426823299,241930.0,16351.0,0.0567801915676777,0.1483908721439719,18.179477766482183,Élevé,Urbain,Mixte-Fossile,Mégapole,1,COVID,OUI
GBR,GB,London,2020,o3,46.11490329920364,47.0,23.1059559877501,2.0,162.0,6153,2020-01-01 00:00:00+00:00,2020-12-31 18:00:00+00:00,11262000.0,51.5072,-0.1275,United Kingdom,Europe & Central Asia,High income,99.1069628063769,0.683760683760684,26545.7859419112,-10.047896637362,0.447347439874678,275.881453312942,8.419,2.16650673330199,4511.02720843821,2317.4085386833,13.6,80.331756097561,13.1856322076634,32.6,17.4957170827215,30237827.0,8.81415313673337,40812.6794663879,2724001478304.59,82.9000015258789,66744000.0,114.566833496094,72.1096426823299,241930.0,16351.0,0.0567801915676777,0.1483908721439719,18.179477766482183,Élevé,Urbain,Mixte-Fossile,Mégapole,1,COVID,OUI
GBR,GB,London,2020,pm10,13.966650786088614,11.0,9.366776331000272,1.0,62.0,6297,2020-01-01 00:00:00+00:00,2020-12-31 18:00:00+00:00,11262000.0,51.5072,-0.1275,United Kingdom,Europe & Central Asia,High income,99.1069628063769,0.683760683760684,26545.7859419112,-10.047896637362,0.447347439874678,275.881453312942,8.419,2.16650673330199,4511.02720843821,2317.4085386833,13.6,80.331756097561,13.1856322076634,32.6,17.4957170827215,30237827.0,8.81415313673337,40812.6794663879,2724001478304.59,82.9000015258789,66744000.0,114.566833496094,72.1096426823299,241930.0,16351.0,0.0567801915676777,0.1483908721439719,18.179477766482183,Élevé,Urbain,Mixte-Fossile,Mégapole,1,COVID,OUI
GBR,GB,London,2021,no2,23.486573968543425,20.0,16.15513826740562,0.0,177.9,17548,2021-01-01 10:00:00+00:00,2021-12-31 22:00:00+00:00,11262000.0,51.5072,-0.1275,United Kingdom,Europe & Central Asia,High income,99.105873619579,0.698210493866494,28418.3448998898,8.5431118453255,0.4658072904809,276.873475798785,8.419,2.50520838395915,4569.6434969545,2377.26368887082,12.2,80.6473170731707,13.2214553796553,32.4,16.9553165949957,26631932.0,8.80257389749123,47691.3768799404,3194559188925.93,82.9886431523641,66984000.0,113.681282043457,72.1686675403806,241930.0,16178.56,0.0498457792291477,0.1897885139362992,17.653527088862194,Élevé,Urbain,Mixte-Fossile,Mégapole,0,Post-COVID,OUI
GBR,GB,London,2021,o3,43.53548604103599,44.0,21.51326780729944,0.0,124.0,5946,2021-01-01 10:00:00+00:00,2021-12-31 22:00:00+00:00,11262000.0,51.5072,-0.1275,United Kingdom,Europe & Central Asia,High income,99.105873619579,0.698210493866494,28418.3448998898,8.5431118453255,0.4658072904809,276.873475798785,8.419,2.50520838395915,4569.6434969545,2377.26368887082,12.2,80.6473170731707,13.2214553796553,32.4,16.9553165949957,26631932.0,8.80257389749123,47691.3768799404,3194559188925.93,82.9886431523641,66984000.0,113.681282043457,72.1686675403806,241930.0,16178.56,0.0498457792291477,0.1897885139362992,17.653527088862194,Élevé,Urbain,Mixte-Fossile,Mégapole,0,Post-COVID,OUI
GBR,GB,London,2021,pm10,12.919187295656236,11.0,6.97181544953105,0.0,60.6,10705,2021-01-01 10:00:00+00:00,2021-12-31 22:00:00+00:00,11262000.0,51.5072,-0.1275,United Kingdom,Europe & Central Asia,High income,99.105873619579,0.698210493866494,28418.3448998898,8.5431118453255,0.4658072904809,276.873475798785,8.419,2.50520838395915,4569.6434969545,2377.26368887082,12.2,80.6473170731707,13.2214553796553,32.4,16.9553165949957,26631932.0,8.80257389749123,47691.3768799404,3194559188925.93,82.9886431523641,66984000.0,113.681282043457,72.1686675403806,241930.0,16178.56,0.0498457792291477,0.1897885139362992,17.653527088862194,Élevé,Urbain,Mixte-Fossile,Mégapole,0,Post-COVID,OUI
GBR,GB,London,2022,no2,24.345509778704155,20.0,17.076182671471468,0.0,166.4,22549,2022-01-01 00:00:00+00:00,2022-12-31 22:00:00+00:00,11262000.0,51.5072,-0.1275,United Kingdom,Europe & Central Asia,High income,99.1047944059839,0.681106058275464,29561.6224445038,5.14970388522993,1.02581981197175,279.436200553879,8.419,2.12662038459176,4326.19371634815,2254.36941582721,,81.0112195121951,13.2554871243748,,16.8198596717719,95908282.0,8.52798427228605,47057.043229179,3181244350465.41,83.0753982997505,67604000.0,113.257041931152,72.4836484564399,241930.0,,0.0479061444363108,,17.500965730047366,Élevé,Urbain,,Mégapole,0,Post-COVID,OUI
GBR,GB,London,2022,o3,47.2451519536903,47.0,24.47938366707781,0.0,168.0,6910,2022-01-01 00:00:00+00:00,2022-12-31 22:00:00+00:00,11262000.0,51.5072,-0.1275,United Kingdom,Europe & Central Asia,High income,99.1047944059839,0.681106058275464,29561.6224445038,5.14970388522993,1.02581981197175,279.436200553879,8.419,2.12662038459176,4326.19371634815,2254.36941582721,,81.0112195121951,13.2554871243748,,16.8198596717719,95908282.0,8.52798427228605,47057.043229179,3181244350465.41,83.0753982997505,67604000.0,113.257041931152,72.4836484564399,241930.0,,0.0479061444363108,,17.500965730047366,Élevé,Urbain,,Mégapole,0,Post-COVID,OUI
GBR,GB,London,2022,pm10,13.373403193612775,11.6,7.944243780795089,0.0,226.5,14028,2022-01-01 00:00:00+00:00,2022-12-31 22:00:00+00:00,11262000.0,51.5072,-0.1275,United Kingdom,Europe & Central Asia,High income,99.1047944059839,0.681106058275464,29561.6224445038,5.14970388522993,1.02581981197175,279.436200553879,8.419,2.12662038459176,4326.19371634815,2254.36941582721,,81.0112195121951,13.2554871243748,,16.8198596717719,95908282.0,8.52798427228605,47057.043229179,3181244350465.41,83.0753982997505,67604000.0,113.257041931152,72.4836484564399,241930.0,,0.0479061444363108,,17.500965730047366,Élevé,Urbain,,Mégapole,0,Post-COVID,OUI
GBR,GB,London,2023,no2,21.66851851851852,17.0,16.781632805117635,0.0,166.4,13662,2023-01-01 00:00:00+00:00,2023-12-31 22:00:00+00:00,11262000.0,51.5072,-0.1275,United Kingdom,Europe & Central Asia,High income,99.1037240160958,0.648180849687737,29264.8170129496,0.271650048355255,1.4069987819847,283.106683751498,,1.59309047281453,4207.95129358173,2127.6084341819,,81.2380975609756,13.2907130161617,,17.6714033030008,118945920.0,9.87245732671648,49944.4702124201,3420796653789.08,83.1601932891335,68492000.0,112.403617858887,72.4231913505155,241930.0,,0.0425986265647934,,18.319584152688535,Élevé,Urbain,,Mégapole,0,Post-COVID,OUI
GBR,GB,London,2023,o3,49.670324645633286,50.0,23.792170346583003,0.0,174.0,4374,2023-01-01 00:00:00+00:00,2023-12-29 19:00:00+00:00,11262000.0,51.5072,-0.1275,United Kingdom,Europe & Central Asia,High income,99.1037240160958,0.648180849687737,29264.8170129496,0.271650048355255,1.4069987819847,283.106683751498,,1.59309047281453,4207.95129358173,2127.6084341819,,81.2380975609756,13.2907130161617,,17.6714033030008,118945920.0,9.87245732671648,49944.4702124201,3420796653789.08,83.1601932891335,68492000.0,112.403617858887,72.4231913505155,241930.0,,0.0425986265647934,,18.319584152688535,Élevé,Urbain,,Mégapole,0,Post-COVID,OUI
GBR,GB,London,2023,pm10,12.706383872322553,11.0,7.549685409030773,0.0,58.0,7143,2023-01-01 00:00:00+00:00,2023-12-31 22:00:00+00:00,11262000.0,51.5072,-0.1275,United Kingdom,Europe & Central Asia,High income,99.1037240160958,0.648180849687737,29264.8170129496,0.271650048355255,1.4069987819847,283.106683751498,,1.59309047281453,4207.95129358173,2127.6084341819,,81.2380975609756,13.2907130161617,,17.6714033030008,118945920.0,9.87245732671648,49944.4702124201,3420796653789.08,83.1601932891335,68492000.0,112.403617858887,72.4231913505155,241930.0,,0.0425986265647934,,18.319584152688535,Élevé,Urbain,,Mégapole,0,Post-COVID,OUI
GIN,GN,Conakry,2020,pm25,17.037923678596822,13.0,14.321711180771308,0.0,155.0,4219,2020-05-01 01:00:00+00:00,2020-12-31 22:00:00+00:00,1667864.0,9.5092,-13.7122,Guinea,Sub-Saharan Africa ,Lower middle income,28.8045342946628,26.3032774879888,679.109090432683,4.70459096113575,3.52116599546792,54.4163397362852,0.89,0.0,,,65.8,59.35,25.1872049487221,,28.5122742669412,,,1053.66097696415,14088693742.9464,36.4802208060551,13371183.0,,36.7567524729286,245720.0,,,0.0,54.81555175493,Faible,Rural,Renouvelable,Moyenne,1,COVID,OUI
GIN,GN,Conakry,2021,pm25,40.397093712930015,29.0,48.64584932587292,1.0,512.0,3372,2021-01-01 00:00:00+00:00,2021-06-14 13:00:00+00:00,1667864.0,9.5092,-13.7122,Guinea,Sub-Saharan Africa ,Lower middle income,30.0258495167405,27.0715374807562,672.031318941672,5.5823328114905,3.51523893910055,55.7973018069347,0.89,0.0,,,66.8,59.373,25.0244180367898,,28.8210712335353,,,1244.96550477914,17069115737.8259,36.8502178436256,13710513.0,,36.1679565508537,245720.0,,,0.0,55.8926087142915,Faible,Rural,Renouvelable,Moyenne,0,Post-COVID,OUI
GIN,GN,Conakry,2023,pm25,13.625959219469417,9.0,15.501626162775391,0.0,445.0,4561,2023-01-16 00:00:00+00:00,2023-10-31 17:00:00+00:00,1667864.0,9.5092,-13.7122,Guinea,Sub-Saharan Africa ,Lower middle income,32.538855541003,29.4714397653024,690.925480674391,5.54172668627702,3.54877132227081,58.6255412664822,,,,,,60.74,24.6988442129253,,25.7306393241004,,,1555.49375806861,22407615556.0571,37.6454083954705,14405468.0,,37.2149809110336,245720.0,,,,55.2020790894028,Faible,Rural,,Moyenne,0,Post-COVID,OUI
GRC,GR,Athens,2020,no2,37.68986415882968,36.0,13.607675989008726,3.0,110.0,4785,2020-04-20 17:00:00+00:00,2020-12-31 22:00:00+00:00,3059764.0,37.9842,23.7281,Greece,Europe & Central Asia,High income,98.9937448356397,3.9238294812332,12199.0956837925,-9.19623149726978,-0.0639468495690935,82.999216446858,10.122,13.68883546455,4851.28940714574,1839.48818892263,20.1,81.2878048780488,30.2699767261443,33.6,14.2956021874194,5647917.0,10.8039211622557,17886.733165236,191362985554.861,78.3066842455552,10698599.0,103.615829467773,69.6620817543477,128900.0,2345.0,0.1028351760354739,0.6487599746232227,18.2194316686526,Moyen-Élevé,Urbain,Mixte-Fossile,Moyenne,1,COVID,OUI
GRC,GR,Athens,2020,o3,86.20314061384725,89.0,24.36029039210724,1.0,228.0,7005,2020-04-20 17:00:00+00:00,2020-12-31 22:00:00+00:00,3059764.0,37.9842,23.7281,Greece,Europe & Central Asia,High income,98.9937448356397,3.9238294812332,12199.0956837925,-9.19623149726978,-0.0639468495690935,82.999216446858,10.122,13.68883546455,4851.28940714574,1839.48818892263,20.1,81.2878048780488,30.2699767261443,33.6,14.2956021874194,5647917.0,10.8039211622557,17886.733165236,191362985554.861,78.3066842455552,10698599.0,103.615829467773,69.6620817543477,128900.0,2345.0,0.1028351760354739,0.6487599746232227,18.2194316686526,Moyen-Élevé,Urbain,Mixte-Fossile,Moyenne,1,COVID,OUI
GRC,GR,Athens,2020,pm10,22.318528921267443,20.0,13.94087087815374,1.0,379.0,11393,2020-04-20 17:00:00+00:00,2020-12-31 22:00:00+00:00,3059764.0,37.9842,23.7281,Greece,Europe & Central Asia,High income,98.9937448356397,3.9238294812332,12199.0956837925,-9.19623149726978,-0.0639468495690935,82.999216446858,10.122,13.68883546455,4851.28940714574,1839.48818892263,20.1,81.2878048780488,30.2699767261443,33.6,14.2956021874194,5647917.0,10.8039211622557,17886.733165236,191362985554.861,78.3066842455552,10698599.0,103.615829467773,69.6620817543477,128900.0,2345.0,0.1028351760354739,0.6487599746232227,18.2194316686526,Moyen-Élevé,Urbain,Mixte-Fossile,Moyenne,1,COVID,OUI
GRC,GR,Athens,2020,pm25,10.844356157980837,10.0,4.609185018639244,0.0,35.0,4279,2020-04-20 17:00:00+00:00,2020-12-31 22:00:00+00:00,3059764.0,37.9842,23.7281,Greece,Europe & Central Asia,High income,98.9937448356397,3.9238294812332,12199.0956837925,-9.19623149726978,-0.0639468495690935,82.999216446858,10.122,13.68883546455,4851.28940714574,1839.48818892263,20.1,81.2878048780488,30.2699767261443,33.6,14.2956021874194,5647917.0,10.8039211622557,17886.733165236,191362985554.861,78.3066842455552,10698599.0,103.615829467773,69.6620817543477,128900.0,2345.0,0.1028351760354739,0.6487599746232227,18.2194316686526,Moyen-Élevé,Urbain,Mixte-Fossile,Moyenne,1,COVID,OUI
GRC,GR,Athens,2020,so2,6.8352466645982,6.0,3.0966991486561786,2.0,40.0,3223,2020-04-20 17:00:00+00:00,2020-12-31 22:00:00+00:00,3059764.0,37.9842,23.7281,Greece,Europe & Central Asia,High income,98.9937448356397,3.9238294812332,12199.0956837925,-9.19623149726978,-0.0639468495690935,82.999216446858,10.122,13.68883546455,4851.28940714574,1839.48818892263,20.1,81.2878048780488,30.2699767261443,33.6,14.2956021874194,5647917.0,10.8039211622557,17886.733165236,191362985554.861,78.3066842455552,10698599.0,103.615829467773,69.6620817543477,128900.0,2345.0,0.1028351760354739,0.6487599746232227,18.2194316686526,Moyen-Élevé,Urbain,Mixte-Fossile,Moyenne,1,COVID,OUI
GRC,GR,Athens,2021,no2,43.12502207310613,40.0,22.07526016457897,1.0,164.0,5663,2021-01-01 00:00:00+00:00,2021-12-31 22:00:00+00:00,3059764.0,37.9842,23.7281,Greece,Europe & Central Asia,High income,98.9971863349773,3.53173488105093,13062.3031333721,8.65449786002131,-1.11238421055086,81.9953995345229,10.087,9.71762770721009,4994.41443430903,1924.00171997177,21.5,80.0829268292683,30.2699767261443,32.9,14.7711977789358,8726345.0,10.2567851594627,20654.7001960815,218303801895.326,78.3884898647442,10569207.0,104.77806854248,68.9330353905441,128900.0,2339.0,0.0931462841592154,0.4318945647648929,18.30293265998673,Moyen-Élevé,Urbain,Mixte-Fossile,Moyenne,0,Post-COVID,OUI
GRC,GR,Athens,2021,o3,82.91273983115886,81.0,27.78196218899396,1.0,269.0,13030,2021-01-01 00:00:00+00:00,2021-12-31 22:00:00+00:00,3059764.0,37.9842,23.7281,Greece,Europe & Central Asia,High income,98.9971863349773,3.53173488105093,13062.3031333721,8.65449786002131,-1.11238421055086,81.9953995345229,10.087,9.71762770721009,4994.41443430903,1924.00171997177,21.5,80.0829268292683,30.2699767261443,32.9,14.7711977789358,8726345.0,10.2567851594627,20654.7001960815,218303801895.326,78.3884898647442,10569207.0,104.77806854248,68.9330353905441,128900.0,2339.0,0.0931462841592154,0.4318945647648929,18.30293265998673,Moyen-Élevé,Urbain,Mixte-Fossile,Moyenne,0,Post-COVID,OUI
GRC,GR,Athens,2021,pm10,26.47503603047149,22.0,19.16822237676263,1.0,591.0,19428,2021-01-01 00:00:00+00:00,2021-12-31 22:00:00+00:00,3059764.0,37.9842,23.7281,Greece,Europe & Central Asia,High income,98.9971863349773,3.53173488105093,13062.3031333721,8.65449786002131,-1.11238421055086,81.9953995345229,10.087,9.71762770721009,4994.41443430903,1924.00171997177,21.5,80.0829268292683,30.2699767261443,32.9,14.7711977789358,8726345.0,10.2567851594627,20654.7001960815,218303801895.326,78.3884898647442,10569207.0,104.77806854248,68.9330353905441,128900.0,2339.0,0.0931462841592154,0.4318945647648929,18.30293265998673,Moyen-Élevé,Urbain,Mixte-Fossile,Moyenne,0,Post-COVID,OUI
GRC,GR,Athens,2021,pm25,12.979534005037785,12.0,7.23287578455006,0.0,169.0,6352,2021-01-01 00:00:00+00:00,2021-12-31 22:00:00+00:00,3059764.0,37.9842,23.7281,Greece,Europe & Central Asia,High income,98.9971863349773,3.53173488105093,13062.3031333721,8.65449786002131,-1.11238421055086,81.9953995345229,10.087,9.71762770721009,4994.41443430903,1924.00171997177,21.5,80.0829268292683,30.2699767261443,32.9,14.7711977789358,8726345.0,10.2567851594627,20654.7001960815,218303801895.326,78.3884898647442,10569207.0,104.77806854248,68.9330353905441,128900.0,2339.0,0.0931462841592154,0.4318945647648929,18.30293265998673,Moyen-Élevé,Urbain,Mixte-Fossile,Moyenne,0,Post-COVID,OUI
GRC,GR,Athens,2021,so2,4.3024514964656335,2.0,10.761784252945716,2.0,169.0,6649,2021-01-01 00:00:00+00:00,2021-12-31 22:00:00+00:00,3059764.0,37.9842,23.7281,Greece,Europe & Central Asia,High income,98.9971863349773,3.53173488105093,13062.3031333721,8.65449786002131,-1.11238421055086,81.9953995345229,10.087,9.71762770721009,4994.41443430903,1924.00171997177,21.5,80.0829268292683,30.2699767261443,32.9,14.7711977789358,8726345.0,10.2567851594627,20654.7001960815,218303801895.326,78.3884898647442,10569207.0,104.77806854248,68.9330353905441,128900.0,2339.0,0.0931462841592154,0.4318945647648929,18.30293265998673,Moyen-Élevé,Urbain,Mixte-Fossile,Moyenne,0,Post-COVID,OUI
GRC,GR,Athens,2022,no2,46.11502949474224,43.0,21.78692806521415,1.0,209.0,7798,2022-01-01 00:00:00+00:00,2022-12-31 22:00:00+00:00,3059764.0,37.9842,23.7281,Greece,Europe & Central Asia,High income,99.0005834270921,3.78490731948212,14213.1276588017,5.52198580589408,-1.05378341576932,80.968828549263,10.047,10.9284222517562,4827.78285698736,1957.79872050503,,80.7878048780488,30.2699767261443,33.4,16.7201143496111,15309117.0,10.8790582874502,20886.5243087629,217990189600.69,78.5502190980809,10436882.0,106.21671295166,67.7189624074765,128900.0,,0.0937305298399427,,20.50502166909322,Moyen-Élevé,Urbain,,Moyenne,0,Post-COVID,OUI
GRC,GR,Athens,2022,o3,79.3359402034743,80.0,25.789356362568157,1.0,359.0,14449,2022-01-01 00:00:00+00:00,2022-12-31 22:00:00+00:00,3059764.0,37.9842,23.7281,Greece,Europe & Central Asia,High income,99.0005834270921,3.78490731948212,14213.1276588017,5.52198580589408,-1.05378341576932,80.968828549263,10.047,10.9284222517562,4827.78285698736,1957.79872050503,,80.7878048780488,30.2699767261443,33.4,16.7201143496111,15309117.0,10.8790582874502,20886.5243087629,217990189600.69,78.5502190980809,10436882.0,106.21671295166,67.7189624074765,128900.0,,0.0937305298399427,,20.50502166909322,Moyen-Élevé,Urbain,,Moyenne,0,Post-COVID,OUI
GRC,GR,Athens,2022,pm10,28.8561556406532,24.0,20.82337817137014,1.0,488.0,22719,2022-01-01 00:00:00+00:00,2022-12-31 22:00:00+00:00,3059764.0,37.9842,23.7281,Greece,Europe & Central Asia,High income,99.0005834270921,3.78490731948212,14213.1276588017,5.52198580589408,-1.05378341576932,80.968828549263,10.047,10.9284222517562,4827.78285698736,1957.79872050503,,80.7878048780488,30.2699767261443,33.4,16.7201143496111,15309117.0,10.8790582874502,20886.5243087629,217990189600.69,78.5502190980809,10436882.0,106.21671295166,67.7189624074765,128900.0,,0.0937305298399427,,20.50502166909322,Moyen-Élevé,Urbain,,Moyenne,0,Post-COVID,OUI
GRC,GR,Athens,2022,pm25,12.185823213781418,11.0,10.038236857949997,0.0,356.0,7082,2022-01-01 00:00:00+00:00,2022-12-31 22:00:00+00:00,3059764.0,37.9842,23.7281,Greece,Europe & Central Asia,High income,99.0005834270921,3.78490731948212,14213.1276588017,5.52198580589408,-1.05378341576932,80.968828549263,10.047,10.9284222517562,4827.78285698736,1957.79872050503,,80.7878048780488,30.2699767261443,33.4,16.7201143496111,15309117.0,10.8790582874502,20886.5243087629,217990189600.69,78.5502190980809,10436882.0,106.21671295166,67.7189624074765,128900.0,,0.0937305298399427,,20.50502166909322,Moyen-Élevé,Urbain,,Moyenne,0,Post-COVID,OUI
GRC,GR,Athens,2022,so2,4.374402994707629,3.0,3.7859964777944,2.0,199.0,15494,2022-01-01 00:00:00+00:00,2022-12-31 22:00:00+00:00,3059764.0,37.9842,23.7281,Greece,Europe & Central Asia,High income,99.0005834270921,3.78490731948212,14213.1276588017,5.52198580589408,-1.05378341576932,80.968828549263,10.047,10.9284222517562,4827.78285698736,1957.79872050503,,80.7878048780488,30.2699767261443,33.4,16.7201143496111,15309117.0,10.8790582874502,20886.5243087629,217990189600.69,78.5502190980809,10436882.0,106.21671295166,67.7189624074765,128900.0,,0.0937305298399427,,20.50502166909322,Moyen-Élevé,Urbain,,Moyenne,0,Post-COVID,OUI
GRC,GR,Athens,2023,no2,45.44043974394656,43.0,20.40735130350902,4.0,153.0,7186,2023-01-01 00:00:00+00:00,2023-12-31 22:00:00+00:00,3059764.0,37.9842,23.7281,Greece,Europe & Central Asia,High income,99.0039477070011,3.74222017907683,14507.7698059887,2.13591131996631,0.0019272351628835,80.7397284716835,,9.19544835323343,4693.50942425215,1874.9562305559,,81.5365853658537,30.2699767261443,33.4,14.8477611524462,19090513.0,11.984133344018,23343.7103964562,242946187738.269,78.7746303842088,10407351.0,105.191741943359,68.6654116276677,128900.0,,0.0803161058207226,,18.58998133152303,Moyen-Élevé,Urbain,,Moyenne,0,Post-COVID,OUI
GRC,GR,Athens,2023,o3,78.7141403069214,78.0,24.34036075242643,4.0,264.0,12772,2023-01-01 00:00:00+00:00,2023-12-31 22:00:00+00:00,3059764.0,37.9842,23.7281,Greece,Europe & Central Asia,High income,99.0039477070011,3.74222017907683,14507.7698059887,2.13591131996631,0.0019272351628835,80.7397284716835,,9.19544835323343,4693.50942425215,1874.9562305559,,81.5365853658537,30.2699767261443,33.4,14.8477611524462,19090513.0,11.984133344018,23343.7103964562,242946187738.269,78.7746303842088,10407351.0,105.191741943359,68.6654116276677,128900.0,,0.0803161058207226,,18.58998133152303,Moyen-Élevé,Urbain,,Moyenne,0,Post-COVID,OUI
GRC,GR,Athens,2023,pm10,27.886504435743667,24.0,17.33821799634986,1.0,223.0,20177,2023-01-01 00:00:00+00:00,2023-12-31 22:00:00+00:00,3059764.0,37.9842,23.7281,Greece,Europe & Central Asia,High income,99.0039477070011,3.74222017907683,14507.7698059887,2.13591131996631,0.0019272351628835,80.7397284716835,,9.19544835323343,4693.50942425215,1874.9562305559,,81.5365853658537,30.2699767261443,33.4,14.8477611524462,19090513.0,11.984133344018,23343.7103964562,242946187738.269,78.7746303842088,10407351.0,105.191741943359,68.6654116276677,128900.0,,0.0803161058207226,,18.58998133152303,Moyen-Élevé,Urbain,,Moyenne,0,Post-COVID,OUI
GRC,GR,Athens,2023,pm25,12.254187192118229,11.0,6.103913735322427,0.0,132.0,6090,2023-01-01 00:00:00+00:00,2023-12-31 22:00:00+00:00,3059764.0,37.9842,23.7281,Greece,Europe & Central Asia,High income,99.0039477070011,3.74222017907683,14507.7698059887,2.13591131996631,0.0019272351628835,80.7397284716835,,9.19544835323343,4693.50942425215,1874.9562305559,,81.5365853658537,30.2699767261443,33.4,14.8477611524462,19090513.0,11.984133344018,23343.7103964562,242946187738.269,78.7746303842088,10407351.0,105.191741943359,68.6654116276677,128900.0,,0.0803161058207226,,18.58998133152303,Moyen-Élevé,Urbain,,Moyenne,0,Post-COVID,OUI
GRC,GR,Athens,2023,so2,4.413996627318719,4.0,2.4094118364242085,2.0,53.0,14232,2023-01-01 00:00:00+00:00,2023-12-31 22:00:00+00:00,3059764.0,37.9842,23.7281,Greece,Europe & Central Asia,High income,99.0039477070011,3.74222017907683,14507.7698059887,2.13591131996631,0.0019272351628835,80.7397284716835,,9.19544835323343,4693.50942425215,1874.9562305559,,81.5365853658537,30.2699767261443,33.4,14.8477611524462,19090513.0,11.984133344018,23343.7103964562,242946187738.269,78.7746303842088,10407351.0,105.191741943359,68.6654116276677,128900.0,,0.0803161058207226,,18.58998133152303,Moyen-Élevé,Urbain,,Moyenne,0,Post-COVID,OUI
GRC,GR,Thessaloniki,2020,co,372.6501937984496,300.0,248.9922537896724,100.0,3700.0,4128,2020-04-21 06:00:00+00:00,2020-12-31 22:00:00+00:00,802572.0,40.6403,22.9356,Greece,Europe & Central Asia,High income,98.9937448356397,3.9238294812332,12199.0956837925,-9.19623149726978,-0.0639468495690935,82.999216446858,10.122,13.68883546455,4851.28940714574,1839.48818892263,20.1,81.2878048780488,30.2699767261443,33.6,14.2956021874194,5647917.0,10.8039211622557,17886.733165236,191362985554.861,78.3066842455552,10698599.0,103.615829467773,69.6620817543477,128900.0,2345.0,0.1028351760354739,0.6487599746232227,18.2194316686526,Moyen-Élevé,Urbain,Mixte-Fossile,Petite,1,COVID,OUI
GRC,GR,Thessaloniki,2020,no2,21.309072270630445,16.0,17.075771386061145,1.0,97.0,3902,2020-04-21 06:00:00+00:00,2020-12-31 22:00:00+00:00,802572.0,40.6403,22.9356,Greece,Europe & Central Asia,High income,98.9937448356397,3.9238294812332,12199.0956837925,-9.19623149726978,-0.0639468495690935,82.999216446858,10.122,13.68883546455,4851.28940714574,1839.48818892263,20.1,81.2878048780488,30.2699767261443,33.6,14.2956021874194,5647917.0,10.8039211622557,17886.733165236,191362985554.861,78.3066842455552,10698599.0,103.615829467773,69.6620817543477,128900.0,2345.0,0.1028351760354739,0.6487599746232227,18.2194316686526,Moyen-Élevé,Urbain,Mixte-Fossile,Petite,1,COVID,OUI
GRC,GR,Thessaloniki,2020,pm10,23.10660678406808,19.0,17.884274167318566,1.0,407.0,8461,2020-04-20 17:00:00+00:00,2020-12-31 22:00:00+00:00,802572.0,40.6403,22.9356,Greece,Europe & Central Asia,High income,98.9937448356397,3.9238294812332,12199.0956837925,-9.19623149726978,-0.0639468495690935,82.999216446858,10.122,13.68883546455,4851.28940714574,1839.48818892263,20.1,81.2878048780488,30.2699767261443,33.6,14.2956021874194,5647917.0,10.8039211622557,17886.733165236,191362985554.861,78.3066842455552,10698599.0,103.615829467773,69.6620817543477,128900.0,2345.0,0.1028351760354739,0.6487599746232227,18.2194316686526,Moyen-Élevé,Urbain,Mixte-Fossile,Petite,1,COVID,OUI
GRC,GR,Thessaloniki,2020,pm25,9.89635916908644,9.0,8.071894202572794,0.0,398.0,4477,2020-04-20 17:00:00+00:00,2020-12-31 22:00:00+00:00,802572.0,40.6403,22.9356,Greece,Europe & Central Asia,High income,98.9937448356397,3.9238294812332,12199.0956837925,-9.19623149726978,-0.0639468495690935,82.999216446858,10.122,13.68883546455,4851.28940714574,1839.48818892263,20.1,81.2878048780488,30.2699767261443,33.6,14.2956021874194,5647917.0,10.8039211622557,17886.733165236,191362985554.861,78.3066842455552,10698599.0,103.615829467773,69.6620817543477,128900.0,2345.0,0.1028351760354739,0.6487599746232227,18.2194316686526,Moyen-Élevé,Urbain,Mixte-Fossile,Petite,1,COVID,OUI
GRC,GR,Thessaloniki,2020,so2,2.16551579828416,2.0,1.0996857311597192,2.0,73.0,4779,2020-04-20 17:00:00+00:00,2020-12-31 22:00:00+00:00,802572.0,40.6403,22.9356,Greece,Europe & Central Asia,High income,98.9937448356397,3.9238294812332,12199.0956837925,-9.19623149726978,-0.0639468495690935,82.999216446858,10.122,13.68883546455,4851.28940714574,1839.48818892263,20.1,81.2878048780488,30.2699767261443,33.6,14.2956021874194,5647917.0,10.8039211622557,17886.733165236,191362985554.861,78.3066842455552,10698599.0,103.615829467773,69.6620817543477,128900.0,2345.0,0.1028351760354739,0.6487599746232227,18.2194316686526,Moyen-Élevé,Urbain,Mixte-Fossile,Petite,1,COVID,OUI
GRC,GR,Thessaloniki,2021,co,390.9060289659818,300.0,305.986787336674,100.0,3600.0,5938,2021-01-01 00:00:00+00:00,2021-12-31 22:00:00+00:00,802572.0,40.6403,22.9356,Greece,Europe & Central Asia,High income,98.9971863349773,3.53173488105093,13062.3031333721,8.65449786002131,-1.11238421055086,81.9953995345229,10.087,9.71762770721009,4994.41443430903,1924.00171997177,21.5,80.0829268292683,30.2699767261443,32.9,14.7711977789358,8726345.0,10.2567851594627,20654.7001960815,218303801895.326,78.3884898647442,10569207.0,104.77806854248,68.9330353905441,128900.0,2339.0,0.0931462841592154,0.4318945647648929,18.30293265998673,Moyen-Élevé,Urbain,Mixte-Fossile,Petite,0,Post-COVID,OUI
GRC,GR,Thessaloniki,2021,no2,24.71038895436942,19.0,17.678883496733025,1.0,105.0,5939,2021-01-01 00:00:00+00:00,2021-12-31 22:00:00+00:00,802572.0,40.6403,22.9356,Greece,Europe & Central Asia,High income,98.9971863349773,3.53173488105093,13062.3031333721,8.65449786002131,-1.11238421055086,81.9953995345229,10.087,9.71762770721009,4994.41443430903,1924.00171997177,21.5,80.0829268292683,30.2699767261443,32.9,14.7711977789358,8726345.0,10.2567851594627,20654.7001960815,218303801895.326,78.3884898647442,10569207.0,104.77806854248,68.9330353905441,128900.0,2339.0,0.0931462841592154,0.4318945647648929,18.30293265998673,Moyen-Élevé,Urbain,Mixte-Fossile,Petite,0,Post-COVID,OUI
GRC,GR,Thessaloniki,2021,pm10,24.963838999358565,20.0,20.463992114175376,1.0,874.0,12472,2021-01-01 00:00:00+00:00,2021-12-31 22:00:00+00:00,802572.0,40.6403,22.9356,Greece,Europe & Central Asia,High income,98.9971863349773,3.53173488105093,13062.3031333721,8.65449786002131,-1.11238421055086,81.9953995345229,10.087,9.71762770721009,4994.41443430903,1924.00171997177,21.5,80.0829268292683,30.2699767261443,32.9,14.7711977789358,8726345.0,10.2567851594627,20654.7001960815,218303801895.326,78.3884898647442,10569207.0,104.77806854248,68.9330353905441,128900.0,2339.0,0.0931462841592154,0.4318945647648929,18.30293265998673,Moyen-Élevé,Urbain,Mixte-Fossile,Petite,0,Post-COVID,OUI
GRC,GR,Thessaloniki,2021,pm25,10.763012677106635,9.0,7.574435980403386,1.0,218.0,6705,2021-01-01 00:00:00+00:00,2021-12-31 22:00:00+00:00,802572.0,40.6403,22.9356,Greece,Europe & Central Asia,High income,98.9971863349773,3.53173488105093,13062.3031333721,8.65449786002131,-1.11238421055086,81.9953995345229,10.087,9.71762770721009,4994.41443430903,1924.00171997177,21.5,80.0829268292683,30.2699767261443,32.9,14.7711977789358,8726345.0,10.2567851594627,20654.7001960815,218303801895.326,78.3884898647442,10569207.0,104.77806854248,68.9330353905441,128900.0,2339.0,0.0931462841592154,0.4318945647648929,18.30293265998673,Moyen-Élevé,Urbain,Mixte-Fossile,Petite,0,Post-COVID,OUI
GRC,GR,Thessaloniki,2021,so2,3.1274323335771763,3.0,1.8863683335508905,2.0,146.0,6835,2021-01-01 00:00:00+00:00,2021-12-31 22:00:00+00:00,802572.0,40.6403,22.9356,Greece,Europe & Central Asia,High income,98.9971863349773,3.53173488105093,13062.3031333721,8.65449786002131,-1.11238421055086,81.9953995345229,10.087,9.71762770721009,4994.41443430903,1924.00171997177,21.5,80.0829268292683,30.2699767261443,32.9,14.7711977789358,8726345.0,10.2567851594627,20654.7001960815,218303801895.326,78.3884898647442,10569207.0,104.77806854248,68.9330353905441,128900.0,2339.0,0.0931462841592154,0.4318945647648929,18.30293265998673,Moyen-Élevé,Urbain,Mixte-Fossile,Petite,0,Post-COVID,OUI
GRC,GR,Thessaloniki,2022,co,285.3206964954816,200.0,242.49445738391609,100.0,4400.0,9074,2022-01-01 00:00:00+00:00,2022-12-31 22:00:00+00:00,802572.0,40.6403,22.9356,Greece,Europe & Central Asia,High income,99.0005834270921,3.78490731948212,14213.1276588017,5.52198580589408,-1.05378341576932,80.968828549263,10.047,10.9284222517562,4827.78285698736,1957.79872050503,,80.7878048780488,30.2699767261443,33.4,16.7201143496111,15309117.0,10.8790582874502,20886.5243087629,217990189600.69,78.5502190980809,10436882.0,106.21671295166,67.7189624074765,128900.0,,0.0937305298399427,,20.50502166909322,Moyen-Élevé,Urbain,,Petite,0,Post-COVID,OUI
GRC,GR,Thessaloniki,2022,no2,18.26255562619199,14.0,17.590235826293693,1.0,102.0,12584,2022-01-01 00:00:00+00:00,2022-12-31 22:00:00+00:00,802572.0,40.6403,22.9356,Greece,Europe & Central Asia,High income,99.0005834270921,3.78490731948212,14213.1276588017,5.52198580589408,-1.05378341576932,80.968828549263,10.047,10.9284222517562,4827.78285698736,1957.79872050503,,80.7878048780488,30.2699767261443,33.4,16.7201143496111,15309117.0,10.8790582874502,20886.5243087629,217990189600.69,78.5502190980809,10436882.0,106.21671295166,67.7189624074765,128900.0,,0.0937305298399427,,20.50502166909322,Moyen-Élevé,Urbain,,Petite,0,Post-COVID,OUI
GRC,GR,Thessaloniki,2022,pm10,28.08565427814812,23.0,22.390975139494305,1.0,768.0,10951,2022-01-01 00:00:00+00:00,2022-12-31 22:00:00+00:00,802572.0,40.6403,22.9356,Greece,Europe & Central Asia,High income,99.0005834270921,3.78490731948212,14213.1276588017,5.52198580589408,-1.05378341576932,80.968828549263,10.047,10.9284222517562,4827.78285698736,1957.79872050503,,80.7878048780488,30.2699767261443,33.4,16.7201143496111,15309117.0,10.8790582874502,20886.5243087629,217990189600.69,78.5502190980809,10436882.0,106.21671295166,67.7189624074765,128900.0,,0.0937305298399427,,20.50502166909322,Moyen-Élevé,Urbain,,Petite,0,Post-COVID,OUI
GRC,GR,Thessaloniki,2022,pm25,11.06183870209264,9.0,16.769315931943694,0.0,767.0,4253,2022-01-01 00:00:00+00:00,2022-12-31 22:00:00+00:00,802572.0,40.6403,22.9356,Greece,Europe & Central Asia,High income,99.0005834270921,3.78490731948212,14213.1276588017,5.52198580589408,-1.05378341576932,80.968828549263,10.047,10.9284222517562,4827.78285698736,1957.79872050503,,80.7878048780488,30.2699767261443,33.4,16.7201143496111,15309117.0,10.8790582874502,20886.5243087629,217990189600.69,78.5502190980809,10436882.0,106.21671295166,67.7189624074765,128900.0,,0.0937305298399427,,20.50502166909322,Moyen-Élevé,Urbain,,Petite,0,Post-COVID,OUI
GRC,GR,Thessaloniki,2022,so2,6.351085714285714,4.0,4.832936749797097,2.0,56.0,4375,2022-01-01 00:00:00+00:00,2022-12-31 22:00:00+00:00,802572.0,40.6403,22.9356,Greece,Europe & Central Asia,High income,99.0005834270921,3.78490731948212,14213.1276588017,5.52198580589408,-1.05378341576932,80.968828549263,10.047,10.9284222517562,4827.78285698736,1957.79872050503,,80.7878048780488,30.2699767261443,33.4,16.7201143496111,15309117.0,10.8790582874502,20886.5243087629,217990189600.69,78.5502190980809,10436882.0,106.21671295166,67.7189624074765,128900.0,,0.0937305298399427,,20.50502166909322,Moyen-Élevé,Urbain,,Petite,0,Post-COVID,OUI
GRC,GR,Thessaloniki,2023,co,368.3939835031538,300.0,531.8135867343242,100.0,39200.0,10305,2023-01-01 00:00:00+00:00,2023-12-30 05:00:00+00:00,802572.0,40.6403,22.9356,Greece,Europe & Central Asia,High income,99.0039477070011,3.74222017907683,14507.7698059887,2.13591131996631,0.0019272351628835,80.7397284716835,,9.19544835323343,4693.50942425215,1874.9562305559,,81.5365853658537,30.2699767261443,33.4,14.8477611524462,19090513.0,11.984133344018,23343.7103964562,242946187738.269,78.7746303842088,10407351.0,105.191741943359,68.6654116276677,128900.0,,0.0803161058207226,,18.58998133152303,Moyen-Élevé,Urbain,,Petite,0,Post-COVID,OUI
GRC,GR,Thessaloniki,2023,no2,18.739140615852943,14.0,15.969893684013202,1.0,124.0,17082,2023-01-01 00:00:00+00:00,2023-12-31 22:00:00+00:00,802572.0,40.6403,22.9356,Greece,Europe & Central Asia,High income,99.0039477070011,3.74222017907683,14507.7698059887,2.13591131996631,0.0019272351628835,80.7397284716835,,9.19544835323343,4693.50942425215,1874.9562305559,,81.5365853658537,30.2699767261443,33.4,14.8477611524462,19090513.0,11.984133344018,23343.7103964562,242946187738.269,78.7746303842088,10407351.0,105.191741943359,68.6654116276677,128900.0,,0.0803161058207226,,18.58998133152303,Moyen-Élevé,Urbain,,Petite,0,Post-COVID,OUI
GRC,GR,Thessaloniki,2023,pm10,25.831356560415124,21.0,19.24898668722738,1.0,268.0,13490,2023-01-01 00:00:00+00:00,2023-12-31 22:00:00+00:00,802572.0,40.6403,22.9356,Greece,Europe & Central Asia,High income,99.0039477070011,3.74222017907683,14507.7698059887,2.13591131996631,0.0019272351628835,80.7397284716835,,9.19544835323343,4693.50942425215,1874.9562305559,,81.5365853658537,30.2699767261443,33.4,14.8477611524462,19090513.0,11.984133344018,23343.7103964562,242946187738.269,78.7746303842088,10407351.0,105.191741943359,68.6654116276677,128900.0,,0.0803161058207226,,18.58998133152303,Moyen-Élevé,Urbain,,Petite,0,Post-COVID,OUI
GRC,GR,Thessaloniki,2023,pm25,9.462686567164178,9.0,8.907691285953591,0.0,453.0,6968,2023-01-01 00:00:00+00:00,2023-12-31 22:00:00+00:00,802572.0,40.6403,22.9356,Greece,Europe & Central Asia,High income,99.0039477070011,3.74222017907683,14507.7698059887,2.13591131996631,0.0019272351628835,80.7397284716835,,9.19544835323343,4693.50942425215,1874.9562305559,,81.5365853658537,30.2699767261443,33.4,14.8477611524462,19090513.0,11.984133344018,23343.7103964562,242946187738.269,78.7746303842088,10407351.0,105.191741943359,68.6654116276677,128900.0,,0.0803161058207226,,18.58998133152303,Moyen-Élevé,Urbain,,Petite,0,Post-COVID,OUI
GRC,GR,Thessaloniki,2023,so2,4.16143183014564,3.0,4.88541002208983,2.0,247.0,5699,2023-01-01 00:00:00+00:00,2023-12-31 22:00:00+00:00,802572.0,40.6403,22.9356,Greece,Europe & Central Asia,High income,99.0039477070011,3.74222017907683,14507.7698059887,2.13591131996631,0.0019272351628835,80.7397284716835,,9.19544835323343,4693.50942425215,1874.9562305559,,81.5365853658537,30.2699767261443,33.4,14.8477611524462,19090513.0,11.984133344018,23343.7103964562,242946187738.269,78.7746303842088,10407351.0,105.191741943359,68.6654116276677,128900.0,,0.0803161058207226,,18.58998133152303,Moyen-Élevé,Urbain,,Petite,0,Post-COVID,OUI
GTM,GT,Guatemala City,2019,pm25,14.182860998650472,11.0,10.8676726902532,0.0,166.0,1482,2019-10-20 20:00:00+00:00,2019-12-31 22:00:00+00:00,3014000.0,14.6417,-90.5133,Guatemala,Latin America & Caribbean ,Upper middle income,68.5709973645284,9.40872375710839,3572.7883735738,4.01789785040324,2.15426111506963,159.609957073535,3.3241,29.4249710312862,653.188065835417,851.576981433866,62.8,71.639,33.0291153415453,,21.9422533815816,107350.0,11.4860950173812,4511.99839552697,77172331693.4093,54.1882267267974,17103803.0,52.5563883982916,62.5226120247046,107160.0,,0.1886942796784287,0.4612064424966489,31.35097713868999,Faible,Semi-urbain,Renouvelable,Moyenne,0,Pre-COVID,OUI
GTM,GT,Guatemala City,2020,pm25,19.194769230769232,13.0,15.337880069738294,0.0,139.0,6500,2020-01-01 00:00:00+00:00,2020-12-02 20:00:00+00:00,3014000.0,14.6417,-90.5133,Guatemala,Latin America & Caribbean ,Upper middle income,68.8862996420965,9.9263191804303,3463.26014899032,-1.78555175063326,2.13369514486211,161.97578387458,3.3241,19.5498248490721,679.252131304795,823.751784803862,65.5,69.971,32.9208659947742,,22.3294622105607,25217.454,11.5897741671014,4477.61785000665,77719468248.3666,54.5483167911628,17357325.0,51.7956964848587,62.0283285747385,107160.0,,0.1839299115021923,0.2939823285574752,32.255781390991,Faible,Semi-urbain,Renouvelable,Moyenne,1,COVID,OUI
GTM,GT,Guatemala City,2021,o3,0.0155098777046095,0.014,0.0096712265829977,0.0,0.068,1063,2021-11-14 19:00:00+00:00,2021-12-31 22:00:00+00:00,3014000.0,14.6417,-90.5133,Guatemala,Latin America & Caribbean ,Upper middle income,69.4621730094076,9.17348943872533,3707.89715900797,8.04170378184928,2.03197521046402,164.227790220231,3.3241,21.5900284164299,784.094234500942,924.210448799794,62.1,67.858,32.812616648003,,22.2420507236704,1766.181,11.0501162490313,4912.62240414681,86455522272.7383,54.9047071553758,17598650.0,48.157456034521,61.9595480265753,107160.0,,0.1880914675128097,0.3421557593728985,31.41554016239573,Faible,Semi-urbain,Renouvelable,Moyenne,0,Post-COVID,OUI
GTM,GT,Guatemala City,2021,pm25,17.103540942143535,13.0,12.151515012705843,0.0,127.0,6326,2021-01-07 16:00:00+00:00,2021-12-31 22:00:00+00:00,3014000.0,14.6417,-90.5133,Guatemala,Latin America & Caribbean ,Upper middle income,69.4621730094076,9.17348943872533,3707.89715900797,8.04170378184928,2.03197521046402,164.227790220231,3.3241,21.5900284164299,784.094234500942,924.210448799794,62.1,67.858,32.812616648003,,22.2420507236704,1766.181,11.0501162490313,4912.62240414681,86455522272.7383,54.9047071553758,17598650.0,48.157456034521,61.9595480265753,107160.0,,0.1880914675128097,0.3421557593728985,31.41554016239573,Faible,Semi-urbain,Renouvelable,Moyenne,0,Post-COVID,OUI
GTM,GT,Guatemala City,2022,o3,0.0169893786510886,0.015,0.0119118231277359,0.0,0.072,5649,2022-01-01 00:00:00+00:00,2022-12-25 19:00:00+00:00,3014000.0,14.6417,-90.5133,Guatemala,Latin America & Caribbean ,Upper middle income,70.0349423501554,9.08210141828618,3813.25989237607,4.18451817243695,2.04786809888481,166.553536767451,3.3241,9.58182912154031,669.883594558613,887.8389253262,,71.206,32.7043673012318,,22.6306600546867,,12.9136582430806,5358.70156997677,95641446500.6523,55.2581228215265,17847877.0,45.8926232164663,61.7429085367337,107160.0,,0.1656508135265538,,31.71276147297288,Moyen-Faible,Semi-urbain,,Moyenne,0,Post-COVID,OUI
GTM,GT,Guatemala City,2022,pm25,14.763502779984114,11.0,11.644957326851085,0.0,92.0,5036,2022-01-01 00:00:00+00:00,2022-12-25 19:00:00+00:00,3014000.0,14.6417,-90.5133,Guatemala,Latin America & Caribbean ,Upper middle income,70.0349423501554,9.08210141828618,3813.25989237607,4.18451817243695,2.04786809888481,166.553536767451,3.3241,9.58182912154031,669.883594558613,887.8389253262,,71.206,32.7043673012318,,22.6306600546867,,12.9136582430806,5358.70156997677,95641446500.6523,55.2581228215265,17847877.0,45.8926232164663,61.7429085367337,107160.0,,0.1656508135265538,,31.71276147297288,Moyen-Faible,Semi-urbain,,Moyenne,0,Post-COVID,OUI
GTM,GT,Guatemala City,2023,o3,0.0223631653320772,0.021,0.013682184311881,0.0,0.066,2123,2023-03-24 15:00:00+00:00,2023-12-25 08:00:00+00:00,3014000.0,14.6417,-90.5133,Guatemala,Latin America & Caribbean ,Upper middle income,70.6041253212475,9.68670752459035,3918.15535630705,3.5331575177533,2.1714578644666,169.138092571855,,,,,,72.602,32.5961179544606,45.2,22.3064386213323,221478.0,,5758.32760847852,104368755054.601,55.6082319565539,18124838.0,47.3762534803949,61.4031875103546,107160.0,,,,31.99314614592265,Moyen-Faible,Semi-urbain,,Moyenne,0,Post-COVID,OUI
GTM,GT,Guatemala City,2023,pm25,19.22072599531616,15.0,15.801158033432854,0.0,93.0,3416,2023-03-24 15:00:00+00:00,2023-12-25 08:00:00+00:00,3014000.0,14.6417,-90.5133,Guatemala,Latin America & Caribbean ,Upper middle income,70.6041253212475,9.68670752459035,3918.15535630705,3.5331575177533,2.1714578644666,169.138092571855,,,,,,72.602,32.5961179544606,45.2,22.3064386213323,221478.0,,5758.32760847852,104368755054.601,55.6082319565539,18124838.0,47.3762534803949,61.4031875103546,107160.0,,,,31.99314614592265,Moyen-Faible,Semi-urbain,,Moyenne,0,Post-COVID,OUI
GTM,GT,Mixco,2019,pm25,14.182860998650472,11.0,10.8676726902532,0.0,166.0,1482,2019-10-20 20:00:00+00:00,2019-12-31 22:00:00+00:00,527828.0,14.6331,-90.6064,Guatemala,Latin America & Caribbean ,Upper middle income,68.5709973645284,9.40872375710839,3572.7883735738,4.01789785040324,2.15426111506963,159.609957073535,3.3241,29.4249710312862,653.188065835417,851.576981433866,62.8,71.639,33.0291153415453,,21.9422533815816,107350.0,11.4860950173812,4511.99839552697,77172331693.4093,54.1882267267974,17103803.0,52.5563883982916,62.5226120247046,107160.0,,0.1886942796784287,0.4612064424966489,31.35097713868999,Faible,Semi-urbain,Renouvelable,Petite,0,Pre-COVID,OUI
GTM,GT,Mixco,2020,pm25,19.194769230769232,13.0,15.337880069738294,0.0,139.0,6500,2020-01-01 00:00:00+00:00,2020-12-02 20:00:00+00:00,527828.0,14.6331,-90.6064,Guatemala,Latin America & Caribbean ,Upper middle income,68.8862996420965,9.9263191804303,3463.26014899032,-1.78555175063326,2.13369514486211,161.97578387458,3.3241,19.5498248490721,679.252131304795,823.751784803862,65.5,69.971,32.9208659947742,,22.3294622105607,25217.454,11.5897741671014,4477.61785000665,77719468248.3666,54.5483167911628,17357325.0,51.7956964848587,62.0283285747385,107160.0,,0.1839299115021923,0.2939823285574752,32.255781390991,Faible,Semi-urbain,Renouvelable,Petite,1,COVID,OUI
GTM,GT,Mixco,2021,o3,0.0155098777046095,0.014,0.0096712265829977,0.0,0.068,1063,2021-11-14 19:00:00+00:00,2021-12-31 22:00:00+00:00,527828.0,14.6331,-90.6064,Guatemala,Latin America & Caribbean ,Upper middle income,69.4621730094076,9.17348943872533,3707.89715900797,8.04170378184928,2.03197521046402,164.227790220231,3.3241,21.5900284164299,784.094234500942,924.210448799794,62.1,67.858,32.812616648003,,22.2420507236704,1766.181,11.0501162490313,4912.62240414681,86455522272.7383,54.9047071553758,17598650.0,48.157456034521,61.9595480265753,107160.0,,0.1880914675128097,0.3421557593728985,31.41554016239573,Faible,Semi-urbain,Renouvelable,Petite,0,Post-COVID,OUI
GTM,GT,Mixco,2021,pm25,17.103540942143535,13.0,12.151515012705843,0.0,127.0,6326,2021-01-07 16:00:00+00:00,2021-12-31 22:00:00+00:00,527828.0,14.6331,-90.6064,Guatemala,Latin America & Caribbean ,Upper middle income,69.4621730094076,9.17348943872533,3707.89715900797,8.04170378184928,2.03197521046402,164.227790220231,3.3241,21.5900284164299,784.094234500942,924.210448799794,62.1,67.858,32.812616648003,,22.2420507236704,1766.181,11.0501162490313,4912.62240414681,86455522272.7383,54.9047071553758,17598650.0,48.157456034521,61.9595480265753,107160.0,,0.1880914675128097,0.3421557593728985,31.41554016239573,Faible,Semi-urbain,Renouvelable,Petite,0,Post-COVID,OUI
GTM,GT,Mixco,2022,o3,0.0169893786510886,0.015,0.0119118231277359,0.0,0.072,5649,2022-01-01 00:00:00+00:00,2022-12-25 19:00:00+00:00,527828.0,14.6331,-90.6064,Guatemala,Latin America & Caribbean ,Upper middle income,70.0349423501554,9.08210141828618,3813.25989237607,4.18451817243695,2.04786809888481,166.553536767451,3.3241,9.58182912154031,669.883594558613,887.8389253262,,71.206,32.7043673012318,,22.6306600546867,,12.9136582430806,5358.70156997677,95641446500.6523,55.2581228215265,17847877.0,45.8926232164663,61.7429085367337,107160.0,,0.1656508135265538,,31.71276147297288,Moyen-Faible,Semi-urbain,,Petite,0,Post-COVID,OUI
GTM,GT,Mixco,2022,pm25,14.763502779984114,11.0,11.644957326851085,0.0,92.0,5036,2022-01-01 00:00:00+00:00,2022-12-25 19:00:00+00:00,527828.0,14.6331,-90.6064,Guatemala,Latin America & Caribbean ,Upper middle income,70.0349423501554,9.08210141828618,3813.25989237607,4.18451817243695,2.04786809888481,166.553536767451,3.3241,9.58182912154031,669.883594558613,887.8389253262,,71.206,32.7043673012318,,22.6306600546867,,12.9136582430806,5358.70156997677,95641446500.6523,55.2581228215265,17847877.0,45.8926232164663,61.7429085367337,107160.0,,0.1656508135265538,,31.71276147297288,Moyen-Faible,Semi-urbain,,Petite,0,Post-COVID,OUI
GTM,GT,Mixco,2023,o3,0.0223631653320772,0.021,0.013682184311881,0.0,0.066,2123,2023-03-24 15:00:00+00:00,2023-12-25 08:00:00+00:00,527828.0,14.6331,-90.6064,Guatemala,Latin America & Caribbean ,Upper middle income,70.6041253212475,9.68670752459035,3918.15535630705,3.5331575177533,2.1714578644666,169.138092571855,,,,,,72.602,32.5961179544606,45.2,22.3064386213323,221478.0,,5758.32760847852,104368755054.601,55.6082319565539,18124838.0,47.3762534803949,61.4031875103546,107160.0,,,,31.99314614592265,Moyen-Faible,Semi-urbain,,Petite,0,Post-COVID,OUI
GTM,GT,Mixco,2023,pm25,19.22072599531616,15.0,15.801158033432854,0.0,93.0,3416,2023-03-24 15:00:00+00:00,2023-12-25 08:00:00+00:00,527828.0,14.6331,-90.6064,Guatemala,Latin America & Caribbean ,Upper middle income,70.6041253212475,9.68670752459035,3918.15535630705,3.5331575177533,2.1714578644666,169.138092571855,,,,,,72.602,32.5961179544606,45.2,22.3064386213323,221478.0,,5758.32760847852,104368755054.601,55.6082319565539,18124838.0,47.3762534803949,61.4031875103546,107160.0,,,,31.99314614592265,Moyen-Faible,Semi-urbain,,Petite,0,Post-COVID,OUI
HKG,HK,Hong Kong,2019,no2,79.57633042096903,75.6,39.17335702894057,3.6,366.1,16367,2019-01-01 00:00:00+00:00,2019-12-31 22:00:00+00:00,7450000.0,22.3,114.2,"Hong Kong SAR, China",East Asia & Pacific,High income,95.442540620384,0.0723017256105577,30767.9404630206,-1.6724459934221,0.739283471323064,7150.38095238095,,62.1175196317357,6338.12384288549,1876.91855569536,0.2,85.1558536585366,,,6.25471437479218,46469864.0,4.67370701326834,48359.0011950597,363074545072.389,100.0,7507900.0,105.068965517241,90.0068962559868,1050.0,,0.0388113835672754,51.76459969311309,6.327016100402738,Élevé,Très urbain,Fossile,Grande,0,Pre-COVID,OUI
HKG,HK,Hong Kong,2019,o3,42.02357461070013,31.8,37.96358730002812,0.0,390.6,24467,2019-01-01 00:00:00+00:00,2019-12-31 22:00:00+00:00,7450000.0,22.3,114.2,"Hong Kong SAR, China",East Asia & Pacific,High income,95.442540620384,0.0723017256105577,30767.9404630206,-1.6724459934221,0.739283471323064,7150.38095238095,,62.1175196317357,6338.12384288549,1876.91855569536,0.2,85.1558536585366,,,6.25471437479218,46469864.0,4.67370701326834,48359.0011950597,363074545072.389,100.0,7507900.0,105.068965517241,90.0068962559868,1050.0,,0.0388113835672754,51.76459969311309,6.327016100402738,Élevé,Très urbain,Fossile,Grande,0,Pre-COVID,OUI
HKG,HK,Hong Kong,2019,pm10,30.523712604217756,26.4,20.65878142651424,0.4,200.5,8156,2019-01-01 00:00:00+00:00,2019-12-31 22:00:00+00:00,7450000.0,22.3,114.2,"Hong Kong SAR, China",East Asia & Pacific,High income,95.442540620384,0.0723017256105577,30767.9404630206,-1.6724459934221,0.739283471323064,7150.38095238095,,62.1175196317357,6338.12384288549,1876.91855569536,0.2,85.1558536585366,,,6.25471437479218,46469864.0,4.67370701326834,48359.0011950597,363074545072.389,100.0,7507900.0,105.068965517241,90.0068962559868,1050.0,,0.0388113835672754,51.76459969311309,6.327016100402738,Élevé,Très urbain,Fossile,Grande,0,Pre-COVID,OUI
HKG,HK,Hong Kong,2019,pm25,24.051890330116183,21.6,15.06440868522748,0.4,166.8,16267,2019-01-01 00:00:00+00:00,2019-12-31 22:00:00+00:00,7450000.0,22.3,114.2,"Hong Kong SAR, China",East Asia & Pacific,High income,95.442540620384,0.0723017256105577,30767.9404630206,-1.6724459934221,0.739283471323064,7150.38095238095,,62.1175196317357,6338.12384288549,1876.91855569536,0.2,85.1558536585366,,,6.25471437479218,46469864.0,4.67370701326834,48359.0011950597,363074545072.389,100.0,7507900.0,105.068965517241,90.0068962559868,1050.0,,0.0388113835672754,51.76459969311309,6.327016100402738,Élevé,Très urbain,Fossile,Grande,0,Pre-COVID,OUI
HKG,HK,Hong Kong,2019,so2,3.724544676689891,3.1,2.84004957576053,0.0,31.1,8181,2019-01-01 00:00:00+00:00,2019-12-31 22:00:00+00:00,7450000.0,22.3,114.2,"Hong Kong SAR, China",East Asia & Pacific,High income,95.442540620384,0.0723017256105577,30767.9404630206,-1.6724459934221,0.739283471323064,7150.38095238095,,62.1175196317357,6338.12384288549,1876.91855569536,0.2,85.1558536585366,,,6.25471437479218,46469864.0,4.67370701326834,48359.0011950597,363074545072.389,100.0,7507900.0,105.068965517241,90.0068962559868,1050.0,,0.0388113835672754,51.76459969311309,6.327016100402738,Élevé,Très urbain,Fossile,Grande,0,Pre-COVID,OUI
HKG,HK,Hong Kong,2020,no2,71.75434669442998,69.2,32.07477646503314,8.5,244.2,7684,2020-01-01 00:00:00+00:00,2020-07-10 00:00:00+00:00,7450000.0,22.3,114.2,"Hong Kong SAR, China",East Asia & Pacific,High income,95.320907188577,0.098961317261836,27605.7058494032,-6.54480412699255,-0.358932661902885,7124.7619047619,,34.4848174684408,6164.81753776233,1655.13405911583,0.3,85.4963414634146,,,6.17058195458318,5878548.0,4.9812350733538,46109.2299946609,344943149590.058,100.0,7481000.0,100.449691991786,89.4275080321983,1050.0,,0.0358951594756191,26.526782668031384,6.269543271845016,Élevé,Très urbain,Fossile,Grande,1,COVID,OUI
HKG,HK,Hong Kong,2020,o3,36.60653349616189,29.6,28.15469845926309,0.0,262.7,11464,2020-01-01 00:00:00+00:00,2020-07-10 00:00:00+00:00,7450000.0,22.3,114.2,"Hong Kong SAR, China",East Asia & Pacific,High income,95.320907188577,0.098961317261836,27605.7058494032,-6.54480412699255,-0.358932661902885,7124.7619047619,,34.4848174684408,6164.81753776233,1655.13405911583,0.3,85.4963414634146,,,6.17058195458318,5878548.0,4.9812350733538,46109.2299946609,344943149590.058,100.0,7481000.0,100.449691991786,89.4275080321983,1050.0,,0.0358951594756191,26.526782668031384,6.269543271845016,Élevé,Très urbain,Fossile,Grande,1,COVID,OUI
HKG,HK,Hong Kong,2020,pm10,23.9750576184379,21.7,15.950221221711178,0.4,124.4,3905,2020-01-01 00:00:00+00:00,2020-07-10 00:00:00+00:00,7450000.0,22.3,114.2,"Hong Kong SAR, China",East Asia & Pacific,High income,95.320907188577,0.098961317261836,27605.7058494032,-6.54480412699255,-0.358932661902885,7124.7619047619,,34.4848174684408,6164.81753776233,1655.13405911583,0.3,85.4963414634146,,,6.17058195458318,5878548.0,4.9812350733538,46109.2299946609,344943149590.058,100.0,7481000.0,100.449691991786,89.4275080321983,1050.0,,0.0358951594756191,26.526782668031384,6.269543271845016,Élevé,Très urbain,Fossile,Grande,1,COVID,OUI
HKG,HK,Hong Kong,2020,pm25,18.65480856586632,17.4,11.313020808609076,0.4,107.6,7705,2020-01-01 00:00:00+00:00,2020-07-10 00:00:00+00:00,7450000.0,22.3,114.2,"Hong Kong SAR, China",East Asia & Pacific,High income,95.320907188577,0.098961317261836,27605.7058494032,-6.54480412699255,-0.358932661902885,7124.7619047619,,34.4848174684408,6164.81753776233,1655.13405911583,0.3,85.4963414634146,,,6.17058195458318,5878548.0,4.9812350733538,46109.2299946609,344943149590.058,100.0,7481000.0,100.449691991786,89.4275080321983,1050.0,,0.0358951594756191,26.526782668031384,6.269543271845016,Élevé,Très urbain,Fossile,Grande,1,COVID,OUI
HKG,HK,Hong Kong,2020,so2,4.560913573838567,3.9,3.0146627474472685,0.0,29.2,3853,2020-01-01 00:00:00+00:00,2020-07-10 00:00:00+00:00,7450000.0,22.3,114.2,"Hong Kong SAR, China",East Asia & Pacific,High income,95.320907188577,0.098961317261836,27605.7058494032,-6.54480412699255,-0.358932661902885,7124.7619047619,,34.4848174684408,6164.81753776233,1655.13405911583,0.3,85.4963414634146,,,6.17058195458318,5878548.0,4.9812350733538,46109.2299946609,344943149590.058,100.0,7481000.0,100.449691991786,89.4275080321983,1050.0,,0.0358951594756191,26.526782668031384,6.269543271845016,Élevé,Très urbain,Fossile,Grande,1,COVID,OUI
HKG,HK,Hong Kong,2021,no2,71.53376465830975,68.55,34.67091402505967,4.8,259.2,4946,2021-08-24 17:00:00+00:00,2021-12-31 22:00:00+00:00,7450000.0,22.3,114.2,"Hong Kong SAR, China",East Asia & Pacific,High income,95.19927375677,0.0755934592131795,29410.910108233,6.45444409087024,-0.911776749148241,7060.09523809524,,36.4183373357438,6477.18228541366,1671.63130147382,0.4,85.5326829268293,,,5.98949153287008,777197.0,4.31720676722161,49770.5642374739,368954169748.818,100.0,7413100.0,100.161026837806,89.6756698895004,1050.0,230.1,0.0335860712252884,26.013098096959855,6.065084992083259,Élevé,Très urbain,Fossile,Grande,0,Post-COVID,OUI
HKG,HK,Hong Kong,2021,o3,43.97633386159535,36.1,33.58806414440944,0.0,254.9,7572,2021-08-24 17:00:00+00:00,2021-12-31 22:00:00+00:00,7450000.0,22.3,114.2,"Hong Kong SAR, China",East Asia & Pacific,High income,95.19927375677,0.0755934592131795,29410.910108233,6.45444409087024,-0.911776749148241,7060.09523809524,,36.4183373357438,6477.18228541366,1671.63130147382,0.4,85.5326829268293,,,5.98949153287008,777197.0,4.31720676722161,49770.5642374739,368954169748.818,100.0,7413100.0,100.161026837806,89.6756698895004,1050.0,230.1,0.0335860712252884,26.013098096959855,6.065084992083259,Élevé,Très urbain,Fossile,Grande,0,Post-COVID,OUI
HKG,HK,Hong Kong,2021,pm10,26.575699094131547,25.4,15.740392777464391,0.4,142.9,2539,2021-08-24 17:00:00+00:00,2021-12-31 22:00:00+00:00,7450000.0,22.3,114.2,"Hong Kong SAR, China",East Asia & Pacific,High income,95.19927375677,0.0755934592131795,29410.910108233,6.45444409087024,-0.911776749148241,7060.09523809524,,36.4183373357438,6477.18228541366,1671.63130147382,0.4,85.5326829268293,,,5.98949153287008,777197.0,4.31720676722161,49770.5642374739,368954169748.818,100.0,7413100.0,100.161026837806,89.6756698895004,1050.0,230.1,0.0335860712252884,26.013098096959855,6.065084992083259,Élevé,Très urbain,Fossile,Grande,0,Post-COVID,OUI
HKG,HK,Hong Kong,2021,pm25,20.566845557543232,18.3,12.98155129113059,0.2,138.4,5031,2021-08-24 17:00:00+00:00,2021-12-31 22:00:00+00:00,7450000.0,22.3,114.2,"Hong Kong SAR, China",East Asia & Pacific,High income,95.19927375677,0.0755934592131795,29410.910108233,6.45444409087024,-0.911776749148241,7060.09523809524,,36.4183373357438,6477.18228541366,1671.63130147382,0.4,85.5326829268293,,,5.98949153287008,777197.0,4.31720676722161,49770.5642374739,368954169748.818,100.0,7413100.0,100.161026837806,89.6756698895004,1050.0,230.1,0.0335860712252884,26.013098096959855,6.065084992083259,Élevé,Très urbain,Fossile,Grande,0,Post-COVID,OUI
HKG,HK,Hong Kong,2021,so2,3.2603084415584416,3.0,2.1270008053925715,0.0,15.2,2464,2021-08-24 17:00:00+00:00,2021-12-31 22:00:00+00:00,7450000.0,22.3,114.2,"Hong Kong SAR, China",East Asia & Pacific,High income,95.19927375677,0.0755934592131795,29410.910108233,6.45444409087024,-0.911776749148241,7060.09523809524,,36.4183373357438,6477.18228541366,1671.63130147382,0.4,85.5326829268293,,,5.98949153287008,777197.0,4.31720676722161,49770.5642374739,368954169748.818,100.0,7413100.0,100.161026837806,89.6756698895004,1050.0,230.1,0.0335860712252884,26.013098096959855,6.065084992083259,Élevé,Très urbain,Fossile,Grande,0,Post-COVID,OUI
HKG,HK,Hong Kong,2022,no2,63.99095581322469,58.7,33.612292329148694,3.4,289.4,15955,2022-01-01 00:00:00+00:00,2022-12-31 22:00:00+00:00,7450000.0,22.3,114.2,"Hong Kong SAR, China",East Asia & Pacific,High income,95.077640324963,0.0529019722182765,29025.4334096128,-3.68378414495199,-0.907914524343304,6996.28571428571,,35.2660885946201,6374.67499761778,1566.39613487602,,83.6609756097561,,,6.26265366403118,3407434.0,4.47682632905782,48825.8441873536,358679533984.718,100.0,7346100.0,106.185208398621,91.0667935459594,1050.0,,0.0320806343507599,,6.3155556362494565,Élevé,Très urbain,,Grande,0,Post-COVID,OUI
HKG,HK,Hong Kong,2022,o3,45.342798522773904,37.8,36.335548944260566,0.0,374.6,24370,2022-01-01 00:00:00+00:00,2022-12-31 22:00:00+00:00,7450000.0,22.3,114.2,"Hong Kong SAR, China",East Asia & Pacific,High income,95.077640324963,0.0529019722182765,29025.4334096128,-3.68378414495199,-0.907914524343304,6996.28571428571,,35.2660885946201,6374.67499761778,1566.39613487602,,83.6609756097561,,,6.26265366403118,3407434.0,4.47682632905782,48825.8441873536,358679533984.718,100.0,7346100.0,106.185208398621,91.0667935459594,1050.0,,0.0320806343507599,,6.3155556362494565,Élevé,Très urbain,,Grande,0,Post-COVID,OUI
HKG,HK,Hong Kong,2022,pm10,22.062561334641806,19.3,14.73132442244331,0.4,114.8,8152,2022-01-01 00:00:00+00:00,2022-12-31 22:00:00+00:00,7450000.0,22.3,114.2,"Hong Kong SAR, China",East Asia & Pacific,High income,95.077640324963,0.0529019722182765,29025.4334096128,-3.68378414495199,-0.907914524343304,6996.28571428571,,35.2660885946201,6374.67499761778,1566.39613487602,,83.6609756097561,,,6.26265366403118,3407434.0,4.47682632905782,48825.8441873536,358679533984.718,100.0,7346100.0,106.185208398621,91.0667935459594,1050.0,,0.0320806343507599,,6.3155556362494565,Élevé,Très urbain,,Grande,0,Post-COVID,OUI
HKG,HK,Hong Kong,2022,pm25,17.84362470935713,15.6,11.593191589666498,0.4,118.3,15913,2022-01-01 00:00:00+00:00,2022-12-31 22:00:00+00:00,7450000.0,22.3,114.2,"Hong Kong SAR, China",East Asia & Pacific,High income,95.077640324963,0.0529019722182765,29025.4334096128,-3.68378414495199,-0.907914524343304,6996.28571428571,,35.2660885946201,6374.67499761778,1566.39613487602,,83.6609756097561,,,6.26265366403118,3407434.0,4.47682632905782,48825.8441873536,358679533984.718,100.0,7346100.0,106.185208398621,91.0667935459594,1050.0,,0.0320806343507599,,6.3155556362494565,Élevé,Très urbain,,Grande,0,Post-COVID,OUI
HKG,HK,Hong Kong,2022,so2,3.333518075324348,3.0,1.9695761956690745,0.0,25.5,7939,2022-01-01 00:00:00+00:00,2022-12-31 22:00:00+00:00,7450000.0,22.3,114.2,"Hong Kong SAR, China",East Asia & Pacific,High income,95.077640324963,0.0529019722182765,29025.4334096128,-3.68378414495199,-0.907914524343304,6996.28571428571,,35.2660885946201,6374.67499761778,1566.39613487602,,83.6609756097561,,,6.26265366403118,3407434.0,4.47682632905782,48825.8441873536,358679533984.718,100.0,7346100.0,106.185208398621,91.0667935459594,1050.0,,0.0320806343507599,,6.3155556362494565,Élevé,Très urbain,,Grande,0,Post-COVID,OUI
HKG,HK,Hong Kong,2023,no2,66.24671654197839,63.2,32.2473616848083,0.1,292.6,12030,2023-01-01 00:00:00+00:00,2023-12-31 22:00:00+00:00,7450000.0,22.3,114.2,"Hong Kong SAR, China",East Asia & Pacific,High income,94.956006893156,0.0379096657245673,30227.5819457729,3.2238599613664,2.55352466697343,7177.2380952381,,,,,,85.2473170731707,,,6.277451826904,25704485.0,,50562.3633144379,381043026173.935,100.0,7536100.0,,91.3704729624644,1050.0,,,,6.315361492628567,Élevé,Très urbain,,Grande,0,Post-COVID,OUI
HKG,HK,Hong Kong,2023,o3,44.98396975630984,38.9,29.914682200672363,2.3,343.7,18384,2023-01-01 00:00:00+00:00,2023-12-31 22:00:00+00:00,7450000.0,22.3,114.2,"Hong Kong SAR, China",East Asia & Pacific,High income,94.956006893156,0.0379096657245673,30227.5819457729,3.2238599613664,2.55352466697343,7177.2380952381,,,,,,85.2473170731707,,,6.277451826904,25704485.0,,50562.3633144379,381043026173.935,100.0,7536100.0,,91.3704729624644,1050.0,,,,6.315361492628567,Élevé,Très urbain,,Grande,0,Post-COVID,OUI
HKG,HK,Hong Kong,2023,pm10,20.568136932192232,16.8,15.861873595527916,0.2,157.8,6076,2023-01-01 00:00:00+00:00,2023-12-31 22:00:00+00:00,7450000.0,22.3,114.2,"Hong Kong SAR, China",East Asia & Pacific,High income,94.956006893156,0.0379096657245673,30227.5819457729,3.2238599613664,2.55352466697343,7177.2380952381,,,,,,85.2473170731707,,,6.277451826904,25704485.0,,50562.3633144379,381043026173.935,100.0,7536100.0,,91.3704729624644,1050.0,,,,6.315361492628567,Élevé,Très urbain,,Grande,0,Post-COVID,OUI
HKG,HK,Hong Kong,2023,pm25,18.539450017295053,17.3,11.85604230955898,0.1,136.8,11564,2023-01-01 00:00:00+00:00,2023-12-31 22:00:00+00:00,7450000.0,22.3,114.2,"Hong Kong SAR, China",East Asia & Pacific,High income,94.956006893156,0.0379096657245673,30227.5819457729,3.2238599613664,2.55352466697343,7177.2380952381,,,,,,85.2473170731707,,,6.277451826904,25704485.0,,50562.3633144379,381043026173.935,100.0,7536100.0,,91.3704729624644,1050.0,,,,6.315361492628567,Élevé,Très urbain,,Grande,0,Post-COVID,OUI
HKG,HK,Hong Kong,2023,so2,4.866644551335213,4.5,2.0162158729813777,1.5,25.2,6029,2023-01-01 00:00:00+00:00,2023-12-31 22:00:00+00:00,7450000.0,22.3,114.2,"Hong Kong SAR, China",East Asia & Pacific,High income,94.956006893156,0.0379096657245673,30227.5819457729,3.2238599613664,2.55352466697343,7177.2380952381,,,,,,85.2473170731707,,,6.277451826904,25704485.0,,50562.3633144379,381043026173.935,100.0,7536100.0,,91.3704729624644,1050.0,,,,6.315361492628567,Élevé,Très urbain,,Grande,0,Post-COVID,OUI
HKG,HK,Kowloon,2019,co,515.1478994948152,484.4,186.87821948514463,76.1,998.6,7522,2019-01-01 00:00:00+00:00,2019-12-31 22:00:00+00:00,2108419.0,22.3167,114.1833,"Hong Kong SAR, China",East Asia & Pacific,High income,95.442540620384,0.0723017256105577,30767.9404630206,-1.6724459934221,0.739283471323064,7150.38095238095,,62.1175196317357,6338.12384288549,1876.91855569536,0.2,85.1558536585366,,,6.25471437479218,46469864.0,4.67370701326834,48359.0011950597,363074545072.389,100.0,7507900.0,105.068965517241,90.0068962559868,1050.0,,0.0388113835672754,51.76459969311309,6.327016100402738,Élevé,Très urbain,Fossile,Moyenne,0,Pre-COVID,OUI
HKG,HK,Kowloon,2019,no2,78.17416707496325,75.0,37.3369412105255,3.8,317.2,8164,2019-01-01 00:00:00+00:00,2019-12-31 22:00:00+00:00,2108419.0,22.3167,114.1833,"Hong Kong SAR, China",East Asia & Pacific,High income,95.442540620384,0.0723017256105577,30767.9404630206,-1.6724459934221,0.739283471323064,7150.38095238095,,62.1175196317357,6338.12384288549,1876.91855569536,0.2,85.1558536585366,,,6.25471437479218,46469864.0,4.67370701326834,48359.0011950597,363074545072.389,100.0,7507900.0,105.068965517241,90.0068962559868,1050.0,,0.0388113835672754,51.76459969311309,6.327016100402738,Élevé,Très urbain,Fossile,Moyenne,0,Pre-COVID,OUI
HKG,HK,Kowloon,2019,o3,48.42661874923209,39.8,40.97962648165436,0.0,390.6,16278,2019-01-01 00:00:00+00:00,2019-12-31 22:00:00+00:00,2108419.0,22.3167,114.1833,"Hong Kong SAR, China",East Asia & Pacific,High income,95.442540620384,0.0723017256105577,30767.9404630206,-1.6724459934221,0.739283471323064,7150.38095238095,,62.1175196317357,6338.12384288549,1876.91855569536,0.2,85.1558536585366,,,6.25471437479218,46469864.0,4.67370701326834,48359.0011950597,363074545072.389,100.0,7507900.0,105.068965517241,90.0068962559868,1050.0,,0.0388113835672754,51.76459969311309,6.327016100402738,Élevé,Très urbain,Fossile,Moyenne,0,Pre-COVID,OUI
HKG,HK,Kowloon,2019,pm10,30.55507378948652,25.5,21.43017790468782,0.4,203.3,16398,2019-01-01 00:00:00+00:00,2019-12-31 22:00:00+00:00,2108419.0,22.3167,114.1833,"Hong Kong SAR, China",East Asia & Pacific,High income,95.442540620384,0.0723017256105577,30767.9404630206,-1.6724459934221,0.739283471323064,7150.38095238095,,62.1175196317357,6338.12384288549,1876.91855569536,0.2,85.1558536585366,,,6.25471437479218,46469864.0,4.67370701326834,48359.0011950597,363074545072.389,100.0,7507900.0,105.068965517241,90.0068962559868,1050.0,,0.0388113835672754,51.76459969311309,6.327016100402738,Élevé,Très urbain,Fossile,Moyenne,0,Pre-COVID,OUI
HKG,HK,Kowloon,2019,pm25,19.928342016549188,16.5,14.53642188695994,0.7,145.3,16315,2019-01-01 00:00:00+00:00,2019-12-31 22:00:00+00:00,2108419.0,22.3167,114.1833,"Hong Kong SAR, China",East Asia & Pacific,High income,95.442540620384,0.0723017256105577,30767.9404630206,-1.6724459934221,0.739283471323064,7150.38095238095,,62.1175196317357,6338.12384288549,1876.91855569536,0.2,85.1558536585366,,,6.25471437479218,46469864.0,4.67370701326834,48359.0011950597,363074545072.389,100.0,7507900.0,105.068965517241,90.0068962559868,1050.0,,0.0388113835672754,51.76459969311309,6.327016100402738,Élevé,Très urbain,Fossile,Moyenne,0,Pre-COVID,OUI
HKG,HK,Kowloon,2019,so2,3.724544676689891,3.1,2.84004957576053,0.0,31.1,8181,2019-01-01 00:00:00+00:00,2019-12-31 22:00:00+00:00,2108419.0,22.3167,114.1833,"Hong Kong SAR, China",East Asia & Pacific,High income,95.442540620384,0.0723017256105577,30767.9404630206,-1.6724459934221,0.739283471323064,7150.38095238095,,62.1175196317357,6338.12384288549,1876.91855569536,0.2,85.1558536585366,,,6.25471437479218,46469864.0,4.67370701326834,48359.0011950597,363074545072.389,100.0,7507900.0,105.068965517241,90.0068962559868,1050.0,,0.0388113835672754,51.76459969311309,6.327016100402738,Élevé,Très urbain,Fossile,Moyenne,0,Pre-COVID,OUI
HKG,HK,Kowloon,2020,co,446.6690296495957,433.1,192.692081694266,58.4,999.5,3710,2020-01-01 00:00:00+00:00,2020-07-10 00:00:00+00:00,2108419.0,22.3167,114.1833,"Hong Kong SAR, China",East Asia & Pacific,High income,95.320907188577,0.098961317261836,27605.7058494032,-6.54480412699255,-0.358932661902885,7124.7619047619,,34.4848174684408,6164.81753776233,1655.13405911583,0.3,85.4963414634146,,,6.17058195458318,5878548.0,4.9812350733538,46109.2299946609,344943149590.058,100.0,7481000.0,100.449691991786,89.4275080321983,1050.0,,0.0358951594756191,26.526782668031384,6.269543271845016,Élevé,Très urbain,Fossile,Moyenne,1,COVID,OUI
HKG,HK,Kowloon,2020,no2,78.33662519440125,75.0,34.9444631228654,10.4,244.2,3858,2020-01-01 00:00:00+00:00,2020-07-10 00:00:00+00:00,2108419.0,22.3167,114.1833,"Hong Kong SAR, China",East Asia & Pacific,High income,95.320907188577,0.098961317261836,27605.7058494032,-6.54480412699255,-0.358932661902885,7124.7619047619,,34.4848174684408,6164.81753776233,1655.13405911583,0.3,85.4963414634146,,,6.17058195458318,5878548.0,4.9812350733538,46109.2299946609,344943149590.058,100.0,7481000.0,100.449691991786,89.4275080321983,1050.0,,0.0358951594756191,26.526782668031384,6.269543271845016,Élevé,Très urbain,Fossile,Moyenne,1,COVID,OUI
HKG,HK,Kowloon,2020,o3,39.52813603662524,32.4,29.80006597687976,0.0,262.7,7645,2020-01-01 00:00:00+00:00,2020-07-10 00:00:00+00:00,2108419.0,22.3167,114.1833,"Hong Kong SAR, China",East Asia & Pacific,High income,95.320907188577,0.098961317261836,27605.7058494032,-6.54480412699255,-0.358932661902885,7124.7619047619,,34.4848174684408,6164.81753776233,1655.13405911583,0.3,85.4963414634146,,,6.17058195458318,5878548.0,4.9812350733538,46109.2299946609,344943149590.058,100.0,7481000.0,100.449691991786,89.4275080321983,1050.0,,0.0358951594756191,26.526782668031384,6.269543271845016,Élevé,Très urbain,Fossile,Moyenne,1,COVID,OUI
HKG,HK,Kowloon,2020,pm10,22.60835365071218,20.0,15.239574928999804,0.4,154.9,7793,2020-01-01 00:00:00+00:00,2020-07-10 00:00:00+00:00,2108419.0,22.3167,114.1833,"Hong Kong SAR, China",East Asia & Pacific,High income,95.320907188577,0.098961317261836,27605.7058494032,-6.54480412699255,-0.358932661902885,7124.7619047619,,34.4848174684408,6164.81753776233,1655.13405911583,0.3,85.4963414634146,,,6.17058195458318,5878548.0,4.9812350733538,46109.2299946609,344943149590.058,100.0,7481000.0,100.449691991786,89.4275080321983,1050.0,,0.0358951594756191,26.526782668031384,6.269543271845016,Élevé,Très urbain,Fossile,Moyenne,1,COVID,OUI
HKG,HK,Kowloon,2020,pm25,14.174127416634228,12.7,10.163364543719943,0.6,118.1,7707,2020-01-01 00:00:00+00:00,2020-07-10 00:00:00+00:00,2108419.0,22.3167,114.1833,"Hong Kong SAR, China",East Asia & Pacific,High income,95.320907188577,0.098961317261836,27605.7058494032,-6.54480412699255,-0.358932661902885,7124.7619047619,,34.4848174684408,6164.81753776233,1655.13405911583,0.3,85.4963414634146,,,6.17058195458318,5878548.0,4.9812350733538,46109.2299946609,344943149590.058,100.0,7481000.0,100.449691991786,89.4275080321983,1050.0,,0.0358951594756191,26.526782668031384,6.269543271845016,Élevé,Très urbain,Fossile,Moyenne,1,COVID,OUI
HKG,HK,Kowloon,2020,so2,4.560913573838567,3.9,3.0146627474472685,0.0,29.2,3853,2020-01-01 00:00:00+00:00,2020-07-10 00:00:00+00:00,2108419.0,22.3167,114.1833,"Hong Kong SAR, China",East Asia & Pacific,High income,95.320907188577,0.098961317261836,27605.7058494032,-6.54480412699255,-0.358932661902885,7124.7619047619,,34.4848174684408,6164.81753776233,1655.13405911583,0.3,85.4963414634146,,,6.17058195458318,5878548.0,4.9812350733538,46109.2299946609,344943149590.058,100.0,7481000.0,100.449691991786,89.4275080321983,1050.0,,0.0358951594756191,26.526782668031384,6.269543271845016,Élevé,Très urbain,Fossile,Moyenne,1,COVID,OUI
HKG,HK,Kowloon,2021,co,367.640373679935,333.35,165.67108747961638,23.4,973.3,2462,2021-08-24 17:00:00+00:00,2021-12-31 22:00:00+00:00,2108419.0,22.3167,114.1833,"Hong Kong SAR, China",East Asia & Pacific,High income,95.19927375677,0.0755934592131795,29410.910108233,6.45444409087024,-0.911776749148241,7060.09523809524,,36.4183373357438,6477.18228541366,1671.63130147382,0.4,85.5326829268293,,,5.98949153287008,777197.0,4.31720676722161,49770.5642374739,368954169748.818,100.0,7413100.0,100.161026837806,89.6756698895004,1050.0,230.1,0.0335860712252884,26.013098096959855,6.065084992083259,Élevé,Très urbain,Fossile,Moyenne,0,Post-COVID,OUI
HKG,HK,Kowloon,2021,no2,68.41857258718574,63.150000000000006,35.343298978846306,4.8,259.2,2466,2021-08-24 17:00:00+00:00,2021-12-31 22:00:00+00:00,2108419.0,22.3167,114.1833,"Hong Kong SAR, China",East Asia & Pacific,High income,95.19927375677,0.0755934592131795,29410.910108233,6.45444409087024,-0.911776749148241,7060.09523809524,,36.4183373357438,6477.18228541366,1671.63130147382,0.4,85.5326829268293,,,5.98949153287008,777197.0,4.31720676722161,49770.5642374739,368954169748.818,100.0,7413100.0,100.161026837806,89.6756698895004,1050.0,230.1,0.0335860712252884,26.013098096959855,6.065084992083259,Élevé,Très urbain,Fossile,Moyenne,0,Post-COVID,OUI
HKG,HK,Kowloon,2021,o3,52.75169340463458,46.2,35.559268753716026,0.7,254.9,5049,2021-08-24 17:00:00+00:00,2021-12-31 22:00:00+00:00,2108419.0,22.3167,114.1833,"Hong Kong SAR, China",East Asia & Pacific,High income,95.19927375677,0.0755934592131795,29410.910108233,6.45444409087024,-0.911776749148241,7060.09523809524,,36.4183373357438,6477.18228541366,1671.63130147382,0.4,85.5326829268293,,,5.98949153287008,777197.0,4.31720676722161,49770.5642374739,368954169748.818,100.0,7413100.0,100.161026837806,89.6756698895004,1050.0,230.1,0.0335860712252884,26.013098096959855,6.065084992083259,Élevé,Très urbain,Fossile,Moyenne,0,Post-COVID,OUI
HKG,HK,Kowloon,2021,pm10,28.236912751677856,26.5,17.84809931129229,0.0,142.9,5066,2021-08-24 17:00:00+00:00,2021-12-31 22:00:00+00:00,2108419.0,22.3167,114.1833,"Hong Kong SAR, China",East Asia & Pacific,High income,95.19927375677,0.0755934592131795,29410.910108233,6.45444409087024,-0.911776749148241,7060.09523809524,,36.4183373357438,6477.18228541366,1671.63130147382,0.4,85.5326829268293,,,5.98949153287008,777197.0,4.31720676722161,49770.5642374739,368954169748.818,100.0,7413100.0,100.161026837806,89.6756698895004,1050.0,230.1,0.0335860712252884,26.013098096959855,6.065084992083259,Élevé,Très urbain,Fossile,Moyenne,0,Post-COVID,OUI
HKG,HK,Kowloon,2021,pm25,18.81413284877852,16.4,13.030259231274158,0.0,107.6,4953,2021-08-24 17:00:00+00:00,2021-12-31 22:00:00+00:00,2108419.0,22.3167,114.1833,"Hong Kong SAR, China",East Asia & Pacific,High income,95.19927375677,0.0755934592131795,29410.910108233,6.45444409087024,-0.911776749148241,7060.09523809524,,36.4183373357438,6477.18228541366,1671.63130147382,0.4,85.5326829268293,,,5.98949153287008,777197.0,4.31720676722161,49770.5642374739,368954169748.818,100.0,7413100.0,100.161026837806,89.6756698895004,1050.0,230.1,0.0335860712252884,26.013098096959855,6.065084992083259,Élevé,Très urbain,Fossile,Moyenne,0,Post-COVID,OUI
HKG,HK,Kowloon,2021,so2,3.2603084415584416,3.0,2.1270008053925715,0.0,15.2,2464,2021-08-24 17:00:00+00:00,2021-12-31 22:00:00+00:00,2108419.0,22.3167,114.1833,"Hong Kong SAR, China",East Asia & Pacific,High income,95.19927375677,0.0755934592131795,29410.910108233,6.45444409087024,-0.911776749148241,7060.09523809524,,36.4183373357438,6477.18228541366,1671.63130147382,0.4,85.5326829268293,,,5.98949153287008,777197.0,4.31720676722161,49770.5642374739,368954169748.818,100.0,7413100.0,100.161026837806,89.6756698895004,1050.0,230.1,0.0335860712252884,26.013098096959855,6.065084992083259,Élevé,Très urbain,Fossile,Moyenne,0,Post-COVID,OUI
HKG,HK,Kowloon,2022,co,434.10917025044273,420.2,193.1184532019909,0.0,999.4,7906,2022-01-01 00:00:00+00:00,2022-12-31 22:00:00+00:00,2108419.0,22.3167,114.1833,"Hong Kong SAR, China",East Asia & Pacific,High income,95.077640324963,0.0529019722182765,29025.4334096128,-3.68378414495199,-0.907914524343304,6996.28571428571,,35.2660885946201,6374.67499761778,1566.39613487602,,83.6609756097561,,,6.26265366403118,3407434.0,4.47682632905782,48825.8441873536,358679533984.718,100.0,7346100.0,106.185208398621,91.0667935459594,1050.0,,0.0320806343507599,,6.3155556362494565,Élevé,Très urbain,,Moyenne,0,Post-COVID,OUI
HKG,HK,Kowloon,2022,no2,63.29435736677116,58.2,32.80699502023191,7.9,289.4,7975,2022-01-01 00:00:00+00:00,2022-12-31 22:00:00+00:00,2108419.0,22.3167,114.1833,"Hong Kong SAR, China",East Asia & Pacific,High income,95.077640324963,0.0529019722182765,29025.4334096128,-3.68378414495199,-0.907914524343304,6996.28571428571,,35.2660885946201,6374.67499761778,1566.39613487602,,83.6609756097561,,,6.26265366403118,3407434.0,4.47682632905782,48825.8441873536,358679533984.718,100.0,7346100.0,106.185208398621,91.0667935459594,1050.0,,0.0320806343507599,,6.3155556362494565,Élevé,Très urbain,,Moyenne,0,Post-COVID,OUI
HKG,HK,Kowloon,2022,o3,52.0674047119773,44.9,39.4141826107168,0.0,374.6,16214,2022-01-01 00:00:00+00:00,2022-12-31 22:00:00+00:00,2108419.0,22.3167,114.1833,"Hong Kong SAR, China",East Asia & Pacific,High income,95.077640324963,0.0529019722182765,29025.4334096128,-3.68378414495199,-0.907914524343304,6996.28571428571,,35.2660885946201,6374.67499761778,1566.39613487602,,83.6609756097561,,,6.26265366403118,3407434.0,4.47682632905782,48825.8441873536,358679533984.718,100.0,7346100.0,106.185208398621,91.0667935459594,1050.0,,0.0320806343507599,,6.3155556362494565,Élevé,Très urbain,,Moyenne,0,Post-COVID,OUI
HKG,HK,Kowloon,2022,pm10,22.417240956468422,19.0,15.629781391117149,0.0,150.0,16310,2022-01-01 00:00:00+00:00,2022-12-31 22:00:00+00:00,2108419.0,22.3167,114.1833,"Hong Kong SAR, China",East Asia & Pacific,High income,95.077640324963,0.0529019722182765,29025.4334096128,-3.68378414495199,-0.907914524343304,6996.28571428571,,35.2660885946201,6374.67499761778,1566.39613487602,,83.6609756097561,,,6.26265366403118,3407434.0,4.47682632905782,48825.8441873536,358679533984.718,100.0,7346100.0,106.185208398621,91.0667935459594,1050.0,,0.0320806343507599,,6.3155556362494565,Élevé,Très urbain,,Moyenne,0,Post-COVID,OUI
HKG,HK,Kowloon,2022,pm25,14.680072556008144,11.7,11.043813862391836,0.0,109.8,15712,2022-01-01 00:00:00+00:00,2022-12-31 22:00:00+00:00,2108419.0,22.3167,114.1833,"Hong Kong SAR, China",East Asia & Pacific,High income,95.077640324963,0.0529019722182765,29025.4334096128,-3.68378414495199,-0.907914524343304,6996.28571428571,,35.2660885946201,6374.67499761778,1566.39613487602,,83.6609756097561,,,6.26265366403118,3407434.0,4.47682632905782,48825.8441873536,358679533984.718,100.0,7346100.0,106.185208398621,91.0667935459594,1050.0,,0.0320806343507599,,6.3155556362494565,Élevé,Très urbain,,Moyenne,0,Post-COVID,OUI
HKG,HK,Kowloon,2022,so2,3.333518075324348,3.0,1.9695761956690745,0.0,25.5,7939,2022-01-01 00:00:00+00:00,2022-12-31 22:00:00+00:00,2108419.0,22.3167,114.1833,"Hong Kong SAR, China",East Asia & Pacific,High income,95.077640324963,0.0529019722182765,29025.4334096128,-3.68378414495199,-0.907914524343304,6996.28571428571,,35.2660885946201,6374.67499761778,1566.39613487602,,83.6609756097561,,,6.26265366403118,3407434.0,4.47682632905782,48825.8441873536,358679533984.718,100.0,7346100.0,106.185208398621,91.0667935459594,1050.0,,0.0320806343507599,,6.3155556362494565,Élevé,Très urbain,,Moyenne,0,Post-COVID,OUI
HKG,HK,Kowloon,2023,co,476.0916638935108,465.75,147.90176301002853,1.0,994.8,6010,2023-01-01 00:00:00+00:00,2023-12-31 22:00:00+00:00,2108419.0,22.3167,114.1833,"Hong Kong SAR, China",East Asia & Pacific,High income,94.956006893156,0.0379096657245673,30227.5819457729,3.2238599613664,2.55352466697343,7177.2380952381,,,,,,85.2473170731707,,,6.277451826904,25704485.0,,50562.3633144379,381043026173.935,100.0,7536100.0,,91.3704729624644,1050.0,,,,6.315361492628567,Élevé,Très urbain,,Moyenne,0,Post-COVID,OUI
HKG,HK,Kowloon,2023,no2,66.37626892993842,63.6,31.498896784808547,0.1,247.1,6009,2023-01-01 00:00:00+00:00,2023-12-31 22:00:00+00:00,2108419.0,22.3167,114.1833,"Hong Kong SAR, China",East Asia & Pacific,High income,94.956006893156,0.0379096657245673,30227.5819457729,3.2238599613664,2.55352466697343,7177.2380952381,,,,,,85.2473170731707,,,6.277451826904,25704485.0,,50562.3633144379,381043026173.935,100.0,7536100.0,,91.3704729624644,1050.0,,,,6.315361492628567,Élevé,Très urbain,,Moyenne,0,Post-COVID,OUI
HKG,HK,Kowloon,2023,o3,50.7248917925684,45.7,31.57177573839021,3.2,343.7,12245,2023-01-01 00:00:00+00:00,2023-12-31 22:00:00+00:00,2108419.0,22.3167,114.1833,"Hong Kong SAR, China",East Asia & Pacific,High income,94.956006893156,0.0379096657245673,30227.5819457729,3.2238599613664,2.55352466697343,7177.2380952381,,,,,,85.2473170731707,,,6.277451826904,25704485.0,,50562.3633144379,381043026173.935,100.0,7536100.0,,91.3704729624644,1050.0,,,,6.315361492628567,Élevé,Très urbain,,Moyenne,0,Post-COVID,OUI
HKG,HK,Kowloon,2023,pm10,20.918834887907053,17.3,15.30016796830488,0.0,157.8,12222,2023-01-01 00:00:00+00:00,2023-12-31 22:00:00+00:00,2108419.0,22.3167,114.1833,"Hong Kong SAR, China",East Asia & Pacific,High income,94.956006893156,0.0379096657245673,30227.5819457729,3.2238599613664,2.55352466697343,7177.2380952381,,,,,,85.2473170731707,,,6.277451826904,25704485.0,,50562.3633144379,381043026173.935,100.0,7536100.0,,91.3704729624644,1050.0,,,,6.315361492628567,Élevé,Très urbain,,Moyenne,0,Post-COVID,OUI
HKG,HK,Kowloon,2023,pm25,13.6630903535574,11.4,9.91625944495,0.1,136.8,11455,2023-01-01 00:00:00+00:00,2023-12-31 22:00:00+00:00,2108419.0,22.3167,114.1833,"Hong Kong SAR, China",East Asia & Pacific,High income,94.956006893156,0.0379096657245673,30227.5819457729,3.2238599613664,2.55352466697343,7177.2380952381,,,,,,85.2473170731707,,,6.277451826904,25704485.0,,50562.3633144379,381043026173.935,100.0,7536100.0,,91.3704729624644,1050.0,,,,6.315361492628567,Élevé,Très urbain,,Moyenne,0,Post-COVID,OUI
HKG,HK,Kowloon,2023,so2,4.866644551335213,4.5,2.0162158729813777,1.5,25.2,6029,2023-01-01 00:00:00+00:00,2023-12-31 22:00:00+00:00,2108419.0,22.3167,114.1833,"Hong Kong SAR, China",East Asia & Pacific,High income,94.956006893156,0.0379096657245673,30227.5819457729,3.2238599613664,2.55352466697343,7177.2380952381,,,,,,85.2473170731707,,,6.277451826904,25704485.0,,50562.3633144379,381043026173.935,100.0,7536100.0,,91.3704729624644,1050.0,,,,6.315361492628567,Élevé,Très urbain,,Moyenne,0,Post-COVID,OUI
HRV,HR,Zagreb,2019,co,408.82272603113904,400.0,313.9409930615776,0.0,2600.0,7322,2019-01-01 11:00:00+00:00,2019-12-31 22:00:00+00:00,767131.0,45.8131,15.9772,Croatia,Europe & Central Asia,High income,95.7669528953151,2.85685404932209,8555.64515038162,3.10152683894853,-0.618464154693749,70.5701879779859,0.672,12.8448275862069,4363.71186436386,2173.19836034448,31.6,78.2243902439024,34.6045672217854,28.9,19.5762975915854,2108591.0,13.0015673981191,15563.5987295029,61466721186.3116,56.303247958306,3949390.0,105.13597869873,59.1672514515504,55964.0,2617.0,0.13962443864519,0.3940131161413159,22.433151640907493,Moyen-Élevé,Semi-urbain,Mixte-Renouvelable,Petite,0,Pre-COVID,OUI
HRV,HR,Zagreb,2019,no2,20.693416115166816,15.4,18.048501104040746,0.0,144.3,14657,2019-01-01 11:00:00+00:00,2019-12-31 22:00:00+00:00,767131.0,45.8131,15.9772,Croatia,Europe & Central Asia,High income,95.7669528953151,2.85685404932209,8555.64515038162,3.10152683894853,-0.618464154693749,70.5701879779859,0.672,12.8448275862069,4363.71186436386,2173.19836034448,31.6,78.2243902439024,34.6045672217854,28.9,19.5762975915854,2108591.0,13.0015673981191,15563.5987295029,61466721186.3116,56.303247958306,3949390.0,105.13597869873,59.1672514515504,55964.0,2617.0,0.13962443864519,0.3940131161413159,22.433151640907493,Moyen-Élevé,Semi-urbain,Mixte-Renouvelable,Petite,0,Pre-COVID,OUI
HRV,HR,Zagreb,2019,o3,52.09471458773785,46.3,34.530027578249474,0.3,178.1,14663,2019-01-01 11:00:00+00:00,2019-12-31 22:00:00+00:00,767131.0,45.8131,15.9772,Croatia,Europe & Central Asia,High income,95.7669528953151,2.85685404932209,8555.64515038162,3.10152683894853,-0.618464154693749,70.5701879779859,0.672,12.8448275862069,4363.71186436386,2173.19836034448,31.6,78.2243902439024,34.6045672217854,28.9,19.5762975915854,2108591.0,13.0015673981191,15563.5987295029,61466721186.3116,56.303247958306,3949390.0,105.13597869873,59.1672514515504,55964.0,2617.0,0.13962443864519,0.3940131161413159,22.433151640907493,Moyen-Élevé,Semi-urbain,Mixte-Renouvelable,Petite,0,Pre-COVID,OUI
HRV,HR,Zagreb,2019,pm10,26.387669195299715,19.7,22.21384073028624,0.2,365.7,6723,2019-01-01 13:00:00+00:00,2019-12-31 22:00:00+00:00,767131.0,45.8131,15.9772,Croatia,Europe & Central Asia,High income,95.7669528953151,2.85685404932209,8555.64515038162,3.10152683894853,-0.618464154693749,70.5701879779859,0.672,12.8448275862069,4363.71186436386,2173.19836034448,31.6,78.2243902439024,34.6045672217854,28.9,19.5762975915854,2108591.0,13.0015673981191,15563.5987295029,61466721186.3116,56.303247958306,3949390.0,105.13597869873,59.1672514515504,55964.0,2617.0,0.13962443864519,0.3940131161413159,22.433151640907493,Moyen-Élevé,Semi-urbain,Mixte-Renouvelable,Petite,0,Pre-COVID,OUI
HRV,HR,Zagreb,2019,so2,10.73288080369264,11.9,10.166640042719491,0.3,487.2,7366,2019-01-01 11:00:00+00:00,2019-12-31 22:00:00+00:00,767131.0,45.8131,15.9772,Croatia,Europe & Central Asia,High income,95.7669528953151,2.85685404932209,8555.64515038162,3.10152683894853,-0.618464154693749,70.5701879779859,0.672,12.8448275862069,4363.71186436386,2173.19836034448,31.6,78.2243902439024,34.6045672217854,28.9,19.5762975915854,2108591.0,13.0015673981191,15563.5987295029,61466721186.3116,56.303247958306,3949390.0,105.13597869873,59.1672514515504,55964.0,2617.0,0.13962443864519,0.3940131161413159,22.433151640907493,Moyen-Élevé,Semi-urbain,Mixte-Renouvelable,Petite,0,Pre-COVID,OUI
HRV,HR,Zagreb,2020,co,221.89830508474577,100.0,392.8869892219506,0.0,3600.0,5900,2020-01-01 01:00:00+00:00,2020-12-31 22:00:00+00:00,767131.0,45.8131,15.9772,Croatia,Europe & Central Asia,High income,95.7800263365526,3.12863387052829,8186.31549709768,-8.31086401501189,-0.495641953143935,69.946497498213,0.658,9.07732536421367,4164.06290317883,2104.84530641676,32.4,77.5243902439024,34.6517155110793,29.5,20.0965004802369,608458.0,12.8875607022787,14807.5608543265,57959843541.3699,56.5284863367411,3914206.0,105.585418701172,59.5396469292915,55960.0,2617.0,0.1421370602533469,0.2717762085093914,23.22513435076519,Moyen-Faible,Semi-urbain,Mixte-Renouvelable,Petite,1,COVID,OUI
HRV,HR,Zagreb,2020,no2,18.734850596067503,12.5,18.70542592168484,0.0,225.8,12918,2020-01-01 00:00:00+00:00,2020-12-31 22:00:00+00:00,767131.0,45.8131,15.9772,Croatia,Europe & Central Asia,High income,95.7800263365526,3.12863387052829,8186.31549709768,-8.31086401501189,-0.495641953143935,69.946497498213,0.658,9.07732536421367,4164.06290317883,2104.84530641676,32.4,77.5243902439024,34.6517155110793,29.5,20.0965004802369,608458.0,12.8875607022787,14807.5608543265,57959843541.3699,56.5284863367411,3914206.0,105.585418701172,59.5396469292915,55960.0,2617.0,0.1421370602533469,0.2717762085093914,23.22513435076519,Moyen-Faible,Semi-urbain,Mixte-Renouvelable,Petite,1,COVID,OUI
HRV,HR,Zagreb,2020,o3,51.2406963931536,48.2,35.17318808439796,0.3,164.3,13613,2020-01-01 00:00:00+00:00,2020-12-31 22:00:00+00:00,767131.0,45.8131,15.9772,Croatia,Europe & Central Asia,High income,95.7800263365526,3.12863387052829,8186.31549709768,-8.31086401501189,-0.495641953143935,69.946497498213,0.658,9.07732536421367,4164.06290317883,2104.84530641676,32.4,77.5243902439024,34.6517155110793,29.5,20.0965004802369,608458.0,12.8875607022787,14807.5608543265,57959843541.3699,56.5284863367411,3914206.0,105.585418701172,59.5396469292915,55960.0,2617.0,0.1421370602533469,0.2717762085093914,23.22513435076519,Moyen-Faible,Semi-urbain,Mixte-Renouvelable,Petite,1,COVID,OUI
HRV,HR,Zagreb,2020,pm10,28.746235903687896,18.7,32.100265140717724,0.0,440.1,6562,2020-01-01 00:00:00+00:00,2020-12-31 22:00:00+00:00,767131.0,45.8131,15.9772,Croatia,Europe & Central Asia,High income,95.7800263365526,3.12863387052829,8186.31549709768,-8.31086401501189,-0.495641953143935,69.946497498213,0.658,9.07732536421367,4164.06290317883,2104.84530641676,32.4,77.5243902439024,34.6517155110793,29.5,20.0965004802369,608458.0,12.8875607022787,14807.5608543265,57959843541.3699,56.5284863367411,3914206.0,105.585418701172,59.5396469292915,55960.0,2617.0,0.1421370602533469,0.2717762085093914,23.22513435076519,Moyen-Faible,Semi-urbain,Mixte-Renouvelable,Petite,1,COVID,OUI
HRV,HR,Zagreb,2020,so2,4.712501917472005,4.3,1.8090076301586144,2.6,40.3,6519,2020-01-01 00:00:00+00:00,2020-12-31 22:00:00+00:00,767131.0,45.8131,15.9772,Croatia,Europe & Central Asia,High income,95.7800263365526,3.12863387052829,8186.31549709768,-8.31086401501189,-0.495641953143935,69.946497498213,0.658,9.07732536421367,4164.06290317883,2104.84530641676,32.4,77.5243902439024,34.6517155110793,29.5,20.0965004802369,608458.0,12.8875607022787,14807.5608543265,57959843541.3699,56.5284863367411,3914206.0,105.585418701172,59.5396469292915,55960.0,2617.0,0.1421370602533469,0.2717762085093914,23.22513435076519,Moyen-Faible,Semi-urbain,Mixte-Renouvelable,Petite,1,COVID,OUI
HRV,HR,Zagreb,2021,co,342.05128205128204,300.0,310.4432486075087,0.0,2900.0,6045,2021-01-01 00:00:00+00:00,2021-12-31 21:00:00+00:00,767131.0,45.8131,15.9772,Croatia,Europe & Central Asia,High income,95.7936994032533,3.35973327348871,9148.51379020563,12.6322190351024,-0.480534599299897,69.3170300214439,0.665,9.57264957264957,4506.59593331341,2212.49721053261,34.1,76.4243902439025,34.6963902787706,28.9,19.585411788668,767762.0,11.1111111111111,17788.7865816658,69002365163.3368,56.7683502560171,3878981.0,105.876342773438,59.0487094350997,55960.0,2617.0,0.1243689574563426,0.2727250590498453,22.945145062156712,Moyen-Élevé,Semi-urbain,Mixte-Renouvelable,Petite,0,Post-COVID,OUI
HRV,HR,Zagreb,2021,no2,23.52831071595695,18.6,18.681299375429575,0.8,348.1,12822,2021-01-01 00:00:00+00:00,2021-12-31 21:00:00+00:00,767131.0,45.8131,15.9772,Croatia,Europe & Central Asia,High income,95.7936994032533,3.35973327348871,9148.51379020563,12.6322190351024,-0.480534599299897,69.3170300214439,0.665,9.57264957264957,4506.59593331341,2212.49721053261,34.1,76.4243902439025,34.6963902787706,28.9,19.585411788668,767762.0,11.1111111111111,17788.7865816658,69002365163.3368,56.7683502560171,3878981.0,105.876342773438,59.0487094350997,55960.0,2617.0,0.1243689574563426,0.2727250590498453,22.945145062156712,Moyen-Élevé,Semi-urbain,Mixte-Renouvelable,Petite,0,Post-COVID,OUI
HRV,HR,Zagreb,2021,o3,41.97988279744005,35.6,33.09694714547293,0.1,151.1,12969,2021-01-01 00:00:00+00:00,2021-12-31 21:00:00+00:00,767131.0,45.8131,15.9772,Croatia,Europe & Central Asia,High income,95.7936994032533,3.35973327348871,9148.51379020563,12.6322190351024,-0.480534599299897,69.3170300214439,0.665,9.57264957264957,4506.59593331341,2212.49721053261,34.1,76.4243902439025,34.6963902787706,28.9,19.585411788668,767762.0,11.1111111111111,17788.7865816658,69002365163.3368,56.7683502560171,3878981.0,105.876342773438,59.0487094350997,55960.0,2617.0,0.1243689574563426,0.2727250590498453,22.945145062156712,Moyen-Élevé,Semi-urbain,Mixte-Renouvelable,Petite,0,Post-COVID,OUI
HRV,HR,Zagreb,2021,pm10,34.956506132216575,27.9,26.410082535534983,0.6,511.5,6686,2021-01-01 00:00:00+00:00,2021-12-31 21:00:00+00:00,767131.0,45.8131,15.9772,Croatia,Europe & Central Asia,High income,95.7936994032533,3.35973327348871,9148.51379020563,12.6322190351024,-0.480534599299897,69.3170300214439,0.665,9.57264957264957,4506.59593331341,2212.49721053261,34.1,76.4243902439025,34.6963902787706,28.9,19.585411788668,767762.0,11.1111111111111,17788.7865816658,69002365163.3368,56.7683502560171,3878981.0,105.876342773438,59.0487094350997,55960.0,2617.0,0.1243689574563426,0.2727250590498453,22.945145062156712,Moyen-Élevé,Semi-urbain,Mixte-Renouvelable,Petite,0,Post-COVID,OUI
HRV,HR,Zagreb,2021,so2,8.997091948226592,7.3,3.918535773867585,0.0,46.2,5949,2021-01-01 00:00:00+00:00,2021-12-31 21:00:00+00:00,767131.0,45.8131,15.9772,Croatia,Europe & Central Asia,High income,95.7936994032533,3.35973327348871,9148.51379020563,12.6322190351024,-0.480534599299897,69.3170300214439,0.665,9.57264957264957,4506.59593331341,2212.49721053261,34.1,76.4243902439025,34.6963902787706,28.9,19.585411788668,767762.0,11.1111111111111,17788.7865816658,69002365163.3368,56.7683502560171,3878981.0,105.876342773438,59.0487094350997,55960.0,2617.0,0.1243689574563426,0.2727250590498453,22.945145062156712,Moyen-Élevé,Semi-urbain,Mixte-Renouvelable,Petite,0,Post-COVID,OUI
HRV,HR,Zagreb,2022,co,283.7756237088829,200.0,306.3155663509754,0.0,3000.0,6293,2022-01-01 00:00:00+00:00,2022-12-29 06:00:00+00:00,767131.0,45.8131,15.9772,Croatia,Europe & Central Asia,High income,,3.39322387924406,9838.05305995884,7.29445343642668,-0.200242676400383,68.8999463902788,0.679,10.9563994374121,4475.52041281852,2154.95483266747,,77.5756097560976,34.7410650464618,30.0,20.0657707482195,1404393.0,11.6666666666667,18465.5414420364,71196498671.1145,56.9977571733605,3855641.0,105.577796936035,59.815512353154,55960.0,,0.1166950963412146,,23.45899462746356,Moyen-Élevé,Semi-urbain,,Petite,0,Post-COVID,OUI
HRV,HR,Zagreb,2022,no2,20.389284240072648,14.9,17.09317125032282,0.0,120.4,12113,2022-01-01 00:00:00+00:00,2022-12-31 22:00:00+00:00,767131.0,45.8131,15.9772,Croatia,Europe & Central Asia,High income,,3.39322387924406,9838.05305995884,7.29445343642668,-0.200242676400383,68.8999463902788,0.679,10.9563994374121,4475.52041281852,2154.95483266747,,77.5756097560976,34.7410650464618,30.0,20.0657707482195,1404393.0,11.6666666666667,18465.5414420364,71196498671.1145,56.9977571733605,3855641.0,105.577796936035,59.815512353154,55960.0,,0.1166950963412146,,23.45899462746356,Moyen-Élevé,Semi-urbain,,Petite,0,Post-COVID,OUI
HRV,HR,Zagreb,2022,o3,43.03203240577668,36.0,35.707426957467305,0.0,212.8,14195,2022-01-01 00:00:00+00:00,2022-12-31 22:00:00+00:00,767131.0,45.8131,15.9772,Croatia,Europe & Central Asia,High income,,3.39322387924406,9838.05305995884,7.29445343642668,-0.200242676400383,68.8999463902788,0.679,10.9563994374121,4475.52041281852,2154.95483266747,,77.5756097560976,34.7410650464618,30.0,20.0657707482195,1404393.0,11.6666666666667,18465.5414420364,71196498671.1145,56.9977571733605,3855641.0,105.577796936035,59.815512353154,55960.0,,0.1166950963412146,,23.45899462746356,Moyen-Élevé,Semi-urbain,,Petite,0,Post-COVID,OUI
HRV,HR,Zagreb,2022,pm10,34.47885017421603,25.6,27.00184098525671,1.9,211.9,2870,2022-01-01 00:00:00+00:00,2022-06-07 07:00:00+00:00,767131.0,45.8131,15.9772,Croatia,Europe & Central Asia,High income,,3.39322387924406,9838.05305995884,7.29445343642668,-0.200242676400383,68.8999463902788,0.679,10.9563994374121,4475.52041281852,2154.95483266747,,77.5756097560976,34.7410650464618,30.0,20.0657707482195,1404393.0,11.6666666666667,18465.5414420364,71196498671.1145,56.9977571733605,3855641.0,105.577796936035,59.815512353154,55960.0,,0.1166950963412146,,23.45899462746356,Moyen-Élevé,Semi-urbain,,Petite,0,Post-COVID,OUI
HRV,HR,Zagreb,2022,so2,7.979148822269807,5.1,5.760566303021765,1.6,30.9,7472,2022-01-01 00:00:00+00:00,2022-12-29 06:00:00+00:00,767131.0,45.8131,15.9772,Croatia,Europe & Central Asia,High income,,3.39322387924406,9838.05305995884,7.29445343642668,-0.200242676400383,68.8999463902788,0.679,10.9563994374121,4475.52041281852,2154.95483266747,,77.5756097560976,34.7410650464618,30.0,20.0657707482195,1404393.0,11.6666666666667,18465.5414420364,71196498671.1145,56.9977571733605,3855641.0,105.577796936035,59.815512353154,55960.0,,0.1166950963412146,,23.45899462746356,Moyen-Élevé,Semi-urbain,,Petite,0,Post-COVID,OUI
HRV,HR,Zagreb,2023,co,366.9962495738152,300.0,383.9841210757509,0.0,2200.0,2933,2023-01-16 18:00:00+00:00,2023-12-31 22:00:00+00:00,767131.0,45.8131,15.9772,Croatia,Europe & Central Asia,High income,,2.68395350714236,10149.3995716333,3.76164540703459,0.534464919585319,68.9722301644031,,7.55373125819509,4484.04352063873,2237.23369863861,,78.4731707317073,34.785739814153,30.1,21.1543842881963,1670012.0,10.33008380366,22184.2279304842,85624153964.0987,57.2431560672198,3859686.0,105.025161743164,59.8263852879851,55960.0,,0.1008433947872349,,23.83833779533866,Moyen-Élevé,Semi-urbain,,Petite,0,Post-COVID,OUI
HRV,HR,Zagreb,2023,no2,22.185065223178636,16.5,19.594222804502422,0.0,182.8,11269,2023-01-01 01:00:00+00:00,2023-12-31 22:00:00+00:00,767131.0,45.8131,15.9772,Croatia,Europe & Central Asia,High income,,2.68395350714236,10149.3995716333,3.76164540703459,0.534464919585319,68.9722301644031,,7.55373125819509,4484.04352063873,2237.23369863861,,78.4731707317073,34.785739814153,30.1,21.1543842881963,1670012.0,10.33008380366,22184.2279304842,85624153964.0987,57.2431560672198,3859686.0,105.025161743164,59.8263852879851,55960.0,,0.1008433947872349,,23.83833779533866,Moyen-Élevé,Semi-urbain,,Petite,0,Post-COVID,OUI
HRV,HR,Zagreb,2023,o3,40.337760991342726,34.2,32.067944761770335,0.0,158.3,11782,2023-01-01 00:00:00+00:00,2023-12-31 22:00:00+00:00,767131.0,45.8131,15.9772,Croatia,Europe & Central Asia,High income,,2.68395350714236,10149.3995716333,3.76164540703459,0.534464919585319,68.9722301644031,,7.55373125819509,4484.04352063873,2237.23369863861,,78.4731707317073,34.785739814153,30.1,21.1543842881963,1670012.0,10.33008380366,22184.2279304842,85624153964.0987,57.2431560672198,3859686.0,105.025161743164,59.8263852879851,55960.0,,0.1008433947872349,,23.83833779533866,Moyen-Élevé,Semi-urbain,,Petite,0,Post-COVID,OUI
HRV,HR,Zagreb,2023,so2,2.635855855855856,1.5,4.084962944448024,0.0,69.4,2775,2023-01-16 18:00:00+00:00,2023-12-31 22:00:00+00:00,767131.0,45.8131,15.9772,Croatia,Europe & Central Asia,High income,,2.68395350714236,10149.3995716333,3.76164540703459,0.534464919585319,68.9722301644031,,7.55373125819509,4484.04352063873,2237.23369863861,,78.4731707317073,34.785739814153,30.1,21.1543842881963,1670012.0,10.33008380366,22184.2279304842,85624153964.0987,57.2431560672198,3859686.0,105.025161743164,59.8263852879851,55960.0,,0.1008433947872349,,23.83833779533866,Moyen-Élevé,Semi-urbain,,Petite,0,Post-COVID,OUI
HUN,HU,Budapest,2019,co,315.98396644177427,226.325,1993.071684223946,0.0,175732.6,7823,2019-01-01 09:00:00+00:00,2019-12-31 22:00:00+00:00,1686222.0,47.4983,19.0408,Hungary,Europe & Central Asia,High income,97.9861309569959,3.32505112170721,7683.82042567074,5.07718495088933,-0.145941347427049,106.233004602235,4.463075,12.2014522761074,4495.49161490709,2749.24131881139,13.6,76.3195121951219,22.5122726276572,,24.6337376234071,39803373.0,9.60018663789332,17012.8598553199,164936682033.992,70.4565277099609,9694824.0,102.561637878418,56.5905221339387,91260.0,7587.7,0.1615883369317725,0.8357159093224247,27.958788745114312,Moyen-Élevé,Urbain,Mixte-Fossile,Moyenne,0,Pre-COVID,OUI
HUN,HU,Budapest,2019,no2,19.7099005054602,14.6603,16.22562867178119,0.0,144.5065,15439,2019-01-01 09:00:00+00:00,2019-12-31 22:00:00+00:00,1686222.0,47.4983,19.0408,Hungary,Europe & Central Asia,High income,97.9861309569959,3.32505112170721,7683.82042567074,5.07718495088933,-0.145941347427049,106.233004602235,4.463075,12.2014522761074,4495.49161490709,2749.24131881139,13.6,76.3195121951219,22.5122726276572,,24.6337376234071,39803373.0,9.60018663789332,17012.8598553199,164936682033.992,70.4565277099609,9694824.0,102.561637878418,56.5905221339387,91260.0,7587.7,0.1615883369317725,0.8357159093224247,27.958788745114312,Moyen-Élevé,Urbain,Mixte-Fossile,Moyenne,0,Pre-COVID,OUI
HUN,HU,Budapest,2019,o3,51.60224414976352,48.069225,35.736211941190525,0.0,234.9269795,7823,2019-01-01 09:00:00+00:00,2019-12-31 22:00:00+00:00,1686222.0,47.4983,19.0408,Hungary,Europe & Central Asia,High income,97.9861309569959,3.32505112170721,7683.82042567074,5.07718495088933,-0.145941347427049,106.233004602235,4.463075,12.2014522761074,4495.49161490709,2749.24131881139,13.6,76.3195121951219,22.5122726276572,,24.6337376234071,39803373.0,9.60018663789332,17012.8598553199,164936682033.992,70.4565277099609,9694824.0,102.561637878418,56.5905221339387,91260.0,7587.7,0.1615883369317725,0.8357159093224247,27.958788745114312,Moyen-Élevé,Urbain,Mixte-Fossile,Moyenne,0,Pre-COVID,OUI
HUN,HU,Budapest,2019,so2,3.024853634850677,2.496475,6.675485980102169,0.0,483.5927,7601,2019-01-01 09:00:00+00:00,2019-12-31 22:00:00+00:00,1686222.0,47.4983,19.0408,Hungary,Europe & Central Asia,High income,97.9861309569959,3.32505112170721,7683.82042567074,5.07718495088933,-0.145941347427049,106.233004602235,4.463075,12.2014522761074,4495.49161490709,2749.24131881139,13.6,76.3195121951219,22.5122726276572,,24.6337376234071,39803373.0,9.60018663789332,17012.8598553199,164936682033.992,70.4565277099609,9694824.0,102.561637878418,56.5905221339387,91260.0,7587.7,0.1615883369317725,0.8357159093224247,27.958788745114312,Moyen-Élevé,Urbain,Mixte-Fossile,Moyenne,0,Pre-COVID,OUI
HUN,HU,Budapest,2020,co,434.96419675850166,438.44125,202.26520420068812,15.2380375,1838.435,7181,2020-01-01 00:00:00+00:00,2020-12-31 22:00:00+00:00,1686222.0,47.4983,19.0408,Hungary,Europe & Central Asia,High income,97.9837062795673,3.36254685371176,7613.94622187315,-4.33872540024058,-0.486215475310381,105.965581854043,4.4814,10.9533352419124,4494.94484158339,2713.17923384455,14.8,75.419512195122,22.4962743808898,,24.3596848911298,14597294.0,8.98654451760664,16386.9308821258,158468487754.196,70.2917327880859,9670419.0,101.993041992188,56.7924026680508,91260.0,7587.7,0.1655595970815202,0.6932490659438227,27.72223174484156,Moyen-Élevé,Urbain,Mixte-Fossile,Moyenne,1,COVID,OUI
HUN,HU,Budapest,2020,no2,18.3063390916288,14.157285,14.558261521068026,0.2549333,109.2153,14084,2020-01-01 00:00:00+00:00,2020-12-31 22:00:00+00:00,1686222.0,47.4983,19.0408,Hungary,Europe & Central Asia,High income,97.9837062795673,3.36254685371176,7613.94622187315,-4.33872540024058,-0.486215475310381,105.965581854043,4.4814,10.9533352419124,4494.94484158339,2713.17923384455,14.8,75.419512195122,22.4962743808898,,24.3596848911298,14597294.0,8.98654451760664,16386.9308821258,158468487754.196,70.2917327880859,9670419.0,101.993041992188,56.7924026680508,91260.0,7587.7,0.1655595970815202,0.6932490659438227,27.72223174484156,Moyen-Élevé,Urbain,Mixte-Fossile,Moyenne,1,COVID,OUI
HUN,HU,Budapest,2020,o3,48.9237385331427,44.993725,31.951239381203777,1.1945903,191.09481,7169,2020-01-01 00:00:00+00:00,2020-12-31 22:00:00+00:00,1686222.0,47.4983,19.0408,Hungary,Europe & Central Asia,High income,97.9837062795673,3.36254685371176,7613.94622187315,-4.33872540024058,-0.486215475310381,105.965581854043,4.4814,10.9533352419124,4494.94484158339,2713.17923384455,14.8,75.419512195122,22.4962743808898,,24.3596848911298,14597294.0,8.98654451760664,16386.9308821258,158468487754.196,70.2917327880859,9670419.0,101.993041992188,56.7924026680508,91260.0,7587.7,0.1655595970815202,0.6932490659438227,27.72223174484156,Moyen-Élevé,Urbain,Mixte-Fossile,Moyenne,1,COVID,OUI
HUN,HU,Budapest,2020,pm25,11.774540913477146,10.225525,7.691110699187955,0.585,54.55951,4682,2020-04-26 12:00:00+00:00,2020-12-31 22:00:00+00:00,1686222.0,47.4983,19.0408,Hungary,Europe & Central Asia,High income,97.9837062795673,3.36254685371176,7613.94622187315,-4.33872540024058,-0.486215475310381,105.965581854043,4.4814,10.9533352419124,4494.94484158339,2713.17923384455,14.8,75.419512195122,22.4962743808898,,24.3596848911298,14597294.0,8.98654451760664,16386.9308821258,158468487754.196,70.2917327880859,9670419.0,101.993041992188,56.7924026680508,91260.0,7587.7,0.1655595970815202,0.6932490659438227,27.72223174484156,Moyen-Élevé,Urbain,Mixte-Fossile,Moyenne,1,COVID,OUI
HUN,HU,Budapest,2020,so2,3.8039327683627695,3.3916885,3.4091226037639726,0.7339917,235.0927,7134,2020-01-01 00:00:00+00:00,2020-12-31 22:00:00+00:00,1686222.0,47.4983,19.0408,Hungary,Europe & Central Asia,High income,97.9837062795673,3.36254685371176,7613.94622187315,-4.33872540024058,-0.486215475310381,105.965581854043,4.4814,10.9533352419124,4494.94484158339,2713.17923384455,14.8,75.419512195122,22.4962743808898,,24.3596848911298,14597294.0,8.98654451760664,16386.9308821258,158468487754.196,70.2917327880859,9670419.0,101.993041992188,56.7924026680508,91260.0,7587.7,0.1655595970815202,0.6932490659438227,27.72223174484156,Moyen-Élevé,Urbain,Mixte-Fossile,Moyenne,1,COVID,OUI
HUN,HU,Budapest,2021,co,603.2501630769231,542.27835,222.2339881528016,335.986,1776.21075,455,2021-01-01 00:00:00+00:00,2021-01-22 09:00:00+00:00,1686222.0,47.4983,19.0408,Hungary,Europe & Central Asia,High income,97.9812382429156,3.45755919325803,7995.10692699031,7.22291580811137,-0.53130926026005,105.532895025203,4.4689,8.59634551495017,4757.79498806554,2850.7057950255,15.3,74.0658536585366,22.4803495507342,,23.8976973303284,20127200.0,8.44961240310078,19030.628130329,183282685440.486,70.2059275331413,9630932.0,99.6950988769531,57.3674994014629,91260.0,8037.0,0.14978780456952,0.5273831604263908,27.355256523586423,Moyen-Élevé,Urbain,Mixte-Fossile,Moyenne,0,Post-COVID,OUI
HUN,HU,Budapest,2021,no2,20.34626675128809,15.8354,14.775949114569553,0.5247378,107.123,13586,2021-01-01 00:00:00+00:00,2021-12-31 22:00:00+00:00,1686222.0,47.4983,19.0408,Hungary,Europe & Central Asia,High income,97.9812382429156,3.45755919325803,7995.10692699031,7.22291580811137,-0.53130926026005,105.532895025203,4.4689,8.59634551495017,4757.79498806554,2850.7057950255,15.3,74.0658536585366,22.4803495507342,,23.8976973303284,20127200.0,8.44961240310078,19030.628130329,183282685440.486,70.2059275331413,9630932.0,99.6950988769531,57.3674994014629,91260.0,8037.0,0.14978780456952,0.5273831604263908,27.355256523586423,Moyen-Élevé,Urbain,Mixte-Fossile,Moyenne,0,Post-COVID,OUI
HUN,HU,Budapest,2021,o3,47.98411828561581,46.08669875,31.50431994050328,1.168642,167.14715,6528,2021-01-01 00:00:00+00:00,2021-12-31 22:00:00+00:00,1686222.0,47.4983,19.0408,Hungary,Europe & Central Asia,High income,97.9812382429156,3.45755919325803,7995.10692699031,7.22291580811137,-0.53130926026005,105.532895025203,4.4689,8.59634551495017,4757.79498806554,2850.7057950255,15.3,74.0658536585366,22.4803495507342,,23.8976973303284,20127200.0,8.44961240310078,19030.628130329,183282685440.486,70.2059275331413,9630932.0,99.6950988769531,57.3674994014629,91260.0,8037.0,0.14978780456952,0.5273831604263908,27.355256523586423,Moyen-Élevé,Urbain,Mixte-Fossile,Moyenne,0,Post-COVID,OUI
HUN,HU,Budapest,2021,pm25,17.299855462778485,12.58253,108.6066910245255,0.585,6354.917,6284,2021-01-01 00:00:00+00:00,2021-12-31 22:00:00+00:00,1686222.0,47.4983,19.0408,Hungary,Europe & Central Asia,High income,97.9812382429156,3.45755919325803,7995.10692699031,7.22291580811137,-0.53130926026005,105.532895025203,4.4689,8.59634551495017,4757.79498806554,2850.7057950255,15.3,74.0658536585366,22.4803495507342,,23.8976973303284,20127200.0,8.44961240310078,19030.628130329,183282685440.486,70.2059275331413,9630932.0,99.6950988769531,57.3674994014629,91260.0,8037.0,0.14978780456952,0.5273831604263908,27.355256523586423,Moyen-Élevé,Urbain,Mixte-Fossile,Moyenne,0,Post-COVID,OUI
HUN,HU,Budapest,2021,so2,3.8337239723792695,3.575436,1.818714957981453,0.7080494,40.90116,6792,2021-01-01 00:00:00+00:00,2021-12-31 22:00:00+00:00,1686222.0,47.4983,19.0408,Hungary,Europe & Central Asia,High income,97.9812382429156,3.45755919325803,7995.10692699031,7.22291580811137,-0.53130926026005,105.532895025203,4.4689,8.59634551495017,4757.79498806554,2850.7057950255,15.3,74.0658536585366,22.4803495507342,,23.8976973303284,20127200.0,8.44961240310078,19030.628130329,183282685440.486,70.2059275331413,9630932.0,99.6950988769531,57.3674994014629,91260.0,8037.0,0.14978780456952,0.5273831604263908,27.355256523586423,Moyen-Élevé,Urbain,Mixte-Fossile,Moyenne,0,Post-COVID,OUI
HUN,HU,Budapest,2022,no2,20.24290250028428,15.504195,14.935671030158083,0.1664148,126.7756,13367,2022-01-01 00:00:00+00:00,2022-12-31 22:00:00+00:00,1686222.0,47.4983,19.0408,Hungary,Europe & Central Asia,High income,97.9787350415865,3.14310033852095,8582.03686282104,4.15238057779229,-0.336423442754276,105.249550734166,4.69482,8.55842015586157,4702.93097169267,2672.86765529203,,75.8682926829268,22.4643754109139,,24.2330845363481,41287305.0,7.76793944303232,18428.028825614,177002580544.155,70.1585064243445,9605074.0,102.908576965332,57.6155871264755,91260.0,,0.1450357303460877,,27.376184874869047,Moyen-Élevé,Urbain,,Moyenne,0,Post-COVID,OUI
HUN,HU,Budapest,2022,o3,45.75579778942603,44.0668575,30.786647920603613,1.2730046,148.30115,5854,2022-01-01 00:00:00+00:00,2022-12-31 22:00:00+00:00,1686222.0,47.4983,19.0408,Hungary,Europe & Central Asia,High income,97.9787350415865,3.14310033852095,8582.03686282104,4.15238057779229,-0.336423442754276,105.249550734166,4.69482,8.55842015586157,4702.93097169267,2672.86765529203,,75.8682926829268,22.4643754109139,,24.2330845363481,41287305.0,7.76793944303232,18428.028825614,177002580544.155,70.1585064243445,9605074.0,102.908576965332,57.6155871264755,91260.0,,0.1450357303460877,,27.376184874869047,Moyen-Élevé,Urbain,,Moyenne,0,Post-COVID,OUI
HUN,HU,Budapest,2022,pm10,7.271254766666666,7.0247823,0.4468835474030826,7.00188,7.787102,3,2022-10-04 16:00:00+00:00,2022-10-04 18:00:00+00:00,1686222.0,47.4983,19.0408,Hungary,Europe & Central Asia,High income,97.9787350415865,3.14310033852095,8582.03686282104,4.15238057779229,-0.336423442754276,105.249550734166,4.69482,8.55842015586157,4702.93097169267,2672.86765529203,,75.8682926829268,22.4643754109139,,24.2330845363481,41287305.0,7.76793944303232,18428.028825614,177002580544.155,70.1585064243445,9605074.0,102.908576965332,57.6155871264755,91260.0,,0.1450357303460877,,27.376184874869047,Moyen-Élevé,Urbain,,Moyenne,0,Post-COVID,OUI
HUN,HU,Budapest,2022,pm25,10.595825646219035,8.599600500000001,10.551934206252142,0.585,376.7912,6136,2022-01-01 00:00:00+00:00,2022-12-02 10:00:00+00:00,1686222.0,47.4983,19.0408,Hungary,Europe & Central Asia,High income,97.9787350415865,3.14310033852095,8582.03686282104,4.15238057779229,-0.336423442754276,105.249550734166,4.69482,8.55842015586157,4702.93097169267,2672.86765529203,,75.8682926829268,22.4643754109139,,24.2330845363481,41287305.0,7.76793944303232,18428.028825614,177002580544.155,70.1585064243445,9605074.0,102.908576965332,57.6155871264755,91260.0,,0.1450357303460877,,27.376184874869047,Moyen-Élevé,Urbain,,Moyenne,0,Post-COVID,OUI
HUN,HU,Budapest,2022,so2,4.995951395188053,4.4425425,2.323965098672984,0.6794626,39.55744,7232,2022-01-01 00:00:00+00:00,2022-12-31 22:00:00+00:00,1686222.0,47.4983,19.0408,Hungary,Europe & Central Asia,High income,97.9787350415865,3.14310033852095,8582.03686282104,4.15238057779229,-0.336423442754276,105.249550734166,4.69482,8.55842015586157,4702.93097169267,2672.86765529203,,75.8682926829268,22.4643754109139,,24.2330845363481,41287305.0,7.76793944303232,18428.028825614,177002580544.155,70.1585064243445,9605074.0,102.908576965332,57.6155871264755,91260.0,,0.1450357303460877,,27.376184874869047,Moyen-Élevé,Urbain,,Moyenne,0,Post-COVID,OUI
HUN,HU,Budapest,2023,no2,21.927846533780908,17.45305625,15.080770984827078,2.419249,140.854625,19736,2023-01-01 00:00:00+00:00,2023-12-31 22:00:00+00:00,1686222.0,47.4983,19.0408,Hungary,Europe & Central Asia,High income,97.976195278385,2.92332182995561,8420.82918611522,-0.817107370513455,0.0562555202211973,105.108327854482,,7.05865803910536,4604.58127063007,2515.37052947518,,76.7707317073171,22.4484341442034,,25.3398219332592,55613579.0,6.96581797721199,22230.6277875187,213240316634.648,70.2923026891431,9592186.0,105.419059753418,58.2753662016599,91260.0,,0.1131437856695028,,28.26314376321481,Moyen-Élevé,Urbain,,Moyenne,0,Post-COVID,OUI
HUN,HU,Budapest,2023,o3,52.64101906771687,49.8146175,33.3383839054631,1.7940347,240.1354468,7205,2023-01-01 00:00:00+00:00,2023-12-31 22:00:00+00:00,1686222.0,47.4983,19.0408,Hungary,Europe & Central Asia,High income,97.976195278385,2.92332182995561,8420.82918611522,-0.817107370513455,0.0562555202211973,105.108327854482,,7.05865803910536,4604.58127063007,2515.37052947518,,76.7707317073171,22.4484341442034,,25.3398219332592,55613579.0,6.96581797721199,22230.6277875187,213240316634.648,70.2923026891431,9592186.0,105.419059753418,58.2753662016599,91260.0,,0.1131437856695028,,28.26314376321481,Moyen-Élevé,Urbain,,Moyenne,0,Post-COVID,OUI
HUN,HU,Budapest,2023,pm10,20.83985109348522,17.7107025,23.080563321005094,0.0,774.656125,5311,2023-05-05 23:00:00+00:00,2023-12-31 22:00:00+00:00,1686222.0,47.4983,19.0408,Hungary,Europe & Central Asia,High income,97.976195278385,2.92332182995561,8420.82918611522,-0.817107370513455,0.0562555202211973,105.108327854482,,7.05865803910536,4604.58127063007,2515.37052947518,,76.7707317073171,22.4484341442034,,25.3398219332592,55613579.0,6.96581797721199,22230.6277875187,213240316634.648,70.2923026891431,9592186.0,105.419059753418,58.2753662016599,91260.0,,0.1131437856695028,,28.26314376321481,Moyen-Élevé,Urbain,,Moyenne,0,Post-COVID,OUI
HUN,HU,Budapest,2023,pm25,7.61828050946545,6.421977,6.01715262790628,0.585,94.24926,3835,2023-03-29 12:00:00+00:00,2023-12-10 19:00:00+00:00,1686222.0,47.4983,19.0408,Hungary,Europe & Central Asia,High income,97.976195278385,2.92332182995561,8420.82918611522,-0.817107370513455,0.0562555202211973,105.108327854482,,7.05865803910536,4604.58127063007,2515.37052947518,,76.7707317073171,22.4484341442034,,25.3398219332592,55613579.0,6.96581797721199,22230.6277875187,213240316634.648,70.2923026891431,9592186.0,105.419059753418,58.2753662016599,91260.0,,0.1131437856695028,,28.26314376321481,Moyen-Élevé,Urbain,,Moyenne,0,Post-COVID,OUI
HUN,HU,Budapest,2023,so2,4.729356816895272,3.6812215,3.782211034796699,0.2078135,153.5065,12394,2023-01-01 00:00:00+00:00,2023-12-31 22:00:00+00:00,1686222.0,47.4983,19.0408,Hungary,Europe & Central Asia,High income,97.976195278385,2.92332182995561,8420.82918611522,-0.817107370513455,0.0562555202211973,105.108327854482,,7.05865803910536,4604.58127063007,2515.37052947518,,76.7707317073171,22.4484341442034,,25.3398219332592,55613579.0,6.96581797721199,22230.6277875187,213240316634.648,70.2923026891431,9592186.0,105.419059753418,58.2753662016599,91260.0,,0.1131437856695028,,28.26314376321481,Moyen-Élevé,Urbain,,Moyenne,0,Post-COVID,OUI
IND,IN,Mumbai,2019,co,1064.7005672747036,890.0,758.4990805559158,0.0,8650.0,29439,2019-01-03 12:30:00+00:00,2019-12-31 23:45:00+00:00,24973000.0,19.0761,72.8775,India,South Asia,Lower middle income,69.1300220717047,16.7555683032837,1156.16158300263,3.87143694070356,1.97750804279549,467.185182245332,647.5,72.8626165369332,988.272169542114,666.977347524506,33.5,70.746,24.1807620770956,,24.5914753075066,167499116.0,16.4401872729006,2041.42863698585,2835606256558.19,33.8139578818147,1389030312.0,75.8716506958008,50.0849578546822,2973190.0,67414.07,0.3265609066805925,2.1119598996212523,41.34704361079029,Faible,Rural,Mixte-Renouvelable,Mégapole,0,Pre-COVID,OUI
IND,IN,Mumbai,2019,no2,15.045495086923657,6.8,17.084695253547554,0.0,160.75,9261,2019-06-28 05:15:00+00:00,2019-12-31 23:30:00+00:00,24973000.0,19.0761,72.8775,India,South Asia,Lower middle income,69.1300220717047,16.7555683032837,1156.16158300263,3.87143694070356,1.97750804279549,467.185182245332,647.5,72.8626165369332,988.272169542114,666.977347524506,33.5,70.746,24.1807620770956,,24.5914753075066,167499116.0,16.4401872729006,2041.42863698585,2835606256558.19,33.8139578818147,1389030312.0,75.8716506958008,50.0849578546822,2973190.0,67414.07,0.3265609066805925,2.1119598996212523,41.34704361079029,Faible,Rural,Mixte-Renouvelable,Mégapole,0,Pre-COVID,OUI
IND,IN,Mumbai,2019,o3,15.85334199740078,8.72,23.10984177012847,0.0,796.15,10003,2019-01-03 12:30:00+00:00,2019-12-31 23:45:00+00:00,24973000.0,19.0761,72.8775,India,South Asia,Lower middle income,69.1300220717047,16.7555683032837,1156.16158300263,3.87143694070356,1.97750804279549,467.185182245332,647.5,72.8626165369332,988.272169542114,666.977347524506,33.5,70.746,24.1807620770956,,24.5914753075066,167499116.0,16.4401872729006,2041.42863698585,2835606256558.19,33.8139578818147,1389030312.0,75.8716506958008,50.0849578546822,2973190.0,67414.07,0.3265609066805925,2.1119598996212523,41.34704361079029,Faible,Rural,Mixte-Renouvelable,Mégapole,0,Pre-COVID,OUI
IND,IN,Mumbai,2019,pm10,258.6649855043487,30.23,2940.037501313801,0.02,61538.22,10003,2019-01-03 12:45:00+00:00,2019-12-31 23:45:00+00:00,24973000.0,19.0761,72.8775,India,South Asia,Lower middle income,69.1300220717047,16.7555683032837,1156.16158300263,3.87143694070356,1.97750804279549,467.185182245332,647.5,72.8626165369332,988.272169542114,666.977347524506,33.5,70.746,24.1807620770956,,24.5914753075066,167499116.0,16.4401872729006,2041.42863698585,2835606256558.19,33.8139578818147,1389030312.0,75.8716506958008,50.0849578546822,2973190.0,67414.07,0.3265609066805925,2.1119598996212523,41.34704361079029,Faible,Rural,Mixte-Renouvelable,Mégapole,0,Pre-COVID,OUI
IND,IN,Mumbai,2019,so2,28.04707385673114,20.01,28.852955582529532,0.0,585.0,28799,2019-01-03 12:30:00+00:00,2019-12-31 23:45:00+00:00,24973000.0,19.0761,72.8775,India,South Asia,Lower middle income,69.1300220717047,16.7555683032837,1156.16158300263,3.87143694070356,1.97750804279549,467.185182245332,647.5,72.8626165369332,988.272169542114,666.977347524506,33.5,70.746,24.1807620770956,,24.5914753075066,167499116.0,16.4401872729006,2041.42863698585,2835606256558.19,33.8139578818147,1389030312.0,75.8716506958008,50.0849578546822,2973190.0,67414.07,0.3265609066805925,2.1119598996212523,41.34704361079029,Faible,Rural,Mixte-Renouvelable,Mégapole,0,Pre-COVID,OUI
IND,IN,Mumbai,2020,co,969.7369411567896,730.0,748.9415267647767,0.0,9980.0,23911,2020-01-01 00:00:00+00:00,2020-12-31 16:15:00+00:00,24973000.0,19.0761,72.8775,India,South Asia,Lower middle income,72.0482326780192,18.6685376603727,1084.39939055711,-5.77772470686801,1.89985832105548,471.755150192218,647.5,71.3633580245628,901.399579163301,632.239828540427,36.1,70.156,24.270228273336,,25.1229058078344,68959633.0,17.7241293592232,1907.04251637669,2674851578587.27,34.1286726088333,1402617695.0,77.9766433254166,47.9326881092162,2973190.0,67955.63,0.3313552099148344,1.92354064756234,43.7914434682071,Faible,Rural,Mixte-Renouvelable,Mégapole,1,COVID,OUI
IND,IN,Mumbai,2020,no2,27.85678336221837,16.66,28.386667758074477,0.0,217.13,8655,2020-01-01 02:15:00+00:00,2020-12-31 16:15:00+00:00,24973000.0,19.0761,72.8775,India,South Asia,Lower middle income,72.0482326780192,18.6685376603727,1084.39939055711,-5.77772470686801,1.89985832105548,471.755150192218,647.5,71.3633580245628,901.399579163301,632.239828540427,36.1,70.156,24.270228273336,,25.1229058078344,68959633.0,17.7241293592232,1907.04251637669,2674851578587.27,34.1286726088333,1402617695.0,77.9766433254166,47.9326881092162,2973190.0,67955.63,0.3313552099148344,1.92354064756234,43.7914434682071,Faible,Rural,Mixte-Renouvelable,Mégapole,1,COVID,OUI
IND,IN,Mumbai,2020,o3,34.53586976092828,24.43,47.07814731739324,0.0,999.99,9997,2020-01-01 00:00:00+00:00,2020-06-08 18:00:00+00:00,24973000.0,19.0761,72.8775,India,South Asia,Lower middle income,72.0482326780192,18.6685376603727,1084.39939055711,-5.77772470686801,1.89985832105548,471.755150192218,647.5,71.3633580245628,901.399579163301,632.239828540427,36.1,70.156,24.270228273336,,25.1229058078344,68959633.0,17.7241293592232,1907.04251637669,2674851578587.27,34.1286726088333,1402617695.0,77.9766433254166,47.9326881092162,2973190.0,67955.63,0.3313552099148344,1.92354064756234,43.7914434682071,Faible,Rural,Mixte-Renouvelable,Mégapole,1,COVID,OUI
IND,IN,Mumbai,2020,pm10,40.56,40.56,0.0,40.56,40.56,5429,2020-01-01 00:00:00+00:00,2020-04-08 23:15:00+00:00,24973000.0,19.0761,72.8775,India,South Asia,Lower middle income,72.0482326780192,18.6685376603727,1084.39939055711,-5.77772470686801,1.89985832105548,471.755150192218,647.5,71.3633580245628,901.399579163301,632.239828540427,36.1,70.156,24.270228273336,,25.1229058078344,68959633.0,17.7241293592232,1907.04251637669,2674851578587.27,34.1286726088333,1402617695.0,77.9766433254166,47.9326881092162,2973190.0,67955.63,0.3313552099148344,1.92354064756234,43.7914434682071,Faible,Rural,Mixte-Renouvelable,Mégapole,1,COVID,OUI
IND,IN,Mumbai,2020,so2,29.75417935918768,16.05,44.35791172857965,0.0,999.99,23439,2020-01-01 00:00:00+00:00,2020-12-31 16:15:00+00:00,24973000.0,19.0761,72.8775,India,South Asia,Lower middle income,72.0482326780192,18.6685376603727,1084.39939055711,-5.77772470686801,1.89985832105548,471.755150192218,647.5,71.3633580245628,901.399579163301,632.239828540427,36.1,70.156,24.270228273336,,25.1229058078344,68959633.0,17.7241293592232,1907.04251637669,2674851578587.27,34.1286726088333,1402617695.0,77.9766433254166,47.9326881092162,2973190.0,67955.63,0.3313552099148344,1.92354064756234,43.7914434682071,Faible,Rural,Mixte-Renouvelable,Mégapole,1,COVID,OUI
IND,IN,Mumbai,2021,co,838.447533009034,700.0,867.4600759980924,0.0,9490.0,7195,2021-01-01 02:15:00+00:00,2021-12-31 22:00:00+00:00,24973000.0,19.0761,72.8775,India,South Asia,Lower middle income,74.9328568041953,17.3725615260314,1201.10046879912,9.68959249192875,1.73813803578169,475.652042419085,647.5,71.4858907657204,963.363913685612,676.814293488143,34.9,67.282,24.3596944695764,,26.466523606501,83964797.0,16.6469287712518,2239.61384367482,3167270623260.47,34.4425517181304,1414203896.0,80.8355715539317,47.8472234596709,2973190.0,68102.73,0.3020664606704844,1.991250439156557,43.8390851325324,Faible,Rural,Mixte-Renouvelable,Mégapole,0,Post-COVID,OUI
IND,IN,Mumbai,2021,no2,16.28274618220116,8.795,18.783335912320798,2.51,164.78,3798,2021-01-01 02:15:00+00:00,2021-12-30 22:15:00+00:00,24973000.0,19.0761,72.8775,India,South Asia,Lower middle income,74.9328568041953,17.3725615260314,1201.10046879912,9.68959249192875,1.73813803578169,475.652042419085,647.5,71.4858907657204,963.363913685612,676.814293488143,34.9,67.282,24.3596944695764,,26.466523606501,83964797.0,16.6469287712518,2239.61384367482,3167270623260.47,34.4425517181304,1414203896.0,80.8355715539317,47.8472234596709,2973190.0,68102.73,0.3020664606704844,1.991250439156557,43.8390851325324,Faible,Rural,Mixte-Renouvelable,Mégapole,0,Post-COVID,OUI
IND,IN,Mumbai,2021,o3,54.45327868852458,41.12,52.21180485514899,0.0,999.99,3477,2021-01-01 02:30:00+00:00,2021-12-31 22:00:00+00:00,24973000.0,19.0761,72.8775,India,South Asia,Lower middle income,74.9328568041953,17.3725615260314,1201.10046879912,9.68959249192875,1.73813803578169,475.652042419085,647.5,71.4858907657204,963.363913685612,676.814293488143,34.9,67.282,24.3596944695764,,26.466523606501,83964797.0,16.6469287712518,2239.61384367482,3167270623260.47,34.4425517181304,1414203896.0,80.8355715539317,47.8472234596709,2973190.0,68102.73,0.3020664606704844,1.991250439156557,43.8390851325324,Faible,Rural,Mixte-Renouvelable,Mégapole,0,Post-COVID,OUI
IND,IN,Mumbai,2021,so2,17.847199486667616,9.13,30.068499737576094,0.0,484.59,7013,2021-01-01 02:15:00+00:00,2021-12-31 22:00:00+00:00,24973000.0,19.0761,72.8775,India,South Asia,Lower middle income,74.9328568041953,17.3725615260314,1201.10046879912,9.68959249192875,1.73813803578169,475.652042419085,647.5,71.4858907657204,963.363913685612,676.814293488143,34.9,67.282,24.3596944695764,,26.466523606501,83964797.0,16.6469287712518,2239.61384367482,3167270623260.47,34.4425517181304,1414203896.0,80.8355715539317,47.8472234596709,2973190.0,68102.73,0.3020664606704844,1.991250439156557,43.8390851325324,Faible,Rural,Mixte-Renouvelable,Mégapole,0,Post-COVID,OUI
IND,IN,Mumbai,2022,co,230.4662536680796,40.0,527.358379247152,0.0,11000.0,3067,2022-01-01 08:15:00+00:00,2022-10-31 01:30:00+00:00,24973000.0,19.0761,72.8775,India,South Asia,Lower middle income,77.8161883735175,16.5461295925754,1280.6690890081,7.60936497768895,1.69490092263281,479.425536881262,647.5,71.739704380177,1085.33520920382,727.902200094024,,71.698,24.4494970049005,25.5,25.3845195629461,139996043.466,14.9056434964792,2347.44829434623,3346107287730.93,34.7555673994206,1425423212.0,81.6558464317379,49.7252249980944,2973190.0,,0.3099502773156265,,41.9306491555215,Faible,Rural,,Mégapole,0,Post-COVID,OUI
IND,IN,Mumbai,2022,no2,11.941852928957209,9.55,8.291739310181168,1.27,101.79,2407,2022-01-01 08:15:00+00:00,2022-10-31 01:30:00+00:00,24973000.0,19.0761,72.8775,India,South Asia,Lower middle income,77.8161883735175,16.5461295925754,1280.6690890081,7.60936497768895,1.69490092263281,479.425536881262,647.5,71.739704380177,1085.33520920382,727.902200094024,,71.698,24.4494970049005,25.5,25.3845195629461,139996043.466,14.9056434964792,2347.44829434623,3346107287730.93,34.7555673994206,1425423212.0,81.6558464317379,49.7252249980944,2973190.0,,0.3099502773156265,,41.9306491555215,Faible,Rural,,Mégapole,0,Post-COVID,OUI
IND,IN,Mumbai,2022,o3,74.92422459893048,68.765,51.200700391198026,0.0,318.21,748,2022-01-01 10:00:00+00:00,2022-10-16 10:45:00+00:00,24973000.0,19.0761,72.8775,India,South Asia,Lower middle income,77.8161883735175,16.5461295925754,1280.6690890081,7.60936497768895,1.69490092263281,479.425536881262,647.5,71.739704380177,1085.33520920382,727.902200094024,,71.698,24.4494970049005,25.5,25.3845195629461,139996043.466,14.9056434964792,2347.44829434623,3346107287730.93,34.7555673994206,1425423212.0,81.6558464317379,49.7252249980944,2973190.0,,0.3099502773156265,,41.9306491555215,Faible,Rural,,Mégapole,0,Post-COVID,OUI
IND,IN,Mumbai,2022,so2,15.077123102866778,9.04,20.775986739990586,0.0,457.81,2965,2022-01-01 08:15:00+00:00,2022-10-31 01:30:00+00:00,24973000.0,19.0761,72.8775,India,South Asia,Lower middle income,77.8161883735175,16.5461295925754,1280.6690890081,7.60936497768895,1.69490092263281,479.425536881262,647.5,71.739704380177,1085.33520920382,727.902200094024,,71.698,24.4494970049005,25.5,25.3845195629461,139996043.466,14.9056434964792,2347.44829434623,3346107287730.93,34.7555673994206,1425423212.0,81.6558464317379,49.7252249980944,2973190.0,,0.3099502773156265,,41.9306491555215,Faible,Rural,,Mégapole,0,Post-COVID,OUI
IRL,IE,Dublin,2019,no2,12.294907190951305,0.0,18.88418014849619,0.0,184.6800073,6181,2019-01-01 09:00:00+00:00,2019-12-31 22:00:00+00:00,592713.0,53.3497,-6.2603,Ireland,Europe & Central Asia,High income,89.7998496161213,0.953896616119834,22109.1033558596,4.97288003766816,1.88821253224221,72.237712294963,1.538,7.81465891198869,5926.10484248228,2747.90158131447,12.3,82.7024390243903,11.2936565539265,30.3,35.880910077936,170161848.0,7.3101764082131,81827.6688873996,407211793800.713,63.2737009154127,4976456.0,138.091217041016,57.4736058194846,68890.0,1888.0,0.0335811594967495,0.5875683392472698,36.83480669405584,Élevé,Semi-urbain,Mixte-Fossile,Petite,0,Pre-COVID,OUI
IRL,IE,Dublin,2019,o3,27.109837439560103,6.973333,31.515651341033266,0.0,165.14167,13185,2019-01-01 09:00:00+00:00,2019-12-31 22:00:00+00:00,592713.0,53.3497,-6.2603,Ireland,Europe & Central Asia,High income,89.7998496161213,0.953896616119834,22109.1033558596,4.97288003766816,1.88821253224221,72.237712294963,1.538,7.81465891198869,5926.10484248228,2747.90158131447,12.3,82.7024390243903,11.2936565539265,30.3,35.880910077936,170161848.0,7.3101764082131,81827.6688873996,407211793800.713,63.2737009154127,4976456.0,138.091217041016,57.4736058194846,68890.0,1888.0,0.0335811594967495,0.5875683392472698,36.83480669405584,Élevé,Semi-urbain,Mixte-Fossile,Petite,0,Pre-COVID,OUI
IRL,IE,Dublin,2019,pm25,5.304719346303248,0.0,10.204650143964312,0.0,106.5126,6127,2019-01-01 09:00:00+00:00,2019-12-31 22:00:00+00:00,592713.0,53.3497,-6.2603,Ireland,Europe & Central Asia,High income,89.7998496161213,0.953896616119834,22109.1033558596,4.97288003766816,1.88821253224221,72.237712294963,1.538,7.81465891198869,5926.10484248228,2747.90158131447,12.3,82.7024390243903,11.2936565539265,30.3,35.880910077936,170161848.0,7.3101764082131,81827.6688873996,407211793800.713,63.2737009154127,4976456.0,138.091217041016,57.4736058194846,68890.0,1888.0,0.0335811594967495,0.5875683392472698,36.83480669405584,Élevé,Semi-urbain,Mixte-Fossile,Petite,0,Pre-COVID,OUI
IRL,IE,Dublin,2020,no2,15.297891763915032,10.89867201,14.546447201110258,0.06225186,170.343732,3719,2020-01-01 00:00:00+00:00,2020-12-31 22:00:00+00:00,592713.0,53.3497,-6.2603,Ireland,Europe & Central Asia,High income,89.7865313699403,1.00897235932956,19475.2874544442,7.15369505735335,1.57565594952931,73.1564377993903,1.544,4.90156813210512,5951.88607682092,2633.97691248454,13.7,82.4560975609756,11.3517201335462,29.2,37.1803685713508,54582262.0,7.11975107058135,86514.0706108754,436009027818.948,63.4713366724915,5039747.0,135.224670410156,55.7688116989414,68890.0,1888.0,0.0304452957604525,0.3334400089867428,38.18934093068036,Élevé,Semi-urbain,Mixte-Fossile,Petite,1,COVID,OUI
IRL,IE,Dublin,2020,o3,50.42674448726888,53.61167,20.827144411865795,0.1255556,142.77556,8491,2020-01-01 00:00:00+00:00,2020-12-31 22:00:00+00:00,592713.0,53.3497,-6.2603,Ireland,Europe & Central Asia,High income,89.7865313699403,1.00897235932956,19475.2874544442,7.15369505735335,1.57565594952931,73.1564377993903,1.544,4.90156813210512,5951.88607682092,2633.97691248454,13.7,82.4560975609756,11.3517201335462,29.2,37.1803685713508,54582262.0,7.11975107058135,86514.0706108754,436009027818.948,63.4713366724915,5039747.0,135.224670410156,55.7688116989414,68890.0,1888.0,0.0304452957604525,0.3334400089867428,38.18934093068036,Élevé,Semi-urbain,Mixte-Fossile,Petite,1,COVID,OUI
IRL,IE,Dublin,2020,pm25,8.109716751460551,4.9984025,15.288594200314847,0.0,372.8678333,3663,2020-01-01 00:00:00+00:00,2020-12-31 22:00:00+00:00,592713.0,53.3497,-6.2603,Ireland,Europe & Central Asia,High income,89.7865313699403,1.00897235932956,19475.2874544442,7.15369505735335,1.57565594952931,73.1564377993903,1.544,4.90156813210512,5951.88607682092,2633.97691248454,13.7,82.4560975609756,11.3517201335462,29.2,37.1803685713508,54582262.0,7.11975107058135,86514.0706108754,436009027818.948,63.4713366724915,5039747.0,135.224670410156,55.7688116989414,68890.0,1888.0,0.0304452957604525,0.3334400089867428,38.18934093068036,Élevé,Semi-urbain,Mixte-Fossile,Petite,1,COVID,OUI
IRL,IE,Dublin,2021,no2,14.79082209296146,11.13795356,12.759062571327174,0.43558619,259.84491382,4437,2021-01-01 00:00:00+00:00,2021-12-31 22:00:00+00:00,592713.0,53.3497,-6.2603,Ireland,Europe & Central Asia,High income,89.7724871048145,1.03312440304987,20829.1961226659,16.2581881158197,1.71996422325885,74.1847147626651,1.581,9.49793930310978,6106.1502743815,2689.36333693732,12.7,82.2536585365854,11.4097837131659,29.4,38.0466211469982,74065210.0,7.52154364930686,103783.446284479,530394123829.763,63.6774229356985,5110585.0,135.252197265625,55.1666541370771,68890.0,1650.0,0.0259129709047695,0.6932802411029036,39.07974555004807,Élevé,Semi-urbain,Mixte-Fossile,Petite,0,Post-COVID,OUI
IRL,IE,Dublin,2021,o3,51.35550783916271,53.055,20.73877634804741,0.11,124.87,9698,2021-01-01 00:00:00+00:00,2021-12-31 22:00:00+00:00,592713.0,53.3497,-6.2603,Ireland,Europe & Central Asia,High income,89.7724871048145,1.03312440304987,20829.1961226659,16.2581881158197,1.71996422325885,74.1847147626651,1.581,9.49793930310978,6106.1502743815,2689.36333693732,12.7,82.2536585365854,11.4097837131659,29.4,38.0466211469982,74065210.0,7.52154364930686,103783.446284479,530394123829.763,63.6774229356985,5110585.0,135.252197265625,55.1666541370771,68890.0,1650.0,0.0259129709047695,0.6932802411029036,39.07974555004807,Élevé,Semi-urbain,Mixte-Fossile,Petite,0,Post-COVID,OUI
IRL,IE,Dublin,2021,pm25,7.765205565257595,5.05135,9.034533055244005,0.0,104.313145,3785,2021-01-01 00:00:00+00:00,2021-12-31 22:00:00+00:00,592713.0,53.3497,-6.2603,Ireland,Europe & Central Asia,High income,89.7724871048145,1.03312440304987,20829.1961226659,16.2581881158197,1.71996422325885,74.1847147626651,1.581,9.49793930310978,6106.1502743815,2689.36333693732,12.7,82.2536585365854,11.4097837131659,29.4,38.0466211469982,74065210.0,7.52154364930686,103783.446284479,530394123829.763,63.6774229356985,5110585.0,135.252197265625,55.1666541370771,68890.0,1650.0,0.0259129709047695,0.6932802411029036,39.07974555004807,Élevé,Semi-urbain,Mixte-Fossile,Petite,0,Post-COVID,OUI
IRL,IE,Dublin,2022,no2,15.120872249060657,10.77,13.550146532457058,0.33,97.34,3726,2022-01-01 00:00:00+00:00,2022-12-31 22:00:00+00:00,592713.0,53.3497,-6.2603,Ireland,Europe & Central Asia,High income,89.757648052779,1.17281530326124,22330.4520393556,7.51113888415304,2.31744458655651,75.6689795325882,1.673,7.67513584961081,6107.0403902981,2600.15740643769,,82.509756097561,11.4678472927856,29.9,40.756447602572,169377735.0,7.23160522837421,105190.685952731,548341794599.09,63.8920250215059,5212836.0,133.150497436523,53.5115628227866,68890.0,,0.0247182786632595,,41.92926290583324,Élevé,Semi-urbain,,Petite,0,Post-COVID,OUI
IRL,IE,Dublin,2022,o3,53.93611443713809,56.0,20.693673110379237,0.0,152.51,10189,2022-01-01 00:00:00+00:00,2022-12-31 22:00:00+00:00,592713.0,53.3497,-6.2603,Ireland,Europe & Central Asia,High income,89.757648052779,1.17281530326124,22330.4520393556,7.51113888415304,2.31744458655651,75.6689795325882,1.673,7.67513584961081,6107.0403902981,2600.15740643769,,82.509756097561,11.4678472927856,29.9,40.756447602572,169377735.0,7.23160522837421,105190.685952731,548341794599.09,63.8920250215059,5212836.0,133.150497436523,53.5115628227866,68890.0,,0.0247182786632595,,41.92926290583324,Élevé,Semi-urbain,,Petite,0,Post-COVID,OUI
IRL,IE,Dublin,2022,pm25,7.648631801373481,5.02,9.651857711450964,0.0,146.08,3786,2022-01-01 00:00:00+00:00,2022-12-31 22:00:00+00:00,592713.0,53.3497,-6.2603,Ireland,Europe & Central Asia,High income,89.757648052779,1.17281530326124,22330.4520393556,7.51113888415304,2.31744458655651,75.6689795325882,1.673,7.67513584961081,6107.0403902981,2600.15740643769,,82.509756097561,11.4678472927856,29.9,40.756447602572,169377735.0,7.23160522837421,105190.685952731,548341794599.09,63.8920250215059,5212836.0,133.150497436523,53.5115628227866,68890.0,,0.0247182786632595,,41.92926290583324,Élevé,Semi-urbain,,Petite,0,Post-COVID,OUI
IRL,IE,Dublin,2023,no2,15.22607590529248,11.37,13.63683432027966,0.0,228.77,5744,2023-01-01 00:00:00+00:00,2023-12-24 15:00:00+00:00,592713.0,53.3497,-6.2603,Ireland,Europe & Central Asia,High income,89.742009351926,0.846910710164401,22595.7694962144,-2.53637409313261,2.22446817827212,77.1017273914937,,4.27602662313199,6144.73623270699,2467.73733963357,,82.8609756097561,11.5259108724053,29.0,34.0037014019007,192528432.0,7.81426598015823,106818.917130804,567372737459.116,64.1152082461268,5311538.0,,60.2983373398224,68890.0,,0.0231018466023687,,34.8506121120651,Élevé,Semi-urbain,,Petite,0,Post-COVID,OUI
IRL,IE,Dublin,2023,o3,50.38844495765974,51.3,20.48145036476723,0.03,126.6,11691,2023-01-01 00:00:00+00:00,2023-12-31 22:00:00+00:00,592713.0,53.3497,-6.2603,Ireland,Europe & Central Asia,High income,89.742009351926,0.846910710164401,22595.7694962144,-2.53637409313261,2.22446817827212,77.1017273914937,,4.27602662313199,6144.73623270699,2467.73733963357,,82.8609756097561,11.5259108724053,29.0,34.0037014019007,192528432.0,7.81426598015823,106818.917130804,567372737459.116,64.1152082461268,5311538.0,,60.2983373398224,68890.0,,0.0231018466023687,,34.8506121120651,Élevé,Semi-urbain,,Petite,0,Post-COVID,OUI
IRL,IE,Dublin,2023,pm25,6.740003382949933,4.78,7.4575079030800975,0.0,118.61,5912,2023-01-01 00:00:00+00:00,2023-12-24 15:00:00+00:00,592713.0,53.3497,-6.2603,Ireland,Europe & Central Asia,High income,89.742009351926,0.846910710164401,22595.7694962144,-2.53637409313261,2.22446817827212,77.1017273914937,,4.27602662313199,6144.73623270699,2467.73733963357,,82.8609756097561,11.5259108724053,29.0,34.0037014019007,192528432.0,7.81426598015823,106818.917130804,567372737459.116,64.1152082461268,5311538.0,,60.2983373398224,68890.0,,0.0231018466023687,,34.8506121120651,Élevé,Semi-urbain,,Petite,0,Post-COVID,OUI
IRL,IE,Finglas,2019,no2,12.294907190951305,0.0,18.88418014849619,0.0,184.6800073,6181,2019-01-01 09:00:00+00:00,2019-12-31 22:00:00+00:00,330506.0,53.3892,-6.2969,Ireland,Europe & Central Asia,High income,89.7998496161213,0.953896616119834,22109.1033558596,4.97288003766816,1.88821253224221,72.237712294963,1.538,7.81465891198869,5926.10484248228,2747.90158131447,12.3,82.7024390243903,11.2936565539265,30.3,35.880910077936,170161848.0,7.3101764082131,81827.6688873996,407211793800.713,63.2737009154127,4976456.0,138.091217041016,57.4736058194846,68890.0,1888.0,0.0335811594967495,0.5875683392472698,36.83480669405584,Élevé,Semi-urbain,Mixte-Fossile,Petite,0,Pre-COVID,OUI
IRL,IE,Finglas,2019,o3,27.109837439560103,6.973333,31.515651341033266,0.0,165.14167,13185,2019-01-01 09:00:00+00:00,2019-12-31 22:00:00+00:00,330506.0,53.3892,-6.2969,Ireland,Europe & Central Asia,High income,89.7998496161213,0.953896616119834,22109.1033558596,4.97288003766816,1.88821253224221,72.237712294963,1.538,7.81465891198869,5926.10484248228,2747.90158131447,12.3,82.7024390243903,11.2936565539265,30.3,35.880910077936,170161848.0,7.3101764082131,81827.6688873996,407211793800.713,63.2737009154127,4976456.0,138.091217041016,57.4736058194846,68890.0,1888.0,0.0335811594967495,0.5875683392472698,36.83480669405584,Élevé,Semi-urbain,Mixte-Fossile,Petite,0,Pre-COVID,OUI
IRL,IE,Finglas,2019,pm25,5.304719346303248,0.0,10.204650143964312,0.0,106.5126,6127,2019-01-01 09:00:00+00:00,2019-12-31 22:00:00+00:00,330506.0,53.3892,-6.2969,Ireland,Europe & Central Asia,High income,89.7998496161213,0.953896616119834,22109.1033558596,4.97288003766816,1.88821253224221,72.237712294963,1.538,7.81465891198869,5926.10484248228,2747.90158131447,12.3,82.7024390243903,11.2936565539265,30.3,35.880910077936,170161848.0,7.3101764082131,81827.6688873996,407211793800.713,63.2737009154127,4976456.0,138.091217041016,57.4736058194846,68890.0,1888.0,0.0335811594967495,0.5875683392472698,36.83480669405584,Élevé,Semi-urbain,Mixte-Fossile,Petite,0,Pre-COVID,OUI
IRL,IE,Finglas,2020,no2,15.297891763915032,10.89867201,14.546447201110258,0.06225186,170.343732,3719,2020-01-01 00:00:00+00:00,2020-12-31 22:00:00+00:00,330506.0,53.3892,-6.2969,Ireland,Europe & Central Asia,High income,89.7865313699403,1.00897235932956,19475.2874544442,7.15369505735335,1.57565594952931,73.1564377993903,1.544,4.90156813210512,5951.88607682092,2633.97691248454,13.7,82.4560975609756,11.3517201335462,29.2,37.1803685713508,54582262.0,7.11975107058135,86514.0706108754,436009027818.948,63.4713366724915,5039747.0,135.224670410156,55.7688116989414,68890.0,1888.0,0.0304452957604525,0.3334400089867428,38.18934093068036,Élevé,Semi-urbain,Mixte-Fossile,Petite,1,COVID,OUI
IRL,IE,Finglas,2020,o3,50.42674448726888,53.61167,20.827144411865795,0.1255556,142.77556,8491,2020-01-01 00:00:00+00:00,2020-12-31 22:00:00+00:00,330506.0,53.3892,-6.2969,Ireland,Europe & Central Asia,High income,89.7865313699403,1.00897235932956,19475.2874544442,7.15369505735335,1.57565594952931,73.1564377993903,1.544,4.90156813210512,5951.88607682092,2633.97691248454,13.7,82.4560975609756,11.3517201335462,29.2,37.1803685713508,54582262.0,7.11975107058135,86514.0706108754,436009027818.948,63.4713366724915,5039747.0,135.224670410156,55.7688116989414,68890.0,1888.0,0.0304452957604525,0.3334400089867428,38.18934093068036,Élevé,Semi-urbain,Mixte-Fossile,Petite,1,COVID,OUI
IRL,IE,Finglas,2020,pm25,8.109716751460551,4.9984025,15.288594200314847,0.0,372.8678333,3663,2020-01-01 00:00:00+00:00,2020-12-31 22:00:00+00:00,330506.0,53.3892,-6.2969,Ireland,Europe & Central Asia,High income,89.7865313699403,1.00897235932956,19475.2874544442,7.15369505735335,1.57565594952931,73.1564377993903,1.544,4.90156813210512,5951.88607682092,2633.97691248454,13.7,82.4560975609756,11.3517201335462,29.2,37.1803685713508,54582262.0,7.11975107058135,86514.0706108754,436009027818.948,63.4713366724915,5039747.0,135.224670410156,55.7688116989414,68890.0,1888.0,0.0304452957604525,0.3334400089867428,38.18934093068036,Élevé,Semi-urbain,Mixte-Fossile,Petite,1,COVID,OUI
IRL,IE,Finglas,2021,no2,14.79082209296146,11.13795356,12.759062571327174,0.43558619,259.84491382,4437,2021-01-01 00:00:00+00:00,2021-12-31 22:00:00+00:00,330506.0,53.3892,-6.2969,Ireland,Europe & Central Asia,High income,89.7724871048145,1.03312440304987,20829.1961226659,16.2581881158197,1.71996422325885,74.1847147626651,1.581,9.49793930310978,6106.1502743815,2689.36333693732,12.7,82.2536585365854,11.4097837131659,29.4,38.0466211469982,74065210.0,7.52154364930686,103783.446284479,530394123829.763,63.6774229356985,5110585.0,135.252197265625,55.1666541370771,68890.0,1650.0,0.0259129709047695,0.6932802411029036,39.07974555004807,Élevé,Semi-urbain,Mixte-Fossile,Petite,0,Post-COVID,OUI
IRL,IE,Finglas,2021,o3,51.35550783916271,53.055,20.73877634804741,0.11,124.87,9698,2021-01-01 00:00:00+00:00,2021-12-31 22:00:00+00:00,330506.0,53.3892,-6.2969,Ireland,Europe & Central Asia,High income,89.7724871048145,1.03312440304987,20829.1961226659,16.2581881158197,1.71996422325885,74.1847147626651,1.581,9.49793930310978,6106.1502743815,2689.36333693732,12.7,82.2536585365854,11.4097837131659,29.4,38.0466211469982,74065210.0,7.52154364930686,103783.446284479,530394123829.763,63.6774229356985,5110585.0,135.252197265625,55.1666541370771,68890.0,1650.0,0.0259129709047695,0.6932802411029036,39.07974555004807,Élevé,Semi-urbain,Mixte-Fossile,Petite,0,Post-COVID,OUI
IRL,IE,Finglas,2021,pm25,7.765205565257595,5.05135,9.034533055244005,0.0,104.313145,3785,2021-01-01 00:00:00+00:00,2021-12-31 22:00:00+00:00,330506.0,53.3892,-6.2969,Ireland,Europe & Central Asia,High income,89.7724871048145,1.03312440304987,20829.1961226659,16.2581881158197,1.71996422325885,74.1847147626651,1.581,9.49793930310978,6106.1502743815,2689.36333693732,12.7,82.2536585365854,11.4097837131659,29.4,38.0466211469982,74065210.0,7.52154364930686,103783.446284479,530394123829.763,63.6774229356985,5110585.0,135.252197265625,55.1666541370771,68890.0,1650.0,0.0259129709047695,0.6932802411029036,39.07974555004807,Élevé,Semi-urbain,Mixte-Fossile,Petite,0,Post-COVID,OUI
IRL,IE,Finglas,2022,no2,15.120872249060657,10.77,13.550146532457058,0.33,97.34,3726,2022-01-01 00:00:00+00:00,2022-12-31 22:00:00+00:00,330506.0,53.3892,-6.2969,Ireland,Europe & Central Asia,High income,89.757648052779,1.17281530326124,22330.4520393556,7.51113888415304,2.31744458655651,75.6689795325882,1.673,7.67513584961081,6107.0403902981,2600.15740643769,,82.509756097561,11.4678472927856,29.9,40.756447602572,169377735.0,7.23160522837421,105190.685952731,548341794599.09,63.8920250215059,5212836.0,133.150497436523,53.5115628227866,68890.0,,0.0247182786632595,,41.92926290583324,Élevé,Semi-urbain,,Petite,0,Post-COVID,OUI
IRL,IE,Finglas,2022,o3,53.93611443713809,56.0,20.693673110379237,0.0,152.51,10189,2022-01-01 00:00:00+00:00,2022-12-31 22:00:00+00:00,330506.0,53.3892,-6.2969,Ireland,Europe & Central Asia,High income,89.757648052779,1.17281530326124,22330.4520393556,7.51113888415304,2.31744458655651,75.6689795325882,1.673,7.67513584961081,6107.0403902981,2600.15740643769,,82.509756097561,11.4678472927856,29.9,40.756447602572,169377735.0,7.23160522837421,105190.685952731,548341794599.09,63.8920250215059,5212836.0,133.150497436523,53.5115628227866,68890.0,,0.0247182786632595,,41.92926290583324,Élevé,Semi-urbain,,Petite,0,Post-COVID,OUI
IRL,IE,Finglas,2022,pm25,7.648631801373481,5.02,9.651857711450964,0.0,146.08,3786,2022-01-01 00:00:00+00:00,2022-12-31 22:00:00+00:00,330506.0,53.3892,-6.2969,Ireland,Europe & Central Asia,High income,89.757648052779,1.17281530326124,22330.4520393556,7.51113888415304,2.31744458655651,75.6689795325882,1.673,7.67513584961081,6107.0403902981,2600.15740643769,,82.509756097561,11.4678472927856,29.9,40.756447602572,169377735.0,7.23160522837421,105190.685952731,548341794599.09,63.8920250215059,5212836.0,133.150497436523,53.5115628227866,68890.0,,0.0247182786632595,,41.92926290583324,Élevé,Semi-urbain,,Petite,0,Post-COVID,OUI
IRL,IE,Finglas,2023,no2,15.22607590529248,11.37,13.63683432027966,0.0,228.77,5744,2023-01-01 00:00:00+00:00,2023-12-24 15:00:00+00:00,330506.0,53.3892,-6.2969,Ireland,Europe & Central Asia,High income,89.742009351926,0.846910710164401,22595.7694962144,-2.53637409313261,2.22446817827212,77.1017273914937,,4.27602662313199,6144.73623270699,2467.73733963357,,82.8609756097561,11.5259108724053,29.0,34.0037014019007,192528432.0,7.81426598015823,106818.917130804,567372737459.116,64.1152082461268,5311538.0,,60.2983373398224,68890.0,,0.0231018466023687,,34.8506121120651,Élevé,Semi-urbain,,Petite,0,Post-COVID,OUI
IRL,IE,Finglas,2023,o3,50.38844495765974,51.3,20.48145036476723,0.03,126.6,11691,2023-01-01 00:00:00+00:00,2023-12-31 22:00:00+00:00,330506.0,53.3892,-6.2969,Ireland,Europe & Central Asia,High income,89.742009351926,0.846910710164401,22595.7694962144,-2.53637409313261,2.22446817827212,77.1017273914937,,4.27602662313199,6144.73623270699,2467.73733963357,,82.8609756097561,11.5259108724053,29.0,34.0037014019007,192528432.0,7.81426598015823,106818.917130804,567372737459.116,64.1152082461268,5311538.0,,60.2983373398224,68890.0,,0.0231018466023687,,34.8506121120651,Élevé,Semi-urbain,,Petite,0,Post-COVID,OUI
IRL,IE,Finglas,2023,pm25,6.740003382949933,4.78,7.4575079030800975,0.0,118.61,5912,2023-01-01 00:00:00+00:00,2023-12-24 15:00:00+00:00,330506.0,53.3892,-6.2969,Ireland,Europe & Central Asia,High income,89.742009351926,0.846910710164401,22595.7694962144,-2.53637409313261,2.22446817827212,77.1017273914937,,4.27602662313199,6144.73623270699,2467.73733963357,,82.8609756097561,11.5259108724053,29.0,34.0037014019007,192528432.0,7.81426598015823,106818.917130804,567372737459.116,64.1152082461268,5311538.0,,60.2983373398224,68890.0,,0.0231018466023687,,34.8506121120651,Élevé,Semi-urbain,,Petite,0,Post-COVID,OUI
IRQ,IQ,Baghdad,2019,pm25,42.350006581545344,32.0,35.26185490490928,1.0,381.0,7597,2019-03-10 15:00:00+00:00,2019-12-31 22:00:00+00:00,6183000.0,33.3153,44.3661,Iraq,"Middle East, North Africa, Afghanistan & Pakistan",Upper middle income,97.864851810422,3.77000825306199,2447.78416995158,5.51379057542323,2.2633102268141,94.8844148066247,56.618,0.0,1104.84586986202,1319.43951211192,0.9,71.245,1.90035242899592,,53.1094032824868,5434292.0,66.9744996267815,5671.8568632942,233636097800.338,69.8683395385742,41192171.0,,44.4241091757329,434130.0,,0.2325881903788646,0.0,56.87941153554879,Moyen-Faible,Semi-urbain,Fossile,Grande,0,Pre-COVID,OUI
IRQ,IQ,Baghdad,2020,pm25,43.18908578332662,33.650000000000006,38.62276097824197,0.0,580.6,9932,2020-01-01 00:00:00+00:00,2020-12-31 22:00:00+00:00,6183000.0,33.3153,44.3661,Iraq,"Middle East, North Africa, Afghanistan & Pakistan",Upper middle income,98.4932660483814,6.08867414692412,2262.4721826005,-12.0367930931152,2.21935377129703,97.0138092276507,45.04,0.0,1184.44969626588,1143.12626352051,1.1,69.651,1.90035242899592,,39.9040972152303,764661.0,63.9455141651184,4295.18945121228,180898797516.874,69.8683166503906,42116605.0,,54.8196487805,434130.0,,0.2660791095229629,0.0,45.99277136215442,Faible,Semi-urbain,Fossile,Grande,1,COVID,OUI
IRQ,IQ,Baghdad,2021,pm25,56.567033741520575,44.0,51.68259346545096,4.0,951.0,11351,2021-01-01 00:00:00+00:00,2021-12-31 22:00:00+00:00,6183000.0,33.3153,44.3661,Iraq,"Middle East, North Africa, Afghanistan & Pakistan",Upper middle income,98.4959720542325,3.27919752953038,2269.11318388664,1.50218070952037,2.24120653185218,99.2127035680556,42.4237,0.0,1382.15291880231,1275.01138784403,1.1,70.704,1.90035242899592,,54.6088877710074,1620013.0,56.685506896523,4868.49431080783,209691945713.103,69.8682708740234,43071211.0,,42.6181068349405,434130.0,,0.2618365083647691,0.0,57.88808530053778,Faible,Semi-urbain,Fossile,Grande,0,Post-COVID,OUI
IRQ,IQ,Baghdad,2022,pm25,91.79681411089082,68.0,82.05074511003599,7.0,960.0,14627,2022-01-01 00:00:00+00:00,2022-12-31 22:00:00+00:00,6183000.0,33.3153,44.3661,Iraq,"Middle East, North Africa, Afghanistan & Pakistan",Upper middle income,98.4987799022337,2.05870621388374,2276.44561251478,7.95904804992662,2.2937207238424,101.514640775804,42.4237,,1373.11648315901,1411.58869867393,,72.037,1.90035242899592,,65.2721245594509,2710079.0,59.2465573917797,6520.73154560584,287372232137.931,69.8682861328125,44070551.0,,33.1587203052795,434130.0,,0.2164438521890737,,67.33083077333464,Moyen-Faible,Semi-urbain,,Grande,0,Post-COVID,OUI
IRQ,IQ,Baghdad,2023,pm25,54.09609486812513,40.0,66.905089256251,0.0,967.0,4891,2023-01-01 00:00:00+00:00,2023-06-08 19:00:00+00:00,6183000.0,33.3153,44.3661,Iraq,"Middle East, North Africa, Afghanistan & Pakistan",Upper middle income,98.501709975411,3.10603121448412,2269.61149670179,0.517705525131191,2.25147664707634,103.826155759795,,,,,,72.324,1.90035242899592,29.8,53.9604851597879,3756178.0,,5965.31835077761,268881051643.549,69.868278503418,45074049.0,,43.6679408901657,434130.0,,,,57.06651637427202,Moyen-Faible,Semi-urbain,,Grande,0,Post-COVID,OUI
ITA,IT,Milan,2020,co,882.7410547795722,730.8399999999999,392.8147604627764,464.028,3089.138,4582,2020-05-06 16:00:00+00:00,2020-12-31 22:00:00+00:00,1354196.0,45.4669,9.19,Italy,Europe & Central Asia,High income,99.8851578267552,1.9280162015612,17491.7005792024,-8.86822122185345,-0.467315458844802,200.999100491348,33.818,5.36197425596458,4969.24141417202,2313.10006204514,18.7,82.1951219512195,32.3489349614665,35.2,20.9642039077686,7801490.0,6.19004673280315,32091.4866621366,1907481094079.23,69.5187492370606,59438851.0,101.836128234863,66.7072551997983,295717.0,17255.6,0.072076062113759,0.2721814343129228,22.8922201093298,Moyen-Élevé,Semi-urbain,Mixte-Fossile,Moyenne,1,COVID,OUI
ITA,IT,Milan,2020,no2,32.26315760095661,26.5150935,23.59562666382072,2.64804,273.99365,11708,2020-05-06 13:00:00+00:00,2020-12-31 22:00:00+00:00,1354196.0,45.4669,9.19,Italy,Europe & Central Asia,High income,99.8851578267552,1.9280162015612,17491.7005792024,-8.86822122185345,-0.467315458844802,200.999100491348,33.818,5.36197425596458,4969.24141417202,2313.10006204514,18.7,82.1951219512195,32.3489349614665,35.2,20.9642039077686,7801490.0,6.19004673280315,32091.4866621366,1907481094079.23,69.5187492370606,59438851.0,101.836128234863,66.7072551997983,295717.0,17255.6,0.072076062113759,0.2721814343129228,22.8922201093298,Moyen-Élevé,Semi-urbain,Mixte-Fossile,Moyenne,1,COVID,OUI
ITA,IT,Milan,2021,co,867.120946369536,761.2,389.0764885451412,464.026,7185.122,8167,2021-01-01 00:00:00+00:00,2021-12-20 07:00:00+00:00,1354196.0,45.4669,9.19,Italy,Europe & Central Asia,High income,99.8850975832792,1.83339290794707,18543.5624983085,8.93106210800055,-0.569555707316573,199.965416259464,33.75112,5.51287062950368,5290.22854904133,2531.08698798735,17.5,82.6463414634146,32.5308994748357,34.8,22.5572771105288,2449339.0,6.58354925640591,36852.5425414951,2179207773596.09,69.4812507629394,59133173.0,101.834869384766,64.8364560164046,295717.0,17305.2,0.0686796116041621,0.2979930070001989,24.39067001847587,Moyen-Élevé,Semi-urbain,Mixte-Fossile,Moyenne,0,Post-COVID,OUI
ITA,IT,Milan,2021,no2,36.12766706754492,32.551483,21.313833945342196,1.982459,152.1794,17307,2021-01-01 00:00:00+00:00,2021-12-20 07:00:00+00:00,1354196.0,45.4669,9.19,Italy,Europe & Central Asia,High income,99.8850975832792,1.83339290794707,18543.5624983085,8.93106210800055,-0.569555707316573,199.965416259464,33.75112,5.51287062950368,5290.22854904133,2531.08698798735,17.5,82.6463414634146,32.5308994748357,34.8,22.5572771105288,2449339.0,6.58354925640591,36852.5425414951,2179207773596.09,69.4812507629394,59133173.0,101.834869384766,64.8364560164046,295717.0,17305.2,0.0686796116041621,0.2979930070001989,24.39067001847587,Moyen-Élevé,Semi-urbain,Mixte-Fossile,Moyenne,0,Post-COVID,OUI
ITA,IT,Milan,2022,co,1040.5110432276658,956.552,427.9551417994504,464.197,7927.873,2429,2022-01-09 10:00:00+00:00,2022-03-14 12:00:00+00:00,1354196.0,45.4669,9.19,Italy,Europe & Central Asia,High income,99.8850325902598,1.89037175125669,19491.7701399258,4.82117669913565,-0.198376240638907,199.559268903016,33.783,8.52088843186212,5215.69012140866,2411.65172417311,,82.7,32.7125321249831,33.7,23.2791441111799,14670031.959,6.74423600424002,35653.9042103495,2104067630319.46,69.4839779766539,59013667.0,101.353858947754,64.5973224396351,295720.0,,0.0676387099498386,,25.16951586243659,Moyen-Élevé,Semi-urbain,,Moyenne,0,Post-COVID,OUI
ITA,IT,Milan,2022,no2,49.14915216421864,47.32531,22.29265169850724,2.716552,195.33995,4153,2022-01-09 10:00:00+00:00,2022-03-14 12:00:00+00:00,1354196.0,45.4669,9.19,Italy,Europe & Central Asia,High income,99.8850325902598,1.89037175125669,19491.7701399258,4.82117669913565,-0.198376240638907,199.559268903016,33.783,8.52088843186212,5215.69012140866,2411.65172417311,,82.7,32.7125321249831,33.7,23.2791441111799,14670031.959,6.74423600424002,35653.9042103495,2104067630319.46,69.4839779766539,59013667.0,101.353858947754,64.5973224396351,295720.0,,0.0676387099498386,,25.16951586243659,Moyen-Élevé,Semi-urbain,,Moyenne,0,Post-COVID,OUI
ITA,IT,Rome,2019,no2,45.90838190280515,44.0,20.271019727534554,1.0,157.0,23849,2019-01-01 00:00:00+00:00,2019-12-31 22:00:00+00:00,2748109.0,41.8931,12.4828,Italy,Europe & Central Asia,High income,99.8852225421869,1.81866879873849,19429.6138937421,0.429162533780342,-0.664041140382544,201.980545589195,33.845,7.23218752233259,5260.0173104957,2494.02659804115,17.3,83.4975609756098,32.1669704480973,34.6,21.0122984359559,27760301.0,6.06357600568992,33812.788724868,2019606796583.53,69.5050010681153,59729081.0,101.74178314209,66.0942211230759,295717.0,16778.6,0.0737576796949388,0.3952015039526005,22.830967234694388,Moyen-Élevé,Semi-urbain,Mixte-Fossile,Moyenne,0,Pre-COVID,OUI
ITA,IT,Rome,2019,o3,38.73130361241996,36.0,30.255230583726902,0.0,149.0,8277,2019-01-01 00:00:00+00:00,2019-12-31 22:00:00+00:00,2748109.0,41.8931,12.4828,Italy,Europe & Central Asia,High income,99.8852225421869,1.81866879873849,19429.6138937421,0.429162533780342,-0.664041140382544,201.980545589195,33.845,7.23218752233259,5260.0173104957,2494.02659804115,17.3,83.4975609756098,32.1669704480973,34.6,21.0122984359559,27760301.0,6.06357600568992,33812.788724868,2019606796583.53,69.5050010681153,59729081.0,101.74178314209,66.0942211230759,295717.0,16778.6,0.0737576796949388,0.3952015039526005,22.830967234694388,Moyen-Élevé,Semi-urbain,Mixte-Fossile,Moyenne,0,Pre-COVID,OUI
ITA,IT,Rome,2019,pm10,25.492781520692976,24.0,10.792655028489246,0.0,95.0,1039,2019-01-01 22:00:00+00:00,2019-12-31 22:00:00+00:00,2748109.0,41.8931,12.4828,Italy,Europe & Central Asia,High income,99.8852225421869,1.81866879873849,19429.6138937421,0.429162533780342,-0.664041140382544,201.980545589195,33.845,7.23218752233259,5260.0173104957,2494.02659804115,17.3,83.4975609756098,32.1669704480973,34.6,21.0122984359559,27760301.0,6.06357600568992,33812.788724868,2019606796583.53,69.5050010681153,59729081.0,101.74178314209,66.0942211230759,295717.0,16778.6,0.0737576796949388,0.3952015039526005,22.830967234694388,Moyen-Élevé,Semi-urbain,Mixte-Fossile,Moyenne,0,Pre-COVID,OUI
ITA,IT,Rome,2019,pm25,14.22222222222222,13.0,6.62347916056782,2.0,50.0,351,2019-01-01 22:00:00+00:00,2019-12-31 22:00:00+00:00,2748109.0,41.8931,12.4828,Italy,Europe & Central Asia,High income,99.8852225421869,1.81866879873849,19429.6138937421,0.429162533780342,-0.664041140382544,201.980545589195,33.845,7.23218752233259,5260.0173104957,2494.02659804115,17.3,83.4975609756098,32.1669704480973,34.6,21.0122984359559,27760301.0,6.06357600568992,33812.788724868,2019606796583.53,69.5050010681153,59729081.0,101.74178314209,66.0942211230759,295717.0,16778.6,0.0737576796949388,0.3952015039526005,22.830967234694388,Moyen-Élevé,Semi-urbain,Mixte-Fossile,Moyenne,0,Pre-COVID,OUI
ITA,IT,Rome,2020,no2,44.18430622009569,42.0,23.94136420735272,0.0,208.0,10450,2020-01-01 00:00:00+00:00,2020-12-31 21:00:00+00:00,2748109.0,41.8931,12.4828,Italy,Europe & Central Asia,High income,99.8851578267552,1.9280162015612,17491.7005792024,-8.86822122185345,-0.467315458844802,200.999100491348,33.818,5.36197425596458,4969.24141417202,2313.10006204514,18.7,82.1951219512195,32.3489349614665,35.2,20.9642039077686,7801490.0,6.19004673280315,32091.4866621366,1907481094079.23,69.5187492370606,59438851.0,101.836128234863,66.7072551997983,295717.0,17255.6,0.072076062113759,0.2721814343129228,22.8922201093298,Moyen-Élevé,Semi-urbain,Mixte-Fossile,Moyenne,1,COVID,OUI
ITA,IT,Rome,2020,o3,29.337142857142855,21.0,27.27829599734716,0.0,96.0,2100,2020-01-01 00:00:00+00:00,2020-04-04 21:00:00+00:00,2748109.0,41.8931,12.4828,Italy,Europe & Central Asia,High income,99.8851578267552,1.9280162015612,17491.7005792024,-8.86822122185345,-0.467315458844802,200.999100491348,33.818,5.36197425596458,4969.24141417202,2313.10006204514,18.7,82.1951219512195,32.3489349614665,35.2,20.9642039077686,7801490.0,6.19004673280315,32091.4866621366,1907481094079.23,69.5187492370606,59438851.0,101.836128234863,66.7072551997983,295717.0,17255.6,0.072076062113759,0.2721814343129228,22.8922201093298,Moyen-Élevé,Semi-urbain,Mixte-Fossile,Moyenne,1,COVID,OUI
ITA,IT,Rome,2020,pm10,33.38059701492537,30.5,15.257733239648532,6.0,76.0,268,2020-01-01 22:00:00+00:00,2020-04-03 21:00:00+00:00,2748109.0,41.8931,12.4828,Italy,Europe & Central Asia,High income,99.8851578267552,1.9280162015612,17491.7005792024,-8.86822122185345,-0.467315458844802,200.999100491348,33.818,5.36197425596458,4969.24141417202,2313.10006204514,18.7,82.1951219512195,32.3489349614665,35.2,20.9642039077686,7801490.0,6.19004673280315,32091.4866621366,1907481094079.23,69.5187492370606,59438851.0,101.836128234863,66.7072551997983,295717.0,17255.6,0.072076062113759,0.2721814343129228,22.8922201093298,Moyen-Élevé,Semi-urbain,Mixte-Fossile,Moyenne,1,COVID,OUI
ITA,IT,Rome,2020,pm25,17.955555555555556,16.0,10.250690424662729,2.0,44.0,90,2020-01-01 22:00:00+00:00,2020-04-03 21:00:00+00:00,2748109.0,41.8931,12.4828,Italy,Europe & Central Asia,High income,99.8851578267552,1.9280162015612,17491.7005792024,-8.86822122185345,-0.467315458844802,200.999100491348,33.818,5.36197425596458,4969.24141417202,2313.10006204514,18.7,82.1951219512195,32.3489349614665,35.2,20.9642039077686,7801490.0,6.19004673280315,32091.4866621366,1907481094079.23,69.5187492370606,59438851.0,101.836128234863,66.7072551997983,295717.0,17255.6,0.072076062113759,0.2721814343129228,22.8922201093298,Moyen-Élevé,Semi-urbain,Mixte-Fossile,Moyenne,1,COVID,OUI
ITA,IT,Rome,2021,no2,39.6830404685836,36.0,21.782962294558263,1.0,174.0,7512,2021-01-18 23:00:00+00:00,2021-12-31 22:00:00+00:00,2748109.0,41.8931,12.4828,Italy,Europe & Central Asia,High income,99.8850975832792,1.83339290794707,18543.5624983085,8.93106210800055,-0.569555707316573,199.965416259464,33.75112,5.51287062950368,5290.22854904133,2531.08698798735,17.5,82.6463414634146,32.5308994748357,34.8,22.5572771105288,2449339.0,6.58354925640591,36852.5425414951,2179207773596.09,69.4812507629394,59133173.0,101.834869384766,64.8364560164046,295717.0,17305.2,0.0686796116041621,0.2979930070001989,24.39067001847587,Moyen-Élevé,Semi-urbain,Mixte-Fossile,Moyenne,0,Post-COVID,OUI
ITA,IT,Rome,2021,o3,17.373294346978557,13.0,14.171425329457763,2.0,71.0,1026,2021-11-10 10:00:00+00:00,2021-12-31 22:00:00+00:00,2748109.0,41.8931,12.4828,Italy,Europe & Central Asia,High income,99.8850975832792,1.83339290794707,18543.5624983085,8.93106210800055,-0.569555707316573,199.965416259464,33.75112,5.51287062950368,5290.22854904133,2531.08698798735,17.5,82.6463414634146,32.5308994748357,34.8,22.5572771105288,2449339.0,6.58354925640591,36852.5425414951,2179207773596.09,69.4812507629394,59133173.0,101.834869384766,64.8364560164046,295717.0,17305.2,0.0686796116041621,0.2979930070001989,24.39067001847587,Moyen-Élevé,Semi-urbain,Mixte-Fossile,Moyenne,0,Post-COVID,OUI
ITA,IT,Rome,2021,pm10,19.73958333333333,18.0,8.222235310958446,5.0,44.0,96,2021-11-14 22:00:00+00:00,2021-12-18 22:00:00+00:00,2748109.0,41.8931,12.4828,Italy,Europe & Central Asia,High income,99.8850975832792,1.83339290794707,18543.5624983085,8.93106210800055,-0.569555707316573,199.965416259464,33.75112,5.51287062950368,5290.22854904133,2531.08698798735,17.5,82.6463414634146,32.5308994748357,34.8,22.5572771105288,2449339.0,6.58354925640591,36852.5425414951,2179207773596.09,69.4812507629394,59133173.0,101.834869384766,64.8364560164046,295717.0,17305.2,0.0686796116041621,0.2979930070001989,24.39067001847587,Moyen-Élevé,Semi-urbain,Mixte-Fossile,Moyenne,0,Post-COVID,OUI
ITA,IT,Rome,2021,pm25,12.606060606060606,12.0,6.264679730138814,2.0,28.0,33,2021-11-14 22:00:00+00:00,2021-12-18 22:00:00+00:00,2748109.0,41.8931,12.4828,Italy,Europe & Central Asia,High income,99.8850975832792,1.83339290794707,18543.5624983085,8.93106210800055,-0.569555707316573,199.965416259464,33.75112,5.51287062950368,5290.22854904133,2531.08698798735,17.5,82.6463414634146,32.5308994748357,34.8,22.5572771105288,2449339.0,6.58354925640591,36852.5425414951,2179207773596.09,69.4812507629394,59133173.0,101.834869384766,64.8364560164046,295717.0,17305.2,0.0686796116041621,0.2979930070001989,24.39067001847587,Moyen-Élevé,Semi-urbain,Mixte-Fossile,Moyenne,0,Post-COVID,OUI
ITA,IT,Rome,2022,no2,36.600875198908845,34.0,18.943045829791284,0.0,154.0,17596,2022-01-02 22:00:00+00:00,2022-12-31 22:00:00+00:00,2748109.0,41.8931,12.4828,Italy,Europe & Central Asia,High income,99.8850325902598,1.89037175125669,19491.7701399258,4.82117669913565,-0.198376240638907,199.559268903016,33.783,8.52088843186212,5215.69012140866,2411.65172417311,,82.7,32.7125321249831,33.7,23.2791441111799,14670031.959,6.74423600424002,35653.9042103495,2104067630319.46,69.4839779766539,59013667.0,101.353858947754,64.5973224396351,295720.0,,0.0676387099498386,,25.16951586243659,Moyen-Élevé,Semi-urbain,,Moyenne,0,Post-COVID,OUI
ITA,IT,Rome,2022,o3,37.55988960441582,40.0,25.36212249116505,0.0,109.0,5435,2022-01-02 22:00:00+00:00,2022-12-31 22:00:00+00:00,2748109.0,41.8931,12.4828,Italy,Europe & Central Asia,High income,99.8850325902598,1.89037175125669,19491.7701399258,4.82117669913565,-0.198376240638907,199.559268903016,33.783,8.52088843186212,5215.69012140866,2411.65172417311,,82.7,32.7125321249831,33.7,23.2791441111799,14670031.959,6.74423600424002,35653.9042103495,2104067630319.46,69.4839779766539,59013667.0,101.353858947754,64.5973224396351,295720.0,,0.0676387099498386,,25.16951586243659,Moyen-Élevé,Semi-urbain,,Moyenne,0,Post-COVID,OUI
ITA,IT,Rome,2022,pm10,24.29562043795621,22.0,11.013321062351627,3.0,60.0,274,2022-09-28 21:00:00+00:00,2022-12-31 22:00:00+00:00,2748109.0,41.8931,12.4828,Italy,Europe & Central Asia,High income,99.8850325902598,1.89037175125669,19491.7701399258,4.82117669913565,-0.198376240638907,199.559268903016,33.783,8.52088843186212,5215.69012140866,2411.65172417311,,82.7,32.7125321249831,33.7,23.2791441111799,14670031.959,6.74423600424002,35653.9042103495,2104067630319.46,69.4839779766539,59013667.0,101.353858947754,64.5973224396351,295720.0,,0.0676387099498386,,25.16951586243659,Moyen-Élevé,Semi-urbain,,Moyenne,0,Post-COVID,OUI
ITA,IT,Rome,2022,pm25,15.655172413793103,15.0,6.954716629752816,2.0,31.0,87,2022-09-28 21:00:00+00:00,2022-12-31 22:00:00+00:00,2748109.0,41.8931,12.4828,Italy,Europe & Central Asia,High income,99.8850325902598,1.89037175125669,19491.7701399258,4.82117669913565,-0.198376240638907,199.559268903016,33.783,8.52088843186212,5215.69012140866,2411.65172417311,,82.7,32.7125321249831,33.7,23.2791441111799,14670031.959,6.74423600424002,35653.9042103495,2104067630319.46,69.4839779766539,59013667.0,101.353858947754,64.5973224396351,295720.0,,0.0676387099498386,,25.16951586243659,Moyen-Élevé,Semi-urbain,,Moyenne,0,Post-COVID,OUI
ITA,IT,Rome,2023,no2,33.111275893412426,31.0,16.396850932975674,0.0,132.0,20903,2023-01-01 00:00:00+00:00,2023-12-31 22:00:00+00:00,2748109.0,41.8931,12.4828,Italy,Europe & Central Asia,High income,99.8849719036501,1.85975769551569,19738.6086002354,0.975694840127005,0.0280218946170541,199.459678073854,,5.43072575892655,5047.46897034285,2298.39093933589,,83.7,32.8944947923712,34.3,23.6677353518388,20264734.0,6.89266988017347,39277.0838783918,2316727999333.18,69.5381540123301,58984216.0,100.678756713867,64.3071085027142,295720.0,,0.0585158620886878,,25.52749304735449,Moyen-Élevé,Semi-urbain,,Moyenne,0,Post-COVID,OUI
ITA,IT,Rome,2023,o3,35.72948664729487,36.0,23.22120770893096,0.0,123.0,7227,2023-01-01 00:00:00+00:00,2023-12-31 22:00:00+00:00,2748109.0,41.8931,12.4828,Italy,Europe & Central Asia,High income,99.8849719036501,1.85975769551569,19738.6086002354,0.975694840127005,0.0280218946170541,199.459678073854,,5.43072575892655,5047.46897034285,2298.39093933589,,83.7,32.8944947923712,34.3,23.6677353518388,20264734.0,6.89266988017347,39277.0838783918,2316727999333.18,69.5381540123301,58984216.0,100.678756713867,64.3071085027142,295720.0,,0.0585158620886878,,25.52749304735449,Moyen-Élevé,Semi-urbain,,Moyenne,0,Post-COVID,OUI
ITA,IT,Rome,2023,pm10,22.488713318284425,20.0,10.55399820525808,2.0,67.0,886,2023-01-01 22:00:00+00:00,2023-12-30 23:00:00+00:00,2748109.0,41.8931,12.4828,Italy,Europe & Central Asia,High income,99.8849719036501,1.85975769551569,19738.6086002354,0.975694840127005,0.0280218946170541,199.459678073854,,5.43072575892655,5047.46897034285,2298.39093933589,,83.7,32.8944947923712,34.3,23.6677353518388,20264734.0,6.89266988017347,39277.0838783918,2316727999333.18,69.5381540123301,58984216.0,100.678756713867,64.3071085027142,295720.0,,0.0585158620886878,,25.52749304735449,Moyen-Élevé,Semi-urbain,,Moyenne,0,Post-COVID,OUI
ITA,IT,Rome,2023,pm25,12.95221843003413,11.0,7.372972453592916,1.0,47.0,293,2023-01-01 22:00:00+00:00,2023-12-30 23:00:00+00:00,2748109.0,41.8931,12.4828,Italy,Europe & Central Asia,High income,99.8849719036501,1.85975769551569,19738.6086002354,0.975694840127005,0.0280218946170541,199.459678073854,,5.43072575892655,5047.46897034285,2298.39093933589,,83.7,32.8944947923712,34.3,23.6677353518388,20264734.0,6.89266988017347,39277.0838783918,2316727999333.18,69.5381540123301,58984216.0,100.678756713867,64.3071085027142,295720.0,,0.0585158620886878,,25.52749304735449,Moyen-Élevé,Semi-urbain,,Moyenne,0,Post-COVID,OUI
JOR,JO,Amman,2019,pm25,27.23472278429785,24.0,13.328880408700352,5.0,101.0,2471,2019-10-22 12:00:00+00:00,2019-12-31 22:00:00+00:00,4007526.0,31.9497,35.9328,Jordan,"Middle East, North Africa, Afghanistan & Pakistan",Lower middle income,96.9442655127058,4.37193790468563,,1.75124077866225,2.32831806097301,120.187073450909,0.94184,0.0,1725.46739842077,811.583012032737,8.5,76.865,1.09804716534901,,24.1116880393062,3478444.0,10.9589708605399,4170.1144003465,44503006338.0282,91.515966492507,10671891.0,89.5104774843719,61.2229700766062,88794.0,,0.1945722255820453,0.0,28.48362594399183,Faible,Très urbain,Fossile,Moyenne,0,Pre-COVID,OUI
JOR,JO,Amman,2020,pm25,20.97477024449454,18.0,13.642922643591016,3.0,727.0,11534,2020-01-01 00:00:00+00:00,2020-11-02 02:00:00+00:00,4007526.0,31.9497,35.9328,Jordan,"Middle East, North Africa, Afghanistan & Pakistan",Lower middle income,96.8379669917401,4.64657447164546,,-1.10275188309046,2.12892347760868,122.364439038674,0.95752,0.0,1713.99992710691,754.943831707803,10.7,75.583,1.09804716534901,,23.5538100159112,816253.0,10.9559924641322,4022.0401356135,43700383098.5916,91.8216722992319,10865228.0,90.1992992911958,61.7764845713797,88794.0,,0.1876550584282641,0.0,28.20038448755666,Faible,Très urbain,Mixte-Fossile,Moyenne,1,COVID,OUI
JOR,JO,Amman,2022,o3,0.0190176991150442,0.021,0.013061354331234,0.0,0.046,565,2022-11-10 17:00:00+00:00,2022-11-29 20:00:00+00:00,4007526.0,31.9497,35.9328,Jordan,"Middle East, North Africa, Afghanistan & Pakistan",Lower middle income,96.6260204300308,4.81784457116001,,2.64743514912058,2.0124459019715,126.768283893056,0.94987,,1790.64757104556,754.305503117865,,77.088,1.09804716534901,,24.4882015845826,3179936.0,10.958904109589,4332.25159897931,48764963380.2817,92.4048379066163,11256263.0,90.9912658899133,60.4423893118368,88794.0,,0.1740737840598825,,29.30604615574261,Faible,Très urbain,,Moyenne,0,Post-COVID,OUI
JOR,JO,Amman,2022,pm25,13.512231282431433,10.0,9.845356501760897,0.0,55.0,1349,2022-10-19 14:00:00+00:00,2022-11-29 20:00:00+00:00,4007526.0,31.9497,35.9328,Jordan,"Middle East, North Africa, Afghanistan & Pakistan",Lower middle income,96.6260204300308,4.81784457116001,,2.64743514912058,2.0124459019715,126.768283893056,0.94987,,1790.64757104556,754.305503117865,,77.088,1.09804716534901,,24.4882015845826,3179936.0,10.958904109589,4332.25159897931,48764963380.2817,92.4048379066163,11256263.0,90.9912658899133,60.4423893118368,88794.0,,0.1740737840598825,,29.30604615574261,Faible,Très urbain,,Moyenne,0,Post-COVID,OUI
JOR,JO,Amman,2023,o3,0.0497937906440109,0.051,0.018211585132169,0.0,0.1,4767,2023-01-02 11:00:00+00:00,2023-09-10 07:00:00+00:00,4007526.0,31.9497,35.9328,Jordan,"Middle East, North Africa, Afghanistan & Pakistan",Lower middle income,96.5203168428374,4.81197818811884,,2.88408339281683,1.91199176098978,128.828670856139,,,,,,77.814,1.09804716534901,,24.7963140068339,3731345.0,,4466.08314208575,51088476338.0282,92.682236868336,11439213.0,91.9696843781763,60.7775742112037,88794.0,,,,29.60829219495274,Faible,Très urbain,,Moyenne,0,Post-COVID,OUI
JOR,JO,Amman,2023,pm25,13.490753270184934,11.0,9.607502812016037,0.0,122.0,4434,2023-01-02 12:00:00+00:00,2023-09-10 07:00:00+00:00,4007526.0,31.9497,35.9328,Jordan,"Middle East, North Africa, Afghanistan & Pakistan",Lower middle income,96.5203168428374,4.81197818811884,,2.88408339281683,1.91199176098978,128.828670856139,,,,,,77.814,1.09804716534901,,24.7963140068339,3731345.0,,4466.08314208575,51088476338.0282,92.682236868336,11439213.0,91.9696843781763,60.7775742112037,88794.0,,,,29.60829219495274,Faible,Très urbain,,Moyenne,0,Post-COVID,OUI
KAZ,KZ,Almaty,2020,pm25,30.174670633234168,13.0,44.43486778627496,0.0,337.0,4706,2020-04-09 16:00:00+00:00,2020-12-31 22:00:00+00:00,2228675.0,43.24,76.915,Kazakhstan,Europe & Central Asia,Upper middle income,97.9463161907176,5.3912826934481,5664.14934647145,-2.49999999628,2.92716065006808,7.21640071119013,24.585,67.2837947515556,5306.86680508078,3388.38789091494,1.8,71.195,1.27965329481053,28.7,33.0977971542858,5282205.0,6.08350617729281,8781.50797787648,171082365861.423,59.9871193541692,19482117.0,91.9490206290752,56.1027808941057,2699700.0,16063.0,0.3858109664631602,24.029926696984145,38.4890798477339,Moyen-Faible,Semi-urbain,Fossile,Moyenne,1,COVID,OUI
KAZ,KZ,Almaty,2021,pm25,42.18333007239288,21.0,48.11928512279048,0.0,421.0,5111,2021-01-01 00:00:00+00:00,2021-12-31 22:00:00+00:00,2228675.0,43.24,76.915,Kazakhstan,Europe & Central Asia,Upper middle income,97.9538478987078,5.03000193996331,5938.90265264179,4.29999999729456,3.05723949739748,7.31325813979331,24.517,64.1330228193052,5321.52110230336,3540.40029844449,2.0,70.131,1.29048383153684,29.2,35.2669295966944,8765001.0,8.206607692174,9983.60103576902,197112255360.612,61.030254280267,19743603.0,94.310522086739,53.9193570155211,2699700.0,16005.6,0.3545860556432144,21.37767427310173,40.29693153665772,Moyen-Faible,Semi-urbain,Fossile,Moyenne,0,Post-COVID,OUI
KAZ,KZ,Almaty,2022,pm25,37.24501907587961,23.0,39.44565731288443,0.0,375.0,4718,2022-01-01 00:00:00+00:00,2022-12-31 22:00:00+00:00,2228675.0,43.24,76.915,Kazakhstan,Europe & Central Asia,Upper middle income,97.9526402205332,5.24714480730074,6080.0651788511,3.19999999970734,2.13907622947007,7.42105011667963,24.966,62.0825701000423,5271.52788457214,3506.54555005386,,73.503,1.3013145534689,,34.9793974237581,9756366.526,8.26845850359307,11255.3396437881,225496328925.494,61.444157327248,20034609.0,94.0433413378673,52.6439186616041,2699700.0,,0.3115173902902774,,40.22654223105884,Moyen-Faible,Semi-urbain,,Moyenne,0,Post-COVID,OUI
KAZ,KZ,Almaty,2023,pm25,25.56005453306067,13.0,37.38406731055184,0.0,342.0,7335,2023-01-01 00:00:00+00:00,2023-12-31 22:00:00+00:00,2228675.0,43.24,76.915,Kazakhstan,Europe & Central Asia,Upper middle income,97.948876378574,3.82500311361663,6442.7626391919,5.09999999973641,1.97053853166674,7.53050487091158,,58.362459831844,5145.57131631004,3650.54759330848,,74.402,1.31214516427751,,32.4284843310401,11884241.039,9.72399524585112,12879.4275257974,261840101059.923,61.7560919499181,20330104.0,95.2393054334066,56.3444686710489,2699700.0,,0.2834182006767265,,36.253487444656734,Moyen-Faible,Semi-urbain,,Moyenne,0,Post-COVID,OUI
KGZ,KG,Bishkek,2019,pm25,38.98069738480697,25.0,47.12763600044029,8.0,753.0,8030,2019-03-08 19:00:00+00:00,2019-12-31 22:00:00+00:00,1145044.0,42.8667,74.5667,Kyrgyz Republic,Europe & Central Asia,Lower middle income,97.7833519513512,10.3739026248931,1025.80412415317,4.60062565707598,2.069423273233,34.3598070907195,7.707,7.48263314588157,1911.92664392688,609.881986975567,28.3,71.6,6.76298227320125,29.7,26.5803149529246,867935.0,16.6258683427059,1421.99927504102,9371275264.36735,34.8805205758044,6590211.0,91.6686153595535,50.3261850794905,191800.0,424.0,0.4285891058925425,0.2553799708492003,36.9542175778177,Faible,Rural,Mixte-Fossile,Moyenne,0,Pre-COVID,OUI
KGZ,KG,Bishkek,2020,pm25,32.40473261451625,13.0,54.822978144086434,0.0,785.0,13819,2020-01-01 00:00:00+00:00,2020-12-31 22:00:00+00:00,1145044.0,42.8667,74.5667,Kyrgyz Republic,Europe & Central Asia,Lower middle income,98.017628465842,12.1696556730884,942.763740525857,-7.14897757727955,1.86734749493336,35.0708863399374,7.707,8.3484809140483,1889.5143992593,562.289152674562,30.0,71.8,6.85808133472367,29.0,26.9042468476068,191774.0,17.8135549207998,1229.51766602907,8270468614.24051,34.8174315392111,6726596.0,92.1655305586517,50.6891009156643,191800.0,424.0,0.4569533361427405,0.2693058359370419,39.0739025206952,Faible,Rural,Mixte-Fossile,Moyenne,1,COVID,OUI
KGZ,KG,Bishkek,2021,pm25,41.443637234552135,17.0,78.18037269852644,0.0,972.0,12526,2021-01-01 00:00:00+00:00,2021-12-31 22:00:00+00:00,1145044.0,42.8667,74.5667,Kyrgyz Republic,Europe & Central Asia,Lower middle income,98.1478549913374,12.4122330298243,1099.80903249552,5.50700762671923,1.6480667003564,35.7206673618352,7.707,13.0334258158277,1975.4134443714,595.833222359916,27.6,71.9,6.95318039624609,28.8,23.7483015677374,171347.337,18.0869335447219,1349.99730650542,9249133946.26531,34.7521210171204,6851224.0,92.5062000270634,51.036010149015,191800.0,417.0,0.4410321319597136,0.4557141893646049,36.1605345975617,Faible,Rural,Mixte-Fossile,Moyenne,0,Post-COVID,OUI
KGZ,KG,Bishkek,2022,pm25,35.41452205882353,21.0,53.8437700220556,0.0,655.0,14144,2022-01-01 00:00:00+00:00,2022-12-31 22:00:00+00:00,1145044.0,42.8667,74.5667,Kyrgyz Republic,Europe & Central Asia,Lower middle income,98.278227766543,10.9968056651977,1264.23942933946,8.96750520041391,1.64444305813084,36.3671532846715,7.707,12.944820631033,1971.40735345982,645.014246171812,,72.0487804878049,7.04827945776851,26.4,24.1941421977643,824742.0,17.2021322575998,1739.72018344174,12134931017.9465,34.7003053497743,6975220.0,,51.0155429673593,191800.0,,0.370544474814151,,35.190947862962,Faible,Rural,,Moyenne,0,Post-COVID,OUI
KGZ,KG,Bishkek,2023,pm25,23.48533780546239,13.0,57.89304082552557,0.0,855.0,12522,2023-01-01 00:00:00+00:00,2023-12-31 22:00:00+00:00,1145044.0,42.8667,74.5667,Kyrgyz Republic,Europe & Central Asia,Lower middle income,98.4088738227501,9.49216108207808,1473.39011305909,9.0132928339342,1.78721360762115,37.0164233576642,,,,,,72.2487804878049,7.14337851929093,27.2,23.5839337797005,804478.2,,2138.22210211478,15180842369.4894,34.706439175362,7099750.0,91.2655243671618,51.299348443838,191800.0,,,,33.076094861778586,Faible,Rural,,Moyenne,0,Post-COVID,OUI
KWT,KW,Kuwait City,2019,pm25,47.38895068594735,39.0,35.76716867505489,1.0,633.0,8091,2019-01-01 00:00:00+00:00,2019-12-31 22:00:00+00:00,2989000.0,29.3697,47.9783,Kuwait,"Middle East, North Africa, Afghanistan & Pakistan",High income,100.0,0.370434138380291,11960.5637289419,2.26381706595791,2.71071332448015,249.288215488215,0.7701,0.0,15390.6205681901,8352.78024104055,0.1,81.969756097561,0.350729517396184,,57.7186566770031,7385299.0,8.92621651503243,31707.8737443551,140856394860.529,100.0,4442316.0,,54.6024842626311,17820.0,,0.2634209057181519,0.0,58.08909081538339,Moyen-Élevé,Très urbain,Fossile,Moyenne,0,Pre-COVID,OUI
KWT,KW,Kuwait City,2020,pm25,44.439340101522845,37.0,45.43783001048244,0.0,931.0,7880,2020-01-01 00:00:00+00:00,2020-12-31 22:00:00+00:00,2989000.0,29.3697,47.9783,Kuwait,"Middle East, North Africa, Afghanistan & Pakistan",High income,100.0,0.496326689989677,10714.1494443693,-4.81731593381585,-0.951064116715736,246.928563411897,0.7701,0.0,15481.1060328839,8871.9407246336,0.1,78.7609756097561,0.350729517396184,,48.4612101735294,1823594.0,8.87554176253411,25236.0755848941,111045470605.715,100.0,4400267.0,,66.9624896439687,17820.0,,0.3515439296755915,0.0,48.95753686351908,Moyen-Élevé,Très urbain,Fossile,Moyenne,1,COVID,OUI
KWT,KW,Kuwait City,2021,pm25,40.87948084054389,34.0,38.697739810729445,1.0,885.0,6472,2021-01-01 00:00:00+00:00,2021-12-27 09:00:00+00:00,2989000.0,29.3697,47.9783,Kuwait,"Middle East, North Africa, Afghanistan & Pakistan",High income,100.0,0.473024818982534,11631.5393457774,1.67213054307859,-0.899478872255975,244.717452300786,0.7701,0.0,16867.9837601026,8570.59391176127,0.1,78.7365853658537,0.350729517396184,,58.3067931153035,2182888.0,8.94022109159332,34018.6342592913,148350671489.144,100.0,4360865.0,,53.4881361305761,17820.0,,0.2519308069698164,0.0,58.77981793428604,Moyen-Élevé,Très urbain,Fossile,Moyenne,0,Post-COVID,OUI
KWT,KW,Kuwait City,2022,pm25,58.78764852169108,43.0,66.43337001137166,2.0,889.0,7238,2022-01-03 16:00:00+00:00,2022-12-30 06:00:00+00:00,2989000.0,29.3697,47.9783,Kuwait,"Middle East, North Africa, Afghanistan & Pakistan",High income,100.0,0.402460238899801,11242.0464200911,6.75866711966617,5.11318110910574,257.555723905724,0.7701,,16570.5698678525,9129.59798629005,,80.5878048780488,0.350729517396184,,65.7663289580606,7330465.0,8.96653260557311,39981.7691035833,183502046693.878,100.0,4589643.0,,44.820980636545,17820.0,,0.2283383115020876,,66.1687891969604,Moyen-Élevé,Très urbain,,Moyenne,0,Post-COVID,OUI
KWT,KW,Kuwait City,2023,pm25,38.951384708007225,34.0,24.19679246318926,0.0,371.0,6644,2023-01-03 16:00:00+00:00,2023-12-31 22:00:00+00:00,2989000.0,29.3697,47.9783,Kuwait,"Middle East, North Africa, Afghanistan & Pakistan",High income,100.0,0.468735596188185,10898.3212202541,-1.6672059801285,5.58813678140227,272.358024691358,,,,,,83.1878048780488,0.350729517396184,,60.2941364651985,9499895.0,,34075.849012909,165384407116.233,100.0,4853420.0,,52.0739013795774,17820.0,,,,60.76287206138668,Moyen-Élevé,Très urbain,,Moyenne,0,Post-COVID,OUI
LAO,LA,Vientiane,2019,pm25,26.13889595522768,15.0,30.459517883943107,0.0,233.0,3931,2019-06-16 01:00:00+00:00,2019-12-31 22:00:00+00:00,948487.0,17.98,102.63,Lao PDR,East Asia & Pacific,Lower middle income,78.292642485837,16.0503390570341,,5.4577350924848,3.50095696138419,31.3589081455806,7.35,36.5202356557377,935.388295294209,782.690308446395,50.5,67.911,72.053726169844,,31.531381987864,979307.0,5.41752049180328,2589.32081035237,18740561512.5555,35.9072880879451,7237636.0,64.986385458831,41.5143522873285,230800.0,,0.3021596032886455,0.7091307894318,47.5817210448981,Faible,Rural,Mixte-Renouvelable,Petite,0,Pre-COVID,OUI
LAO,LA,Vientiane,2020,pm25,32.50494905385735,21.0,32.4520393327491,0.0,229.0,6870,2020-01-01 00:00:00+00:00,2020-12-31 22:00:00+00:00,948487.0,17.98,102.63,Lao PDR,East Asia & Pacific,Lower middle income,80.7027420895793,16.3377623592616,,0.503031829018681,3.45470162517781,31.8307322357019,7.35,28.410228182546,867.75625999366,701.728790627854,50.6,68.339,71.9042461005199,,32.4163678323352,386950.0,3.98568855084067,2583.77730696131,18981805250.2424,36.6185033569111,7346533.0,62.4493058083911,41.0498993391489,230800.0,,0.2714852025116289,0.5505858174912015,48.7541301915968,Faible,Rural,Mixte-Renouvelable,Petite,1,COVID,OUI
LAO,LA,Vientiane,2021,pm25,29.935004503152207,18.0,33.32107108503563,0.0,239.0,6662,2021-01-01 00:00:00+00:00,2021-12-31 22:00:00+00:00,948487.0,17.98,102.63,Lao PDR,East Asia & Pacific,Lower middle income,83.0975867054683,16.0676970155249,,2.52835100486102,3.38932250915895,32.2928682842288,7.35,26.4521874652121,1030.43071198737,727.414717441626,51.5,67.807,71.7547660311958,,34.1299777246213,157293.0,4.27251475008349,2526.05105018529,18827148530.9347,37.338778268357,7453194.0,59.8530595325837,38.8487055906363,230800.0,,0.2878512159017484,0.5038511898135638,50.1976747401462,Faible,Rural,Mixte-Renouvelable,Petite,0,Post-COVID,OUI
LAO,LA,Vientiane,2022,pm25,67.48787237506104,20.0,185.00026175384,0.0,985.0,6143,2022-01-01 00:00:00+00:00,2022-12-31 22:00:00+00:00,948487.0,17.98,102.63,Lao PDR,East Asia & Pacific,Lower middle income,85.1292056400031,14.8688822282276,,2.70742652643155,3.3444962471709,32.7513301559792,7.35,23.8658854421822,1263.52575146444,815.086540442856,49.2,68.715,71.6052859618717,,34.1089797342112,461727.244,4.67754894083988,2046.40440255621,15468785203.7532,38.0682382805397,7559007.0,56.8782044614964,40.2787651580097,230800.0,,0.3981072520041522,0.475416044664984,48.9778619624388,Faible,Rural,Mixte-Renouvelable,Petite,0,Post-COVID,OUI
LAO,LA,Vientiane,2023,pm25,49.69385026737968,16.0,151.5083022882544,0.0,985.0,5236,2023-01-01 00:00:00+00:00,2023-11-30 02:00:00+00:00,948487.0,17.98,102.63,Lao PDR,East Asia & Pacific,Lower middle income,86.9959981840748,16.1390568351887,,3.74568140158232,3.31444373244951,33.2105415944541,,,,,,68.964,71.4558058925477,,30.5335808308347,842280.306,,2066.94979776957,15843155731.2552,38.8070088517156,7664993.0,54.4330611689851,43.9974165114598,230800.0,,,,46.672637666023405,Faible,Rural,,Petite,0,Post-COVID,OUI
LKA,LK,Colombo,2019,pm25,21.82047698086835,16.0,21.624530308027094,0.0,874.0,11447,2019-01-01 00:30:00+00:00,2019-12-31 23:30:00+00:00,752993.0,6.9167,79.8333,Sri Lanka,South Asia,Lower middle income,92.4879479800339,7.2562467000326,2774.92627980836,-0.220483886831275,1.49046087067776,352.431694638296,12.946,33.1314504665966,679.264321423657,523.423393496303,46.1,76.698,34.2067102490331,37.7,29.1910098710383,5582446.0,8.47290031518448,4081.94772722003,88998706296.5783,19.4946326418437,21803000.0,,55.7458586321945,61864.47,1562.0,0.1281974270713203,0.7034278230699914,36.4472565710709,Faible,Rural,Mixte-Renouvelable,Petite,0,Pre-COVID,OUI
LKA,LK,Colombo,2020,pm25,21.756238997618308,17.0,18.51411882756248,0.0,781.0,9657,2020-01-01 00:30:00+00:00,2020-12-30 08:30:00+00:00,752993.0,6.9167,79.8333,Sri Lanka,South Asia,Lower middle income,93.3463184770693,8.25132326058186,2601.14467568252,-4.62451503749502,1.38644327243949,354.332363401229,12.946,38.6493380298798,682.604133400246,511.066363818929,49.3,76.928,34.1580989330747,,28.235832875126,1240391.0,9.13397303534556,3847.60137695639,84335574581.5072,19.6621898312161,21919000.0,,57.8323873797115,61860.0,,0.132792750862418,0.7683765015880677,36.48715613570786,Faible,Rural,Mixte-Renouvelable,Petite,1,COVID,OUI
LKA,LK,Colombo,2021,pm25,19.38415404040404,14.0,15.353301478431266,0.0,134.0,3168,2021-01-02 23:30:00+00:00,2021-12-14 15:30:00+00:00,752993.0,6.9167,79.8333,Sri Lanka,South Asia,Lower middle income,94.2083491070029,8.78994016463402,2642.69581578802,4.2074764951157,1.90830472835626,358.163595215002,12.946,35.0625502123264,713.666726846001,527.11680981294,48.8,76.278,34.1070158422244,,29.9540097663376,871685.0,9.26202226558017,3996.96240014909,88556698937.7033,19.8266275195269,22156000.0,89.8339685558794,55.8743853501457,61860.0,,0.1318463649866449,0.7040672733398876,38.74394993097162,Faible,Rural,Mixte-Renouvelable,Petite,0,Post-COVID,OUI
LKA,LK,Colombo,2022,pm25,20.442237421530965,15.0,16.342349853726706,1.0,244.0,10673,2022-01-11 19:30:00+00:00,2022-12-31 23:30:00+00:00,752993.0,6.9167,79.8333,Sri Lanka,South Asia,Lower middle income,94.9480533011818,8.44795287007937,2671.31219282575,-7.34919301306745,0.922343015691205,358.567733591982,12.946,34.5620173745174,684.05392002164,473.920825625094,,77.3,34.0559327513741,,29.8058315790625,3252528.0,8.4640444015444,3342.63650253855,74143020262.8076,19.9877933196367,22181000.0,88.1918156520303,57.0665321893625,61860.0,,0.1417381420693561,,38.25378444914187,Faible,Rural,,Petite,0,Post-COVID,OUI
LKA,LK,Colombo,2023,pm25,17.513902626662272,15.0,11.173913419160415,1.0,333.0,9099,2023-01-01 00:30:00+00:00,2023-12-31 22:30:00+00:00,752993.0,6.9167,79.8333,Sri Lanka,South Asia,Lower middle income,95.3491933910345,8.12391264498649,2637.56090779911,-2.3298481898334,0.134791506094452,356.239896540576,,,,,,77.483,34.0048496605238,,25.7826769471156,3866001.0,,3798.89016573011,83716142582.1945,20.1455348442463,22037000.0,87.9534065332114,59.8415064855768,61860.0,,,,33.906589592102094,Faible,Rural,,Petite,0,Post-COVID,OUI
LTU,LT,Vilnius,2019,co,0.1462408741821946,0.17463,0.1629977513757424,0.0,2.060634,2415,2019-01-01 10:00:00+00:00,2019-12-31 01:00:00+00:00,581475.0,54.6872,25.28,Lithuania,Europe & Central Asia,High income,94.2289437143384,3.12404744403716,10575.9087060951,4.67735183530451,-0.140405433114721,44.8912328329607,0.327785,0.0,4421.41817637222,2707.60764686504,33.5,76.2829268292683,35.1325455126158,35.3,25.2564149405008,40944.0,22.3117602618988,19608.7943945553,55122066225.796,67.245735168457,2811089.0,103.88060760498,61.179068325455,62620.0,1911.0,0.1380742496523478,0.0,28.38046238453796,Moyen-Élevé,Semi-urbain,Mixte-Renouvelable,Petite,0,Pre-COVID,OUI
LTU,LT,Vilnius,2019,no2,6.71331334928056,1.9125,10.474538209953154,0.0,73.44000382,4712,2019-01-01 10:00:00+00:00,2019-12-31 01:00:00+00:00,581475.0,54.6872,25.28,Lithuania,Europe & Central Asia,High income,94.2289437143384,3.12404744403716,10575.9087060951,4.67735183530451,-0.140405433114721,44.8912328329607,0.327785,0.0,4421.41817637222,2707.60764686504,33.5,76.2829268292683,35.1325455126158,35.3,25.2564149405008,40944.0,22.3117602618988,19608.7943945553,55122066225.796,67.245735168457,2811089.0,103.88060760498,61.179068325455,62620.0,1911.0,0.1380742496523478,0.0,28.38046238453796,Moyen-Élevé,Semi-urbain,Mixte-Renouvelable,Petite,0,Pre-COVID,OUI
LTU,LT,Vilnius,2019,o3,28.173097780123143,12.1737698,31.84699841435985,0.0,123.334258,2355,2019-01-01 10:00:00+00:00,2019-12-31 01:00:00+00:00,581475.0,54.6872,25.28,Lithuania,Europe & Central Asia,High income,94.2289437143384,3.12404744403716,10575.9087060951,4.67735183530451,-0.140405433114721,44.8912328329607,0.327785,0.0,4421.41817637222,2707.60764686504,33.5,76.2829268292683,35.1325455126158,35.3,25.2564149405008,40944.0,22.3117602618988,19608.7943945553,55122066225.796,67.245735168457,2811089.0,103.88060760498,61.179068325455,62620.0,1911.0,0.1380742496523478,0.0,28.38046238453796,Moyen-Élevé,Semi-urbain,Mixte-Renouvelable,Petite,0,Pre-COVID,OUI
LTU,LT,Vilnius,2019,pm10,12.836385792796364,8.43,17.078140620677384,0.0,191.899994,2421,2019-01-01 10:00:00+00:00,2019-12-31 01:00:00+00:00,581475.0,54.6872,25.28,Lithuania,Europe & Central Asia,High income,94.2289437143384,3.12404744403716,10575.9087060951,4.67735183530451,-0.140405433114721,44.8912328329607,0.327785,0.0,4421.41817637222,2707.60764686504,33.5,76.2829268292683,35.1325455126158,35.3,25.2564149405008,40944.0,22.3117602618988,19608.7943945553,55122066225.796,67.245735168457,2811089.0,103.88060760498,61.179068325455,62620.0,1911.0,0.1380742496523478,0.0,28.38046238453796,Moyen-Élevé,Semi-urbain,Mixte-Renouvelable,Petite,0,Pre-COVID,OUI
LTU,LT,Vilnius,2019,so2,2.2746991378072807,1.86262996,2.588526532906952,0.0,16.49758,2335,2019-01-01 10:00:00+00:00,2019-12-31 01:00:00+00:00,581475.0,54.6872,25.28,Lithuania,Europe & Central Asia,High income,94.2289437143384,3.12404744403716,10575.9087060951,4.67735183530451,-0.140405433114721,44.8912328329607,0.327785,0.0,4421.41817637222,2707.60764686504,33.5,76.2829268292683,35.1325455126158,35.3,25.2564149405008,40944.0,22.3117602618988,19608.7943945553,55122066225.796,67.245735168457,2811089.0,103.88060760498,61.179068325455,62620.0,1911.0,0.1380742496523478,0.0,28.38046238453796,Moyen-Élevé,Semi-urbain,Mixte-Renouvelable,Petite,0,Pre-COVID,OUI
LTU,LT,Vilnius,2020,co,0.3468035498653198,0.33761799,0.1504216437989584,0.01164199,1.501818,891,2020-01-02 22:00:00+00:00,2020-12-31 22:00:00+00:00,581475.0,54.6872,25.28,Lithuania,Europe & Central Asia,High income,94.786284769893,3.53241993914326,10225.2957887925,0.0428158336981426,0.241305756546441,44.8797349089748,0.40118,0.0,4438.91887506587,2674.06840356432,31.7,75.0292682926829,35.1485148514851,36.0,24.7876900738526,35027.0,17.2376291462752,20428.6478157394,57412038533.2718,67.4254608154297,2810369.0,105.987487792969,61.0170094436429,62620.0,1911.0,0.1308915566084387,0.0,28.32011001299586,Moyen-Élevé,Semi-urbain,Mixte-Renouvelable,Petite,1,COVID,OUI
LTU,LT,Vilnius,2020,no2,12.749161403919956,9.18000036,10.338123207581509,0.3825,59.86124808,1824,2020-01-02 22:00:00+00:00,2020-12-31 22:00:00+00:00,581475.0,54.6872,25.28,Lithuania,Europe & Central Asia,High income,94.786284769893,3.53241993914326,10225.2957887925,0.0428158336981426,0.241305756546441,44.8797349089748,0.40118,0.0,4438.91887506587,2674.06840356432,31.7,75.0292682926829,35.1485148514851,36.0,24.7876900738526,35027.0,17.2376291462752,20428.6478157394,57412038533.2718,67.4254608154297,2810369.0,105.987487792969,61.0170094436429,62620.0,1911.0,0.1308915566084387,0.0,28.32011001299586,Moyen-Élevé,Semi-urbain,Mixte-Renouvelable,Petite,1,COVID,OUI
LTU,LT,Vilnius,2020,o3,41.9870973195406,41.11142,20.56090166859664,0.19957,104.37510847,936,2020-01-02 22:00:00+00:00,2020-12-31 22:00:00+00:00,581475.0,54.6872,25.28,Lithuania,Europe & Central Asia,High income,94.786284769893,3.53241993914326,10225.2957887925,0.0428158336981426,0.241305756546441,44.8797349089748,0.40118,0.0,4438.91887506587,2674.06840356432,31.7,75.0292682926829,35.1485148514851,36.0,24.7876900738526,35027.0,17.2376291462752,20428.6478157394,57412038533.2718,67.4254608154297,2810369.0,105.987487792969,61.0170094436429,62620.0,1911.0,0.1308915566084387,0.0,28.32011001299586,Moyen-Élevé,Semi-urbain,Mixte-Renouvelable,Petite,1,COVID,OUI
LTU,LT,Vilnius,2020,pm10,25.20801120043576,20.61000061,21.21923305502976,3.25,236.479996,895,2020-01-02 22:00:00+00:00,2020-12-31 22:00:00+00:00,581475.0,54.6872,25.28,Lithuania,Europe & Central Asia,High income,94.786284769893,3.53241993914326,10225.2957887925,0.0428158336981426,0.241305756546441,44.8797349089748,0.40118,0.0,4438.91887506587,2674.06840356432,31.7,75.0292682926829,35.1485148514851,36.0,24.7876900738526,35027.0,17.2376291462752,20428.6478157394,57412038533.2718,67.4254608154297,2810369.0,105.987487792969,61.0170094436429,62620.0,1911.0,0.1308915566084387,0.0,28.32011001299586,Moyen-Élevé,Semi-urbain,Mixte-Renouvelable,Petite,1,COVID,OUI
LTU,LT,Vilnius,2020,so2,10.309560568426969,9.84533,2.935216884328754,0.0,16.49758,979,2020-01-02 22:00:00+00:00,2020-12-31 22:00:00+00:00,581475.0,54.6872,25.28,Lithuania,Europe & Central Asia,High income,94.786284769893,3.53241993914326,10225.2957887925,0.0428158336981426,0.241305756546441,44.8797349089748,0.40118,0.0,4438.91887506587,2674.06840356432,31.7,75.0292682926829,35.1485148514851,36.0,24.7876900738526,35027.0,17.2376291462752,20428.6478157394,57412038533.2718,67.4254608154297,2810369.0,105.987487792969,61.0170094436429,62620.0,1911.0,0.1308915566084387,0.0,28.32011001299586,Moyen-Élevé,Semi-urbain,Mixte-Renouvelable,Petite,1,COVID,OUI
LTU,LT,Vilnius,2021,co,218.9302390137355,197.914,133.51191351347285,0.209556,1327.18798,862,2021-01-03 00:00:00+00:00,2021-12-31 22:00:00+00:00,581475.0,54.6872,25.28,Lithuania,Europe & Central Asia,High income,95.3414364231375,3.39582123831296,11064.9742297451,6.38001606179873,1.05849535200157,44.8551349624661,0.35483,0.0,4698.79432270562,2774.31979458134,33.2,74.0365853658537,35.1807490816164,36.7,24.8587509219797,11289.0,18.2355257975581,23870.4594851722,67037321008.9679,68.1912117004395,2808380.0,108.505813598633,60.8775666305138,62610.0,1919.0,0.1162191107881197,0.0,28.254572160292657,Moyen-Élevé,Semi-urbain,Mixte-Renouvelable,Petite,0,Post-COVID,OUI
LTU,LT,Vilnius,2021,no2,12.533747455184804,8.41500018,11.71219114326867,0.95625,95.43375291,1948,2021-01-03 00:00:00+00:00,2021-12-31 22:00:00+00:00,581475.0,54.6872,25.28,Lithuania,Europe & Central Asia,High income,95.3414364231375,3.39582123831296,11064.9742297451,6.38001606179873,1.05849535200157,44.8551349624661,0.35483,0.0,4698.79432270562,2774.31979458134,33.2,74.0365853658537,35.1807490816164,36.7,24.8587509219797,11289.0,18.2355257975581,23870.4594851722,67037321008.9679,68.1912117004395,2808380.0,108.505813598633,60.8775666305138,62610.0,1919.0,0.1162191107881197,0.0,28.254572160292657,Moyen-Élevé,Semi-urbain,Mixte-Renouvelable,Petite,0,Post-COVID,OUI
LTU,LT,Vilnius,2021,o3,47.00026712976968,47.996585,21.22677017992086,0.59871,99.18629199,1042,2021-01-03 00:00:00+00:00,2021-12-31 22:00:00+00:00,581475.0,54.6872,25.28,Lithuania,Europe & Central Asia,High income,95.3414364231375,3.39582123831296,11064.9742297451,6.38001606179873,1.05849535200157,44.8551349624661,0.35483,0.0,4698.79432270562,2774.31979458134,33.2,74.0365853658537,35.1807490816164,36.7,24.8587509219797,11289.0,18.2355257975581,23870.4594851722,67037321008.9679,68.1912117004395,2808380.0,108.505813598633,60.8775666305138,62610.0,1919.0,0.1162191107881197,0.0,28.254572160292657,Moyen-Élevé,Semi-urbain,Mixte-Renouvelable,Petite,0,Post-COVID,OUI
LTU,LT,Vilnius,2021,pm10,24.16165475560406,19.610001,17.53651638300234,3.06999993,183.80000305,985,2021-01-03 00:00:00+00:00,2021-12-31 22:00:00+00:00,581475.0,54.6872,25.28,Lithuania,Europe & Central Asia,High income,95.3414364231375,3.39582123831296,11064.9742297451,6.38001606179873,1.05849535200157,44.8551349624661,0.35483,0.0,4698.79432270562,2774.31979458134,33.2,74.0365853658537,35.1807490816164,36.7,24.8587509219797,11289.0,18.2355257975581,23870.4594851722,67037321008.9679,68.1912117004395,2808380.0,108.505813598633,60.8775666305138,62610.0,1919.0,0.1162191107881197,0.0,28.254572160292657,Moyen-Élevé,Semi-urbain,Mixte-Renouvelable,Petite,0,Post-COVID,OUI
LTU,LT,Vilnius,2021,so2,7.513113991820866,6.65225,2.150478951879297,0.0,13.83667949,1016,2021-01-03 00:00:00+00:00,2021-12-31 22:00:00+00:00,581475.0,54.6872,25.28,Lithuania,Europe & Central Asia,High income,95.3414364231375,3.39582123831296,11064.9742297451,6.38001606179873,1.05849535200157,44.8551349624661,0.35483,0.0,4698.79432270562,2774.31979458134,33.2,74.0365853658537,35.1807490816164,36.7,24.8587509219797,11289.0,18.2355257975581,23870.4594851722,67037321008.9679,68.1912117004395,2808380.0,108.505813598633,60.8775666305138,62610.0,1919.0,0.1162191107881197,0.0,28.254572160292657,Moyen-Élevé,Semi-urbain,Mixte-Renouvelable,Petite,0,Post-COVID,OUI
LTU,LT,Vilnius,2022,co,255.9001143910256,209.556,180.4838945626584,93.13599,1466.892,936,2022-01-01 00:00:00+00:00,2022-12-31 22:00:00+00:00,581475.0,54.6872,25.28,Lithuania,Europe & Central Asia,High income,95.8940517663177,3.9279382912554,11197.1947714045,2.53752574011534,0.96464514094756,45.2309596830873,0.30036,,4416.1702815931,2453.93993260259,,75.6439024390244,35.2036435371542,36.6,25.6398695886222,29256.0,17.6667363579344,25085.784063499,71033884499.7824,68.2866452426813,2831639.0,106.918357849121,61.0306838894474,62604.0,,0.0978180354401442,,29.5678078798776,Moyen-Élevé,Semi-urbain,,Petite,0,Post-COVID,OUI
LTU,LT,Vilnius,2022,no2,12.25176447202596,7.65,12.57587028795408,0.0,95.05125191,1772,2022-01-01 00:00:00+00:00,2022-12-31 22:00:00+00:00,581475.0,54.6872,25.28,Lithuania,Europe & Central Asia,High income,95.8940517663177,3.9279382912554,11197.1947714045,2.53752574011534,0.96464514094756,45.2309596830873,0.30036,,4416.1702815931,2453.93993260259,,75.6439024390244,35.2036435371542,36.6,25.6398695886222,29256.0,17.6667363579344,25085.784063499,71033884499.7824,68.2866452426813,2831639.0,106.918357849121,61.0306838894474,62604.0,,0.0978180354401442,,29.5678078798776,Moyen-Élevé,Semi-urbain,,Petite,0,Post-COVID,OUI
LTU,LT,Vilnius,2022,o3,43.806521196246216,44.30454199,19.38559880062484,4.59011,96.39230847,991,2022-01-01 00:00:00+00:00,2022-12-31 22:00:00+00:00,581475.0,54.6872,25.28,Lithuania,Europe & Central Asia,High income,95.8940517663177,3.9279382912554,11197.1947714045,2.53752574011534,0.96464514094756,45.2309596830873,0.30036,,4416.1702815931,2453.93993260259,,75.6439024390244,35.2036435371542,36.6,25.6398695886222,29256.0,17.6667363579344,25085.784063499,71033884499.7824,68.2866452426813,2831639.0,106.918357849121,61.0306838894474,62604.0,,0.0978180354401442,,29.5678078798776,Moyen-Élevé,Semi-urbain,,Petite,0,Post-COVID,OUI
LTU,LT,Vilnius,2022,pm10,22.54113042479348,17.8050003,16.75656841884825,4.0,160.050003,920,2022-01-01 00:00:00+00:00,2022-12-31 22:00:00+00:00,581475.0,54.6872,25.28,Lithuania,Europe & Central Asia,High income,95.8940517663177,3.9279382912554,11197.1947714045,2.53752574011534,0.96464514094756,45.2309596830873,0.30036,,4416.1702815931,2453.93993260259,,75.6439024390244,35.2036435371542,36.6,25.6398695886222,29256.0,17.6667363579344,25085.784063499,71033884499.7824,68.2866452426813,2831639.0,106.918357849121,61.0306838894474,62604.0,,0.0978180354401442,,29.5678078798776,Moyen-Élevé,Semi-urbain,,Petite,0,Post-COVID,OUI
LTU,LT,Vilnius,2022,so2,6.267476268462322,5.58789,4.9528301789483375,0.0,107.50036532,982,2022-01-01 01:00:00+00:00,2022-12-31 22:00:00+00:00,581475.0,54.6872,25.28,Lithuania,Europe & Central Asia,High income,95.8940517663177,3.9279382912554,11197.1947714045,2.53752574011534,0.96464514094756,45.2309596830873,0.30036,,4416.1702815931,2453.93993260259,,75.6439024390244,35.2036435371542,36.6,25.6398695886222,29256.0,17.6667363579344,25085.784063499,71033884499.7824,68.2866452426813,2831639.0,106.918357849121,61.0306838894474,62604.0,,0.0978180354401442,,29.5678078798776,Moyen-Élevé,Semi-urbain,,Petite,0,Post-COVID,OUI
LTU,LT,Vilnius,2023,co,231.82506704341756,209.556,79.36161164702291,46.56799,1024.49599,8591,2023-01-01 22:00:00+00:00,2023-12-31 22:00:00+00:00,581475.0,54.6872,25.28,Lithuania,Europe & Central Asia,High income,96.3848409552758,2.71539099968174,10928.1091745491,0.342262716277261,1.82288019922305,45.87196485623,,,4202.90536411076,2437.04601158794,,76.9878048780488,35.2301501597444,36.0,24.2370942924201,,14.0347942455671,27786.0057829276,79789877416.1681,68.575454583199,2871585.0,105.428817749023,63.0899070350123,62600.0,,0.0877045202576402,,26.95248529210184,Moyen-Élevé,Semi-urbain,,Petite,0,Post-COVID,OUI
LTU,LT,Vilnius,2023,no2,18.34862004916863,15.10875018,12.892246591293732,0.0,107.29124708,13159,2023-01-01 22:00:00+00:00,2023-12-31 22:00:00+00:00,581475.0,54.6872,25.28,Lithuania,Europe & Central Asia,High income,96.3848409552758,2.71539099968174,10928.1091745491,0.342262716277261,1.82288019922305,45.87196485623,,,4202.90536411076,2437.04601158794,,76.9878048780488,35.2301501597444,36.0,24.2370942924201,,14.0347942455671,27786.0057829276,79789877416.1681,68.575454583199,2871585.0,105.428817749023,63.0899070350123,62600.0,,0.0877045202576402,,26.95248529210184,Moyen-Élevé,Semi-urbain,,Petite,0,Post-COVID,OUI
LTU,LT,Vilnius,2023,o3,52.25350659284672,45.70152923,32.59103827497447,1.9957,183.80396695,8494,2023-01-01 22:00:00+00:00,2023-12-31 22:00:00+00:00,581475.0,54.6872,25.28,Lithuania,Europe & Central Asia,High income,96.3848409552758,2.71539099968174,10928.1091745491,0.342262716277261,1.82288019922305,45.87196485623,,,4202.90536411076,2437.04601158794,,76.9878048780488,35.2301501597444,36.0,24.2370942924201,,14.0347942455671,27786.0057829276,79789877416.1681,68.575454583199,2871585.0,105.428817749023,63.0899070350123,62600.0,,0.0877045202576402,,26.95248529210184,Moyen-Élevé,Semi-urbain,,Petite,0,Post-COVID,OUI
LTU,LT,Vilnius,2023,pm10,20.81298940810155,17.85000038,16.158885180386335,2.20000004,646.73999,4904,2023-01-01 22:00:00+00:00,2023-12-31 22:00:00+00:00,581475.0,54.6872,25.28,Lithuania,Europe & Central Asia,High income,96.3848409552758,2.71539099968174,10928.1091745491,0.342262716277261,1.82288019922305,45.87196485623,,,4202.90536411076,2437.04601158794,,76.9878048780488,35.2301501597444,36.0,24.2370942924201,,14.0347942455671,27786.0057829276,79789877416.1681,68.575454583199,2871585.0,105.428817749023,63.0899070350123,62600.0,,0.0877045202576402,,26.95248529210184,Moyen-Élevé,Semi-urbain,,Petite,0,Post-COVID,OUI
LTU,LT,Vilnius,2023,so2,5.077310564668769,4.52353012,3.2981065263648457,0.79827003,49.49274,4755,2023-01-01 22:00:00+00:00,2023-12-31 22:00:00+00:00,581475.0,54.6872,25.28,Lithuania,Europe & Central Asia,High income,96.3848409552758,2.71539099968174,10928.1091745491,0.342262716277261,1.82288019922305,45.87196485623,,,4202.90536411076,2437.04601158794,,76.9878048780488,35.2301501597444,36.0,24.2370942924201,,14.0347942455671,27786.0057829276,79789877416.1681,68.575454583199,2871585.0,105.428817749023,63.0899070350123,62600.0,,0.0877045202576402,,26.95248529210184,Moyen-Élevé,Semi-urbain,,Petite,0,Post-COVID,OUI
LVA,LV,Riga,2019,no2,21.83227922191741,16.855,20.010514323392368,0.0,222.085938,6926,2019-01-01 11:00:00+00:00,2019-12-31 22:00:00+00:00,605273.0,56.9475,24.1069,Latvia,Europe & Central Asia,High income,91.4979934262128,3.85343444199836,9361.39087852307,0.675372771884227,-0.621325113241851,30.755491989008,0.178629,0.0,3725.00681881596,2343.51581884881,41.5,75.3878048780488,54.7498674208945,34.5,19.5988527886207,4976410.0,6.63249456352905,17294.9751600969,33099503950.847,68.066323694246,1913822.0,107.602462768555,63.0987194135787,62227.0,1859.6,0.135494864970405,0.0,23.45228723061906,Moyen-Élevé,Semi-urbain,Mixte-Renouvelable,Petite,0,Pre-COVID,OUI
LVA,LV,Riga,2019,o3,32.74003916721507,30.3662695,22.783896919498748,0.0,135.640625,6686,2019-01-01 11:00:00+00:00,2019-12-31 22:00:00+00:00,605273.0,56.9475,24.1069,Latvia,Europe & Central Asia,High income,91.4979934262128,3.85343444199836,9361.39087852307,0.675372771884227,-0.621325113241851,30.755491989008,0.178629,0.0,3725.00681881596,2343.51581884881,41.5,75.3878048780488,54.7498674208945,34.5,19.5988527886207,4976410.0,6.63249456352905,17294.9751600969,33099503950.847,68.066323694246,1913822.0,107.602462768555,63.0987194135787,62227.0,1859.6,0.135494864970405,0.0,23.45228723061906,Moyen-Élevé,Semi-urbain,Mixte-Renouvelable,Petite,0,Pre-COVID,OUI
LVA,LV,Riga,2019,so2,2.5032125995531973,2.460571,1.34010906906337,0.0,18.17,7162,2019-01-01 11:00:00+00:00,2019-12-31 22:00:00+00:00,605273.0,56.9475,24.1069,Latvia,Europe & Central Asia,High income,91.4979934262128,3.85343444199836,9361.39087852307,0.675372771884227,-0.621325113241851,30.755491989008,0.178629,0.0,3725.00681881596,2343.51581884881,41.5,75.3878048780488,54.7498674208945,34.5,19.5988527886207,4976410.0,6.63249456352905,17294.9751600969,33099503950.847,68.066323694246,1913822.0,107.602462768555,63.0987194135787,62227.0,1859.6,0.135494864970405,0.0,23.45228723061906,Moyen-Élevé,Semi-urbain,Mixte-Renouvelable,Petite,0,Pre-COVID,OUI
LVA,LV,Riga,2020,no2,18.323326018619586,14.445952,15.682459406156502,0.0,166.54,6230,2020-01-01 00:00:00+00:00,2020-12-31 21:00:00+00:00,605273.0,56.9475,24.1069,Latvia,Europe & Central Asia,High income,91.7520645595703,4.0791819421756,9020.06402352853,-3.46922750780554,-0.620729486315703,30.5391129680219,0.181211,0.0008735150244584,3669.13292595592,2251.38250119088,43.8,75.1853658536585,54.8094166800579,35.7,20.3341837659978,1323070.0,6.58630328441649,17564.2321549354,33379927434.6149,68.1211222872228,1900449.0,105.956283569336,62.3876227829268,62230.0,1859.1,0.1281726584273067,1.9498103224517857e-05,24.4133657081734,Moyen-Élevé,Semi-urbain,Mixte-Renouvelable,Petite,1,COVID,OUI
LVA,LV,Riga,2020,o3,42.43199379657388,42.105664,20.51932652740072,0.0,110.291016,6538,2020-01-01 00:00:00+00:00,2020-12-31 21:00:00+00:00,605273.0,56.9475,24.1069,Latvia,Europe & Central Asia,High income,91.7520645595703,4.0791819421756,9020.06402352853,-3.46922750780554,-0.620729486315703,30.5391129680219,0.181211,0.0008735150244584,3669.13292595592,2251.38250119088,43.8,75.1853658536585,54.8094166800579,35.7,20.3341837659978,1323070.0,6.58630328441649,17564.2321549354,33379927434.6149,68.1211222872228,1900449.0,105.956283569336,62.3876227829268,62230.0,1859.1,0.1281726584273067,1.9498103224517857e-05,24.4133657081734,Moyen-Élevé,Semi-urbain,Mixte-Renouvelable,Petite,1,COVID,OUI
LVA,LV,Riga,2020,so2,1.7770790620166792,1.727295,0.9295518260331386,0.0,13.677979,6595,2020-01-01 00:00:00+00:00,2020-12-31 21:00:00+00:00,605273.0,56.9475,24.1069,Latvia,Europe & Central Asia,High income,91.7520645595703,4.0791819421756,9020.06402352853,-3.46922750780554,-0.620729486315703,30.5391129680219,0.181211,0.0008735150244584,3669.13292595592,2251.38250119088,43.8,75.1853658536585,54.8094166800579,35.7,20.3341837659978,1323070.0,6.58630328441649,17564.2321549354,33379927434.6149,68.1211222872228,1900449.0,105.956283569336,62.3876227829268,62230.0,1859.1,0.1281726584273067,1.9498103224517857e-05,24.4133657081734,Moyen-Élevé,Semi-urbain,Mixte-Renouvelable,Petite,1,COVID,OUI
LVA,LV,Riga,2021,no2,20.160087115258804,15.347412,16.831574409422906,0.0,126.996094,5197,2021-01-01 01:00:00+00:00,2021-12-31 22:00:00+00:00,605273.0,56.9475,24.1069,Latvia,Europe & Central Asia,High income,92.0069797523466,4.20672251535361,9759.09343545555,6.94254173062592,-0.75558546061657,30.2826610959344,0.18445,0.0001710571330824,3838.17372339466,2375.51850702838,44.0,72.9804878048781,54.8716053350474,34.3,21.0918306682746,1598685.0,6.58569962367431,20261.8887788916,38183326784.9335,68.1808791463693,1884490.0,105.814010620117,61.6249417393174,62230.0,1859.1,0.1172349378684357,3.8012696240533337e-06,25.298553183628208,Moyen-Élevé,Semi-urbain,Mixte-Renouvelable,Petite,0,Post-COVID,OUI
LVA,LV,Riga,2021,o3,46.1625566214128,45.7314455,19.38770625406105,0.0,99.683594,5436,2021-01-01 00:00:00+00:00,2021-12-31 17:00:00+00:00,605273.0,56.9475,24.1069,Latvia,Europe & Central Asia,High income,92.0069797523466,4.20672251535361,9759.09343545555,6.94254173062592,-0.75558546061657,30.2826610959344,0.18445,0.0001710571330824,3838.17372339466,2375.51850702838,44.0,72.9804878048781,54.8716053350474,34.3,21.0918306682746,1598685.0,6.58569962367431,20261.8887788916,38183326784.9335,68.1808791463693,1884490.0,105.814010620117,61.6249417393174,62230.0,1859.1,0.1172349378684357,3.8012696240533337e-06,25.298553183628208,Moyen-Élevé,Semi-urbain,Mixte-Renouvelable,Petite,0,Post-COVID,OUI
LVA,LV,Riga,2021,so2,2.407742710484193,2.31006,1.318190031560538,0.0,15.857666,4998,2021-01-01 00:00:00+00:00,2021-12-31 22:00:00+00:00,605273.0,56.9475,24.1069,Latvia,Europe & Central Asia,High income,92.0069797523466,4.20672251535361,9759.09343545555,6.94254173062592,-0.75558546061657,30.2826610959344,0.18445,0.0001710571330824,3838.17372339466,2375.51850702838,44.0,72.9804878048781,54.8716053350474,34.3,21.0918306682746,1598685.0,6.58569962367431,20261.8887788916,38183326784.9335,68.1808791463693,1884490.0,105.814010620117,61.6249417393174,62230.0,1859.1,0.1172349378684357,3.8012696240533337e-06,25.298553183628208,Moyen-Élevé,Semi-urbain,Mixte-Renouvelable,Petite,0,Post-COVID,OUI
LVA,LV,Riga,2022,no2,21.257086831742058,17.438,16.183138438031424,0.08,165.762925,6389,2022-01-01 02:00:00+00:00,2022-12-31 22:00:00+00:00,605273.0,56.9475,24.1069,Latvia,Europe & Central Asia,High income,92.2626087395691,5.11411038456871,10491.2630539869,1.90853419029801,-0.159755579173112,30.2005945685361,0.172334,0.0,3714.51694518893,2256.11904538867,,74.2780487804878,54.933793990037,33.7,20.581400181885,3664379.764,7.17693836978131,20221.103686109,38003198508.9107,68.2570218109034,1879383.0,104.764526367188,61.6485862349309,62230.0,,0.1115669803898022,,25.695510566453716,Moyen-Élevé,Semi-urbain,,Petite,0,Post-COVID,OUI
LVA,LV,Riga,2022,o3,43.81624455172414,47.00293,16.01437477083999,6.849976,68.29,29,2022-01-01 02:00:00+00:00,2022-01-03 08:00:00+00:00,605273.0,56.9475,24.1069,Latvia,Europe & Central Asia,High income,92.2626087395691,5.11411038456871,10491.2630539869,1.90853419029801,-0.159755579173112,30.2005945685361,0.172334,0.0,3714.51694518893,2256.11904538867,,74.2780487804878,54.933793990037,33.7,20.581400181885,3664379.764,7.17693836978131,20221.103686109,38003198508.9107,68.2570218109034,1879383.0,104.764526367188,61.6485862349309,62230.0,,0.1115669803898022,,25.695510566453716,Moyen-Élevé,Semi-urbain,,Petite,0,Post-COVID,OUI
LVA,LV,Riga,2022,pm10,18.71303857483423,15.167,14.364187433740518,1.0,147.0,6334,2022-02-10 06:00:00+00:00,2022-12-31 22:00:00+00:00,605273.0,56.9475,24.1069,Latvia,Europe & Central Asia,High income,92.2626087395691,5.11411038456871,10491.2630539869,1.90853419029801,-0.159755579173112,30.2005945685361,0.172334,0.0,3714.51694518893,2256.11904538867,,74.2780487804878,54.933793990037,33.7,20.581400181885,3664379.764,7.17693836978131,20221.103686109,38003198508.9107,68.2570218109034,1879383.0,104.764526367188,61.6485862349309,62230.0,,0.1115669803898022,,25.695510566453716,Moyen-Élevé,Semi-urbain,,Petite,0,Post-COVID,OUI
LVA,LV,Riga,2022,pm25,9.264055051027231,7.0,7.244372503526254,1.0,72.0,6279,2022-02-10 06:00:00+00:00,2022-12-31 22:00:00+00:00,605273.0,56.9475,24.1069,Latvia,Europe & Central Asia,High income,92.2626087395691,5.11411038456871,10491.2630539869,1.90853419029801,-0.159755579173112,30.2005945685361,0.172334,0.0,3714.51694518893,2256.11904538867,,74.2780487804878,54.933793990037,33.7,20.581400181885,3664379.764,7.17693836978131,20221.103686109,38003198508.9107,68.2570218109034,1879383.0,104.764526367188,61.6485862349309,62230.0,,0.1115669803898022,,25.695510566453716,Moyen-Élevé,Semi-urbain,,Petite,0,Post-COVID,OUI
LVA,LV,Riga,2022,so2,1.7452821666666667,1.6936795,0.9609507947715864,0.517029,3.833862,30,2022-01-01 02:00:00+00:00,2022-01-03 06:00:00+00:00,605273.0,56.9475,24.1069,Latvia,Europe & Central Asia,High income,92.2626087395691,5.11411038456871,10491.2630539869,1.90853419029801,-0.159755579173112,30.2005945685361,0.172334,0.0,3714.51694518893,2256.11904538867,,74.2780487804878,54.933793990037,33.7,20.581400181885,3664379.764,7.17693836978131,20221.103686109,38003198508.9107,68.2570218109034,1879383.0,104.764526367188,61.6485862349309,62230.0,,0.1115669803898022,,25.695510566453716,Moyen-Élevé,Semi-urbain,,Petite,0,Post-COVID,OUI
LVA,LV,Riga,2023,no2,19.825956037681983,15.4875,15.082944966030936,1.051,152.922,7006,2023-01-01 00:00:00+00:00,2023-12-31 22:00:00+00:00,605273.0,56.9475,24.1069,Latvia,Europe & Central Asia,High income,92.5186835470802,3.93344279418518,10330.8195315258,-0.941606068823631,0.378683263465036,30.2701269484172,,0.0,3616.79876414098,2240.33649708375,,75.6780487804878,54.9959826450265,34.0,20.1348662975065,4475904.0,5.91827148896195,22710.2637544197,42779550936.838,68.3586316343061,1883710.0,102.126243591309,63.8600315168596,62230.0,,0.0986442903974364,,24.06830909169168,Moyen-Élevé,Semi-urbain,,Petite,0,Post-COVID,OUI
LVA,LV,Riga,2023,pm10,17.868418254193916,14.25,13.449649545206771,1.0,127.25,7034,2023-01-01 00:00:00+00:00,2023-12-31 22:00:00+00:00,605273.0,56.9475,24.1069,Latvia,Europe & Central Asia,High income,92.5186835470802,3.93344279418518,10330.8195315258,-0.941606068823631,0.378683263465036,30.2701269484172,,0.0,3616.79876414098,2240.33649708375,,75.6780487804878,54.9959826450265,34.0,20.1348662975065,4475904.0,5.91827148896195,22710.2637544197,42779550936.838,68.3586316343061,1883710.0,102.126243591309,63.8600315168596,62230.0,,0.0986442903974364,,24.06830909169168,Moyen-Élevé,Semi-urbain,,Petite,0,Post-COVID,OUI
LVA,LV,Riga,2023,pm25,8.343292995485655,6.75,5.987040197291698,1.0,65.917,6867,2023-01-01 00:00:00+00:00,2023-12-31 22:00:00+00:00,605273.0,56.9475,24.1069,Latvia,Europe & Central Asia,High income,92.5186835470802,3.93344279418518,10330.8195315258,-0.941606068823631,0.378683263465036,30.2701269484172,,0.0,3616.79876414098,2240.33649708375,,75.6780487804878,54.9959826450265,34.0,20.1348662975065,4475904.0,5.91827148896195,22710.2637544197,42779550936.838,68.3586316343061,1883710.0,102.126243591309,63.8600315168596,62230.0,,0.0986442903974364,,24.06830909169168,Moyen-Élevé,Semi-urbain,,Petite,0,Post-COVID,OUI
MDG,MG,Antananarivo,2020,pm25,10.785,9.0,8.358714947758981,0.0,61.0,200,2020-12-22 06:00:00+00:00,2020-12-31 22:00:00+00:00,1275207.0,-18.91,47.525,Madagascar,Sub-Saharan Africa ,Low income,13.6947390405503,24.6929443981327,328.373658892071,-7.13767162064489,3.87013474245801,49.7654795462358,13.4575,9.6699209669921,70.3540525384861,301.748644745329,84.7,62.706,21.3644035751117,,19.4661871058768,186314.332,5.29986052998605,450.771615201509,13051441203.9474,30.7019474167548,28953556.0,,50.3929947597023,581800.0,673.0,0.6679229827459091,0.1128345503733033,44.15913150400949,Faible,Rural,Renouvelable,Moyenne,1,COVID,OUI
MDG,MG,Antananarivo,2021,pm25,17.1438167413021,13.0,15.029233145006536,0.0,129.0,5806,2021-01-01 00:00:00+00:00,2021-12-31 22:00:00+00:00,1275207.0,-18.91,47.525,Madagascar,Sub-Saharan Africa ,Low income,14.2229663442332,22.5220913616157,329.364207436576,4.65068343174309,3.84762142745941,51.0331436919904,13.4575,18.5538339292809,80.2934672339167,308.953475191696,83.6,62.516,21.3416925060158,36.8,22.2500946222266,109461.4,5.28406833531983,483.469463351195,14354731964.3258,31.1137123216036,29691083.0,34.1320359801924,49.6063940347523,581800.0,673.0,0.6377150647526646,0.2193124577929184,44.77218598384231,Faible,Rural,Renouvelable,Moyenne,0,Post-COVID,OUI
MDG,MG,Antananarivo,2022,pm25,19.92038980509745,14.0,20.819817395194544,0.0,240.0,6670,2022-01-01 00:00:00+00:00,2022-12-31 22:00:00+00:00,1275207.0,-18.91,47.525,Madagascar,Sub-Saharan Africa ,Low income,14.7542849047499,21.5442357878393,321.632578626794,4.15609778386296,3.8421861167142,52.3156772086628,13.4575,19.4795254496747,81.3148068743768,308.672539601401,83.1,63.068,21.3189737023032,,23.3568161543654,250506.0,5.2812858783008,503.51453347296,15325603272.6097,31.5397813465886,30437261.0,,48.4366085673273,581800.0,,0.6118209072721285,0.231623370388522,44.9010519422047,Faible,Rural,Renouvelable,Moyenne,0,Post-COVID,OUI
MDG,MG,Antananarivo,2023,pm25,23.967152281473336,18.0,21.07322253051622,0.0,281.0,7276,2023-01-01 00:00:00+00:00,2023-12-31 22:00:00+00:00,1275207.0,-18.91,47.525,Madagascar,Sub-Saharan Africa ,Low income,15.2883891812498,22.4047388943437,327.973790896303,4.20304615840668,3.84794570529882,53.6196837401169,,,,,,63.632,21.2962600550017,,22.9390088108736,313313.0,,508.718427705591,15869945477.8505,31.9799438860946,31195932.0,,48.4583990467274,581800.0,,,,45.3437477052173,Faible,Rural,,Moyenne,0,Post-COVID,OUI
MEX,MX,Guadalajara,2020,co,0.714158011135006,0.51544,0.6295211674379815,0.0011264,6.1635,4185,2020-06-04 21:00:00+00:00,2020-12-31 22:00:00+00:00,5525000.0,20.6767,-103.3475,Mexico,Latin America & Caribbean ,Upper middle income,91.6152077254503,3.71114888236172,6332.55010343618,-8.35403458167995,1.23052761321089,65.227528485815,89.548,5.23870718625375,2354.26835282225,1366.42722558757,12.3,70.449,33.7930502327735,44.6,30.9999803907609,34133108.0,11.1570646829204,8841.27075039868,1121064767308.42,78.677960602824,126799054.0,102.58154296875,59.1896498577258,1943950.0,,0.1545335201962641,0.3938877583649436,34.71112927312262,Moyen-Faible,Urbain,Mixte-Fossile,Grande,1,COVID,OUI
MEX,MX,Guadalajara,2020,no2,0.0167810578105781,0.013,0.0177897331101616,0.0,0.504,2439,2020-06-04 22:00:00+00:00,2020-12-31 22:00:00+00:00,5525000.0,20.6767,-103.3475,Mexico,Latin America & Caribbean ,Upper middle income,91.6152077254503,3.71114888236172,6332.55010343618,-8.35403458167995,1.23052761321089,65.227528485815,89.548,5.23870718625375,2354.26835282225,1366.42722558757,12.3,70.449,33.7930502327735,44.6,30.9999803907609,34133108.0,11.1570646829204,8841.27075039868,1121064767308.42,78.677960602824,126799054.0,102.58154296875,59.1896498577258,1943950.0,,0.1545335201962641,0.3938877583649436,34.71112927312262,Moyen-Faible,Urbain,Mixte-Fossile,Grande,1,COVID,OUI
MEX,MX,Guadalajara,2020,pm10,56.68996060903733,41.578,46.59578806817884,4.2393,395.87,1018,2020-07-03 19:00:00+00:00,2020-12-31 22:00:00+00:00,5525000.0,20.6767,-103.3475,Mexico,Latin America & Caribbean ,Upper middle income,91.6152077254503,3.71114888236172,6332.55010343618,-8.35403458167995,1.23052761321089,65.227528485815,89.548,5.23870718625375,2354.26835282225,1366.42722558757,12.3,70.449,33.7930502327735,44.6,30.9999803907609,34133108.0,11.1570646829204,8841.27075039868,1121064767308.42,78.677960602824,126799054.0,102.58154296875,59.1896498577258,1943950.0,,0.1545335201962641,0.3938877583649436,34.71112927312262,Moyen-Faible,Urbain,Mixte-Fossile,Grande,1,COVID,OUI
MEX,MX,Guadalajara,2021,co,0.8533029295057243,0.67,0.6684826845722011,0.0,7.83,9084,2021-01-01 00:00:00+00:00,2021-12-31 22:00:00+00:00,5525000.0,20.6767,-103.3475,Mexico,Latin America & Caribbean ,Upper middle income,92.1526440010022,3.78266528758294,6819.8628241877,6.0484834621255,0.990278035419992,65.664316469045,89.944,5.38857079905556,2294.2518523653,1417.70559078908,13.0,69.75,33.727204917822,,31.9695289853652,54217876.0,12.5189439616029,10314.0506722115,1316569466685.95,78.9324007418057,127648148.0,98.3202514648438,58.3256995124848,1943950.0,,0.1374404872879921,0.3848979142182543,35.75219427294814,Moyen-Faible,Urbain,Mixte-Fossile,Grande,0,Post-COVID,OUI
MEX,MX,Guadalajara,2021,no2,0.0165303352847259,0.013,0.0121500033876681,0.0,0.082,3758,2021-01-01 00:00:00+00:00,2021-10-25 16:00:00+00:00,5525000.0,20.6767,-103.3475,Mexico,Latin America & Caribbean ,Upper middle income,92.1526440010022,3.78266528758294,6819.8628241877,6.0484834621255,0.990278035419992,65.664316469045,89.944,5.38857079905556,2294.2518523653,1417.70559078908,13.0,69.75,33.727204917822,,31.9695289853652,54217876.0,12.5189439616029,10314.0506722115,1316569466685.95,78.9324007418057,127648148.0,98.3202514648438,58.3256995124848,1943950.0,,0.1374404872879921,0.3848979142182543,35.75219427294814,Moyen-Faible,Urbain,Mixte-Fossile,Grande,0,Post-COVID,OUI
MEX,MX,Guadalajara,2021,pm10,62.09848139240506,49.7805,44.54117006793153,0.50118,416.15,2054,2021-01-01 00:00:00+00:00,2021-12-22 20:00:00+00:00,5525000.0,20.6767,-103.3475,Mexico,Latin America & Caribbean ,Upper middle income,92.1526440010022,3.78266528758294,6819.8628241877,6.0484834621255,0.990278035419992,65.664316469045,89.944,5.38857079905556,2294.2518523653,1417.70559078908,13.0,69.75,33.727204917822,,31.9695289853652,54217876.0,12.5189439616029,10314.0506722115,1316569466685.95,78.9324007418057,127648148.0,98.3202514648438,58.3256995124848,1943950.0,,0.1374404872879921,0.3848979142182543,35.75219427294814,Moyen-Faible,Urbain,Mixte-Fossile,Grande,0,Post-COVID,OUI
MEX,MX,Guadalajara,2022,co,1.100503003003003,0.83,0.8217472286998208,0.0,6.6,3996,2022-01-01 00:00:00+00:00,2022-12-31 22:00:00+00:00,5525000.0,20.6767,-103.3475,Mexico,Latin America & Caribbean ,Upper middle income,92.6614618116548,3.89806570970786,7095.71759431448,3.70975709163623,1.09116644258604,66.1607124668844,89.804,7.31933292155652,2371.96646124361,1525.73516114419,,73.973,33.6618740193935,43.5,33.1638305245733,70196270.0,11.8701402157787,11405.7940473759,1466934724293.06,79.199683215791,128613117.0,98.3576583862305,58.1306222617617,1943950.0,,0.1337567027867204,,37.06189623428116,Moyen-Faible,Urbain,,Grande,0,Post-COVID,OUI
MEX,MX,Guadalajara,2022,pm10,81.88571428571429,62.0,58.04035149494112,18.0,241.0,70,2022-03-03 19:00:00+00:00,2022-12-19 19:00:00+00:00,5525000.0,20.6767,-103.3475,Mexico,Latin America & Caribbean ,Upper middle income,92.6614618116548,3.89806570970786,7095.71759431448,3.70975709163623,1.09116644258604,66.1607124668844,89.804,7.31933292155652,2371.96646124361,1525.73516114419,,73.973,33.6618740193935,43.5,33.1638305245733,70196270.0,11.8701402157787,11405.7940473759,1466934724293.06,79.199683215791,128613117.0,98.3576583862305,58.1306222617617,1943950.0,,0.1337567027867204,,37.06189623428116,Moyen-Faible,Urbain,,Grande,0,Post-COVID,OUI
MEX,MX,Guadalajara,2023,co,0.8420337780032467,0.5377099999999999,0.8311511634120023,0.0,7.0,2464,2023-01-01 00:00:00+00:00,2023-06-13 13:00:00+00:00,5525000.0,20.6767,-103.3475,Mexico,Latin America & Caribbean ,Upper middle income,92.9784568798496,3.83754974792513,7333.67544795108,3.35354140652768,1.21730400929993,66.7402757272564,,8.63588980675848,2608.52187955737,1559.78994657193,,75.069,33.5959176419147,,32.6059323521063,78763320.0,11.0884699399165,13860.9597809326,1798317581486.88,79.4734935748046,129739759.0,102.055458068848,57.5637379012085,1943950.0,,0.1125230466126046,,36.44348210003143,Moyen-Faible,Urbain,,Grande,0,Post-COVID,OUI
MEX,MX,Guadalajara,2023,pm10,57.31479381920627,45.9855,45.87004176954377,0.0,841.96,4082,2023-01-09 19:00:00+00:00,2023-12-29 06:00:00+00:00,5525000.0,20.6767,-103.3475,Mexico,Latin America & Caribbean ,Upper middle income,92.9784568798496,3.83754974792513,7333.67544795108,3.35354140652768,1.21730400929993,66.7402757272564,,8.63588980675848,2608.52187955737,1559.78994657193,,75.069,33.5959176419147,,32.6059323521063,78763320.0,11.0884699399165,13860.9597809326,1798317581486.88,79.4734935748046,129739759.0,102.055458068848,57.5637379012085,1943950.0,,0.1125230466126046,,36.44348210003143,Moyen-Faible,Urbain,,Grande,0,Post-COVID,OUI
MEX,MX,Guadalajara,2023,pm25,52.79418699186992,40.3,42.19029541970846,1.4,325.6,2460,2023-03-30 06:00:00+00:00,2023-12-18 21:00:00+00:00,5525000.0,20.6767,-103.3475,Mexico,Latin America & Caribbean ,Upper middle income,92.9784568798496,3.83754974792513,7333.67544795108,3.35354140652768,1.21730400929993,66.7402757272564,,8.63588980675848,2608.52187955737,1559.78994657193,,75.069,33.5959176419147,,32.6059323521063,78763320.0,11.0884699399165,13860.9597809326,1798317581486.88,79.4734935748046,129739759.0,102.055458068848,57.5637379012085,1943950.0,,0.1125230466126046,,36.44348210003143,Moyen-Faible,Urbain,,Grande,0,Post-COVID,OUI
MEX,MX,Mexico City,2019,co,0.3505683775404754,0.3,0.6519484030611492,0.0,9.4,2903,2019-04-09 22:00:00+00:00,2019-10-27 05:00:00+00:00,21804000.0,19.4333,-99.1333,Mexico,Latin America & Caribbean ,Upper middle income,91.0705197769802,3.31502440184845,7081.05946168763,-0.392690505066824,1.37072941424281,64.6945559299365,89.351,7.63903388689078,2392.19041418722,1469.65350320528,10.3,74.53,33.858895547725,,31.8382961395485,69937838.0,11.768217548957,10369.5553585271,1304106203902.45,78.355984332992,125762982.0,105.515609741211,59.1556030063002,1943950.0,,0.141714059893318,0.6760206979549362,35.15332054139695,Moyen-Faible,Urbain,Mixte-Fossile,Mégapole,0,Pre-COVID,OUI
MEX,MX,Mexico City,2019,no2,0.0127269647696476,0.011,0.0069237981793356,0.0,0.054,2952,2019-04-09 22:00:00+00:00,2019-10-27 05:00:00+00:00,21804000.0,19.4333,-99.1333,Mexico,Latin America & Caribbean ,Upper middle income,91.0705197769802,3.31502440184845,7081.05946168763,-0.392690505066824,1.37072941424281,64.6945559299365,89.351,7.63903388689078,2392.19041418722,1469.65350320528,10.3,74.53,33.858895547725,,31.8382961395485,69937838.0,11.768217548957,10369.5553585271,1304106203902.45,78.355984332992,125762982.0,105.515609741211,59.1556030063002,1943950.0,,0.141714059893318,0.6760206979549362,35.15332054139695,Moyen-Faible,Urbain,Mixte-Fossile,Mégapole,0,Pre-COVID,OUI
MEX,MX,Mexico City,2019,o3,0.0373494994822229,0.03,0.027462779492875,0.0,0.156,5794,2019-04-09 22:00:00+00:00,2019-10-27 05:00:00+00:00,21804000.0,19.4333,-99.1333,Mexico,Latin America & Caribbean ,Upper middle income,91.0705197769802,3.31502440184845,7081.05946168763,-0.392690505066824,1.37072941424281,64.6945559299365,89.351,7.63903388689078,2392.19041418722,1469.65350320528,10.3,74.53,33.858895547725,,31.8382961395485,69937838.0,11.768217548957,10369.5553585271,1304106203902.45,78.355984332992,125762982.0,105.515609741211,59.1556030063002,1943950.0,,0.141714059893318,0.6760206979549362,35.15332054139695,Moyen-Faible,Urbain,Mixte-Fossile,Mégapole,0,Pre-COVID,OUI
MEX,MX,Mexico City,2019,pm10,25.801171731966317,21.0,17.091962383346228,0.0,160.0,2731,2019-04-09 22:00:00+00:00,2019-10-27 05:00:00+00:00,21804000.0,19.4333,-99.1333,Mexico,Latin America & Caribbean ,Upper middle income,91.0705197769802,3.31502440184845,7081.05946168763,-0.392690505066824,1.37072941424281,64.6945559299365,89.351,7.63903388689078,2392.19041418722,1469.65350320528,10.3,74.53,33.858895547725,,31.8382961395485,69937838.0,11.768217548957,10369.5553585271,1304106203902.45,78.355984332992,125762982.0,105.515609741211,59.1556030063002,1943950.0,,0.141714059893318,0.6760206979549362,35.15332054139695,Moyen-Faible,Urbain,Mixte-Fossile,Mégapole,0,Pre-COVID,OUI
MEX,MX,Mexico City,2019,so2,0.0019937694704049,0.001,0.0053170233016536,0.0,0.093,2889,2019-04-09 22:00:00+00:00,2019-10-27 05:00:00+00:00,21804000.0,19.4333,-99.1333,Mexico,Latin America & Caribbean ,Upper middle income,91.0705197769802,3.31502440184845,7081.05946168763,-0.392690505066824,1.37072941424281,64.6945559299365,89.351,7.63903388689078,2392.19041418722,1469.65350320528,10.3,74.53,33.858895547725,,31.8382961395485,69937838.0,11.768217548957,10369.5553585271,1304106203902.45,78.355984332992,125762982.0,105.515609741211,59.1556030063002,1943950.0,,0.141714059893318,0.6760206979549362,35.15332054139695,Moyen-Faible,Urbain,Mixte-Fossile,Mégapole,0,Pre-COVID,OUI
MEX,MX,Mexico City,2020,co,0.3624966004895295,0.3,0.2600526654241546,0.0,9.7,3677,2020-04-05 07:00:00+00:00,2020-10-25 05:00:00+00:00,21804000.0,19.4333,-99.1333,Mexico,Latin America & Caribbean ,Upper middle income,91.6152077254503,3.71114888236172,6332.55010343618,-8.35403458167995,1.23052761321089,65.227528485815,89.548,5.23870718625375,2354.26835282225,1366.42722558757,12.3,70.449,33.7930502327735,44.6,30.9999803907609,34133108.0,11.1570646829204,8841.27075039868,1121064767308.42,78.677960602824,126799054.0,102.58154296875,59.1896498577258,1943950.0,,0.1545335201962641,0.3938877583649436,34.71112927312262,Moyen-Faible,Urbain,Mixte-Fossile,Mégapole,1,COVID,OUI
MEX,MX,Mexico City,2020,no2,0.0093153910849453,0.008,0.0052594008194518,0.0,0.034,3567,2020-04-05 07:00:00+00:00,2020-10-25 05:00:00+00:00,21804000.0,19.4333,-99.1333,Mexico,Latin America & Caribbean ,Upper middle income,91.6152077254503,3.71114888236172,6332.55010343618,-8.35403458167995,1.23052761321089,65.227528485815,89.548,5.23870718625375,2354.26835282225,1366.42722558757,12.3,70.449,33.7930502327735,44.6,30.9999803907609,34133108.0,11.1570646829204,8841.27075039868,1121064767308.42,78.677960602824,126799054.0,102.58154296875,59.1896498577258,1943950.0,,0.1545335201962641,0.3938877583649436,34.71112927312262,Moyen-Faible,Urbain,Mixte-Fossile,Mégapole,1,COVID,OUI
MEX,MX,Mexico City,2020,o3,0.0391828090507726,0.033,0.0263591145965441,0.0,0.129,7248,2020-04-05 07:00:00+00:00,2020-10-25 05:00:00+00:00,21804000.0,19.4333,-99.1333,Mexico,Latin America & Caribbean ,Upper middle income,91.6152077254503,3.71114888236172,6332.55010343618,-8.35403458167995,1.23052761321089,65.227528485815,89.548,5.23870718625375,2354.26835282225,1366.42722558757,12.3,70.449,33.7930502327735,44.6,30.9999803907609,34133108.0,11.1570646829204,8841.27075039868,1121064767308.42,78.677960602824,126799054.0,102.58154296875,59.1896498577258,1943950.0,,0.1545335201962641,0.3938877583649436,34.71112927312262,Moyen-Faible,Urbain,Mixte-Fossile,Mégapole,1,COVID,OUI
MEX,MX,Mexico City,2020,pm10,27.37810094097519,24.0,17.027616223290106,0.0,192.0,3507,2020-04-05 07:00:00+00:00,2020-10-25 05:00:00+00:00,21804000.0,19.4333,-99.1333,Mexico,Latin America & Caribbean ,Upper middle income,91.6152077254503,3.71114888236172,6332.55010343618,-8.35403458167995,1.23052761321089,65.227528485815,89.548,5.23870718625375,2354.26835282225,1366.42722558757,12.3,70.449,33.7930502327735,44.6,30.9999803907609,34133108.0,11.1570646829204,8841.27075039868,1121064767308.42,78.677960602824,126799054.0,102.58154296875,59.1896498577258,1943950.0,,0.1545335201962641,0.3938877583649436,34.71112927312262,Moyen-Faible,Urbain,Mixte-Fossile,Mégapole,1,COVID,OUI
MEX,MX,Mexico City,2020,so2,0.0028478500551267,0.002,0.0079322331957215,0.0,0.086,3628,2020-04-05 07:00:00+00:00,2020-10-25 05:00:00+00:00,21804000.0,19.4333,-99.1333,Mexico,Latin America & Caribbean ,Upper middle income,91.6152077254503,3.71114888236172,6332.55010343618,-8.35403458167995,1.23052761321089,65.227528485815,89.548,5.23870718625375,2354.26835282225,1366.42722558757,12.3,70.449,33.7930502327735,44.6,30.9999803907609,34133108.0,11.1570646829204,8841.27075039868,1121064767308.42,78.677960602824,126799054.0,102.58154296875,59.1896498577258,1943950.0,,0.1545335201962641,0.3938877583649436,34.71112927312262,Moyen-Faible,Urbain,Mixte-Fossile,Mégapole,1,COVID,OUI
MEX,MX,Mexico City,2021,co,0.4786124613345117,0.4,0.365852832336505,0.0,10.0,2263,2021-04-04 08:00:00+00:00,2021-10-31 05:00:00+00:00,21804000.0,19.4333,-99.1333,Mexico,Latin America & Caribbean ,Upper middle income,92.1526440010022,3.78266528758294,6819.8628241877,6.0484834621255,0.990278035419992,65.664316469045,89.944,5.38857079905556,2294.2518523653,1417.70559078908,13.0,69.75,33.727204917822,,31.9695289853652,54217876.0,12.5189439616029,10314.0506722115,1316569466685.95,78.9324007418057,127648148.0,98.3202514648438,58.3256995124848,1943950.0,,0.1374404872879921,0.3848979142182543,35.75219427294814,Moyen-Faible,Urbain,Mixte-Fossile,Mégapole,0,Post-COVID,OUI
MEX,MX,Mexico City,2021,no2,0.0124683544303797,0.011,0.0069465100758441,0.001,0.046,2449,2021-04-04 08:00:00+00:00,2021-10-31 05:00:00+00:00,21804000.0,19.4333,-99.1333,Mexico,Latin America & Caribbean ,Upper middle income,92.1526440010022,3.78266528758294,6819.8628241877,6.0484834621255,0.990278035419992,65.664316469045,89.944,5.38857079905556,2294.2518523653,1417.70559078908,13.0,69.75,33.727204917822,,31.9695289853652,54217876.0,12.5189439616029,10314.0506722115,1316569466685.95,78.9324007418057,127648148.0,98.3202514648438,58.3256995124848,1943950.0,,0.1374404872879921,0.3848979142182543,35.75219427294814,Moyen-Faible,Urbain,Mixte-Fossile,Mégapole,0,Post-COVID,OUI
MEX,MX,Mexico City,2021,o3,0.0316970135746606,0.024,0.024986088818661,0.0,0.133,5525,2021-04-04 08:00:00+00:00,2021-10-31 05:00:00+00:00,21804000.0,19.4333,-99.1333,Mexico,Latin America & Caribbean ,Upper middle income,92.1526440010022,3.78266528758294,6819.8628241877,6.0484834621255,0.990278035419992,65.664316469045,89.944,5.38857079905556,2294.2518523653,1417.70559078908,13.0,69.75,33.727204917822,,31.9695289853652,54217876.0,12.5189439616029,10314.0506722115,1316569466685.95,78.9324007418057,127648148.0,98.3202514648438,58.3256995124848,1943950.0,,0.1374404872879921,0.3848979142182543,35.75219427294814,Moyen-Faible,Urbain,Mixte-Fossile,Mégapole,0,Post-COVID,OUI
MEX,MX,Mexico City,2021,pm10,21.5109409190372,18.0,14.414983334562969,0.0,92.0,2742,2021-04-04 08:00:00+00:00,2021-10-31 05:00:00+00:00,21804000.0,19.4333,-99.1333,Mexico,Latin America & Caribbean ,Upper middle income,92.1526440010022,3.78266528758294,6819.8628241877,6.0484834621255,0.990278035419992,65.664316469045,89.944,5.38857079905556,2294.2518523653,1417.70559078908,13.0,69.75,33.727204917822,,31.9695289853652,54217876.0,12.5189439616029,10314.0506722115,1316569466685.95,78.9324007418057,127648148.0,98.3202514648438,58.3256995124848,1943950.0,,0.1374404872879921,0.3848979142182543,35.75219427294814,Moyen-Faible,Urbain,Mixte-Fossile,Mégapole,0,Post-COVID,OUI
MEX,MX,Mexico City,2021,so2,0.0026495699267282,0.002,0.0059746790681961,0.0,0.095,3139,2021-04-04 08:00:00+00:00,2021-10-31 05:00:00+00:00,21804000.0,19.4333,-99.1333,Mexico,Latin America & Caribbean ,Upper middle income,92.1526440010022,3.78266528758294,6819.8628241877,6.0484834621255,0.990278035419992,65.664316469045,89.944,5.38857079905556,2294.2518523653,1417.70559078908,13.0,69.75,33.727204917822,,31.9695289853652,54217876.0,12.5189439616029,10314.0506722115,1316569466685.95,78.9324007418057,127648148.0,98.3202514648438,58.3256995124848,1943950.0,,0.1374404872879921,0.3848979142182543,35.75219427294814,Moyen-Faible,Urbain,Mixte-Fossile,Mégapole,0,Post-COVID,OUI
MEX,MX,Mexico City,2022,co,0.5548064085447263,0.5,0.2598648750787104,0.0,2.4,4494,2022-04-03 10:00:00+00:00,2022-12-31 22:00:00+00:00,21804000.0,19.4333,-99.1333,Mexico,Latin America & Caribbean ,Upper middle income,92.6614618116548,3.89806570970786,7095.71759431448,3.70975709163623,1.09116644258604,66.1607124668844,89.804,7.31933292155652,2371.96646124361,1525.73516114419,,73.973,33.6618740193935,43.5,33.1638305245733,70196270.0,11.8701402157787,11405.7940473759,1466934724293.06,79.199683215791,128613117.0,98.3576583862305,58.1306222617617,1943950.0,,0.1337567027867204,,37.06189623428116,Moyen-Faible,Urbain,,Mégapole,0,Post-COVID,OUI
MEX,MX,Mexico City,2022,no2,0.0154436210694972,0.014,0.0076953769230488,0.0,0.059,4993,2022-04-03 10:00:00+00:00,2022-12-31 22:00:00+00:00,21804000.0,19.4333,-99.1333,Mexico,Latin America & Caribbean ,Upper middle income,92.6614618116548,3.89806570970786,7095.71759431448,3.70975709163623,1.09116644258604,66.1607124668844,89.804,7.31933292155652,2371.96646124361,1525.73516114419,,73.973,33.6618740193935,43.5,33.1638305245733,70196270.0,11.8701402157787,11405.7940473759,1466934724293.06,79.199683215791,128613117.0,98.3576583862305,58.1306222617617,1943950.0,,0.1337567027867204,,37.06189623428116,Moyen-Faible,Urbain,,Mégapole,0,Post-COVID,OUI
MEX,MX,Mexico City,2022,o3,0.0353076616915422,0.027,0.0266549710624773,0.0,0.159,10050,2022-04-03 08:00:00+00:00,2022-12-31 22:00:00+00:00,21804000.0,19.4333,-99.1333,Mexico,Latin America & Caribbean ,Upper middle income,92.6614618116548,3.89806570970786,7095.71759431448,3.70975709163623,1.09116644258604,66.1607124668844,89.804,7.31933292155652,2371.96646124361,1525.73516114419,,73.973,33.6618740193935,43.5,33.1638305245733,70196270.0,11.8701402157787,11405.7940473759,1466934724293.06,79.199683215791,128613117.0,98.3576583862305,58.1306222617617,1943950.0,,0.1337567027867204,,37.06189623428116,Moyen-Faible,Urbain,,Mégapole,0,Post-COVID,OUI
MEX,MX,Mexico City,2022,pm10,29.20022099447514,26.0,16.743174967643608,0.0,136.0,4525,2022-04-03 07:00:00+00:00,2022-12-31 22:00:00+00:00,21804000.0,19.4333,-99.1333,Mexico,Latin America & Caribbean ,Upper middle income,92.6614618116548,3.89806570970786,7095.71759431448,3.70975709163623,1.09116644258604,66.1607124668844,89.804,7.31933292155652,2371.96646124361,1525.73516114419,,73.973,33.6618740193935,43.5,33.1638305245733,70196270.0,11.8701402157787,11405.7940473759,1466934724293.06,79.199683215791,128613117.0,98.3576583862305,58.1306222617617,1943950.0,,0.1337567027867204,,37.06189623428116,Moyen-Faible,Urbain,,Mégapole,0,Post-COVID,OUI
MEX,MX,Mexico City,2022,pm25,39.0,39.0,0.0,39.0,39.0,2,2022-10-04 17:00:00+00:00,2022-10-04 18:00:00+00:00,21804000.0,19.4333,-99.1333,Mexico,Latin America & Caribbean ,Upper middle income,92.6614618116548,3.89806570970786,7095.71759431448,3.70975709163623,1.09116644258604,66.1607124668844,89.804,7.31933292155652,2371.96646124361,1525.73516114419,,73.973,33.6618740193935,43.5,33.1638305245733,70196270.0,11.8701402157787,11405.7940473759,1466934724293.06,79.199683215791,128613117.0,98.3576583862305,58.1306222617617,1943950.0,,0.1337567027867204,,37.06189623428116,Moyen-Faible,Urbain,,Mégapole,0,Post-COVID,OUI
MEX,MX,Mexico City,2022,so2,0.0022562713224964,0.001,0.0067048180295626,0.0,0.096,4983,2022-04-03 07:00:00+00:00,2022-12-31 22:00:00+00:00,21804000.0,19.4333,-99.1333,Mexico,Latin America & Caribbean ,Upper middle income,92.6614618116548,3.89806570970786,7095.71759431448,3.70975709163623,1.09116644258604,66.1607124668844,89.804,7.31933292155652,2371.96646124361,1525.73516114419,,73.973,33.6618740193935,43.5,33.1638305245733,70196270.0,11.8701402157787,11405.7940473759,1466934724293.06,79.199683215791,128613117.0,98.3576583862305,58.1306222617617,1943950.0,,0.1337567027867204,,37.06189623428116,Moyen-Faible,Urbain,,Mégapole,0,Post-COVID,OUI
MEX,MX,Mexico City,2023,co,0.4811550151975684,0.4,0.2872084660106885,0.0,2.4,1316,2023-01-01 00:00:00+00:00,2023-08-30 11:00:00+00:00,21804000.0,19.4333,-99.1333,Mexico,Latin America & Caribbean ,Upper middle income,92.9784568798496,3.83754974792513,7333.67544795108,3.35354140652768,1.21730400929993,66.7402757272564,,8.63588980675848,2608.52187955737,1559.78994657193,,75.069,33.5959176419147,,32.6059323521063,78763320.0,11.0884699399165,13860.9597809326,1798317581486.88,79.4734935748046,129739759.0,102.055458068848,57.5637379012085,1943950.0,,0.1125230466126046,,36.44348210003143,Moyen-Faible,Urbain,,Mégapole,0,Post-COVID,OUI
MEX,MX,Mexico City,2023,no2,0.0148370607028754,0.0135,0.0082872471626156,0.002,0.044,1252,2023-01-01 00:00:00+00:00,2023-08-30 11:00:00+00:00,21804000.0,19.4333,-99.1333,Mexico,Latin America & Caribbean ,Upper middle income,92.9784568798496,3.83754974792513,7333.67544795108,3.35354140652768,1.21730400929993,66.7402757272564,,8.63588980675848,2608.52187955737,1559.78994657193,,75.069,33.5959176419147,,32.6059323521063,78763320.0,11.0884699399165,13860.9597809326,1798317581486.88,79.4734935748046,129739759.0,102.055458068848,57.5637379012085,1943950.0,,0.1125230466126046,,36.44348210003143,Moyen-Faible,Urbain,,Mégapole,0,Post-COVID,OUI
MEX,MX,Mexico City,2023,o3,0.0383287479598974,0.031,0.0270814418533861,0.001,0.149,4289,2023-01-01 00:00:00+00:00,2023-08-30 11:00:00+00:00,21804000.0,19.4333,-99.1333,Mexico,Latin America & Caribbean ,Upper middle income,92.9784568798496,3.83754974792513,7333.67544795108,3.35354140652768,1.21730400929993,66.7402757272564,,8.63588980675848,2608.52187955737,1559.78994657193,,75.069,33.5959176419147,,32.6059323521063,78763320.0,11.0884699399165,13860.9597809326,1798317581486.88,79.4734935748046,129739759.0,102.055458068848,57.5637379012085,1943950.0,,0.1125230466126046,,36.44348210003143,Moyen-Faible,Urbain,,Mégapole,0,Post-COVID,OUI
MEX,MX,Mexico City,2023,pm10,26.37612951807229,24.0,13.61874257715601,0.0,107.0,2656,2023-01-01 00:00:00+00:00,2023-08-30 11:00:00+00:00,21804000.0,19.4333,-99.1333,Mexico,Latin America & Caribbean ,Upper middle income,92.9784568798496,3.83754974792513,7333.67544795108,3.35354140652768,1.21730400929993,66.7402757272564,,8.63588980675848,2608.52187955737,1559.78994657193,,75.069,33.5959176419147,,32.6059323521063,78763320.0,11.0884699399165,13860.9597809326,1798317581486.88,79.4734935748046,129739759.0,102.055458068848,57.5637379012085,1943950.0,,0.1125230466126046,,36.44348210003143,Moyen-Faible,Urbain,,Mégapole,0,Post-COVID,OUI
MEX,MX,Mexico City,2023,so2,0.0011435341909275,0.0,0.0037079801323705,0.0,0.095,2954,2023-01-01 00:00:00+00:00,2023-08-30 11:00:00+00:00,21804000.0,19.4333,-99.1333,Mexico,Latin America & Caribbean ,Upper middle income,92.9784568798496,3.83754974792513,7333.67544795108,3.35354140652768,1.21730400929993,66.7402757272564,,8.63588980675848,2608.52187955737,1559.78994657193,,75.069,33.5959176419147,,32.6059323521063,78763320.0,11.0884699399165,13860.9597809326,1798317581486.88,79.4734935748046,129739759.0,102.055458068848,57.5637379012085,1943950.0,,0.1125230466126046,,36.44348210003143,Moyen-Faible,Urbain,,Mégapole,0,Post-COVID,OUI
MKD,MK,Skopje,2019,co,1434.43374468478,927.99478,1532.5208430219918,0.0,16773.6,7582,2019-01-01 17:00:00+00:00,2019-12-31 22:00:00+00:00,422540.0,41.9961,21.4317,North Macedonia,Europe & Central Asia,Upper middle income,97.8791697296938,8.13229139447626,4212.32028009714,3.91041953840173,0.100001371588843,74.3957969865186,1.59918,59.7546430397001,3580.52340238197,1503.51336885666,17.0,76.6024390243903,39.7101506740682,33.5,23.7034834116039,,16.6808655648322,6718.85826635458,12606338448.547,60.6286848102132,1876262.0,82.5312805175781,54.994997711796,25220.0,683.0,0.2237418274704613,3.31970239109445,31.83577480608016,Moyen-Faible,Semi-urbain,Mixte-Fossile,Petite,0,Pre-COVID,OUI
MKD,MK,Skopje,2019,no2,18.517201176993723,9.6836618,20.983433669431403,0.0,200.0916,15451,2019-01-01 11:00:00+00:00,2019-12-31 22:00:00+00:00,422540.0,41.9961,21.4317,North Macedonia,Europe & Central Asia,Upper middle income,97.8791697296938,8.13229139447626,4212.32028009714,3.91041953840173,0.100001371588843,74.3957969865186,1.59918,59.7546430397001,3580.52340238197,1503.51336885666,17.0,76.6024390243903,39.7101506740682,33.5,23.7034834116039,,16.6808655648322,6718.85826635458,12606338448.547,60.6286848102132,1876262.0,82.5312805175781,54.994997711796,25220.0,683.0,0.2237418274704613,3.31970239109445,31.83577480608016,Moyen-Faible,Semi-urbain,Mixte-Fossile,Petite,0,Pre-COVID,OUI
MKD,MK,Skopje,2019,pm10,47.010106167902826,35.3972,41.28573121362517,2.02,610.442,9303,2019-01-01 11:00:00+00:00,2019-12-31 22:00:00+00:00,422540.0,41.9961,21.4317,North Macedonia,Europe & Central Asia,Upper middle income,97.8791697296938,8.13229139447626,4212.32028009714,3.91041953840173,0.100001371588843,74.3957969865186,1.59918,59.7546430397001,3580.52340238197,1503.51336885666,17.0,76.6024390243903,39.7101506740682,33.5,23.7034834116039,,16.6808655648322,6718.85826635458,12606338448.547,60.6286848102132,1876262.0,82.5312805175781,54.994997711796,25220.0,683.0,0.2237418274704613,3.31970239109445,31.83577480608016,Moyen-Faible,Semi-urbain,Mixte-Fossile,Petite,0,Pre-COVID,OUI
MKD,MK,Skopje,2019,so2,3.056403402367136,2.3141867,2.561268196306653,0.0,29.1802,7169,2019-01-01 11:00:00+00:00,2019-12-31 22:00:00+00:00,422540.0,41.9961,21.4317,North Macedonia,Europe & Central Asia,Upper middle income,97.8791697296938,8.13229139447626,4212.32028009714,3.91041953840173,0.100001371588843,74.3957969865186,1.59918,59.7546430397001,3580.52340238197,1503.51336885666,17.0,76.6024390243903,39.7101506740682,33.5,23.7034834116039,,16.6808655648322,6718.85826635458,12606338448.547,60.6286848102132,1876262.0,82.5312805175781,54.994997711796,25220.0,683.0,0.2237418274704613,3.31970239109445,31.83577480608016,Moyen-Faible,Semi-urbain,Mixte-Fossile,Petite,0,Pre-COVID,OUI
MKD,MK,Skopje,2020,co,2137.3890769178283,1120.5396999999998,2668.4926208392862,1.14608,24428.44,6888,2020-01-01 00:00:00+00:00,2020-12-31 22:00:00+00:00,422540.0,41.9961,21.4317,North Macedonia,Europe & Central Asia,Upper middle income,98.4277706026568,8.56905928759264,4106.46072750892,-4.68845000956652,-0.207678363374453,73.5973037272006,1.43985,49.2612680007481,3581.11850285865,1388.54646388838,20.0,74.3951219512195,39.7101506740682,,22.7433958881186,,19.1883299046194,6659.59651070776,12361036913.8409,61.1593302746435,1856124.0,82.4416732788086,56.5553416357877,25220.0,683.0,0.2084717880232069,2.3457746667022907,31.31245517571124,Moyen-Faible,Semi-urbain,Mixte-Fossile,Petite,1,COVID,OUI
MKD,MK,Skopje,2020,no2,15.528410856735398,6.685,18.429996178562934,0.0,185.365309,14210,2020-01-01 00:00:00+00:00,2020-12-31 22:00:00+00:00,422540.0,41.9961,21.4317,North Macedonia,Europe & Central Asia,Upper middle income,98.4277706026568,8.56905928759264,4106.46072750892,-4.68845000956652,-0.207678363374453,73.5973037272006,1.43985,49.2612680007481,3581.11850285865,1388.54646388838,20.0,74.3951219512195,39.7101506740682,,22.7433958881186,,19.1883299046194,6659.59651070776,12361036913.8409,61.1593302746435,1856124.0,82.4416732788086,56.5553416357877,25220.0,683.0,0.2084717880232069,2.3457746667022907,31.31245517571124,Moyen-Faible,Semi-urbain,Mixte-Fossile,Petite,1,COVID,OUI
MKD,MK,Skopje,2020,pm10,52.05530998526888,31.054,60.35724612830044,0.0,1000.0,19693,2020-01-01 00:00:00+00:00,2020-12-31 22:00:00+00:00,422540.0,41.9961,21.4317,North Macedonia,Europe & Central Asia,Upper middle income,98.4277706026568,8.56905928759264,4106.46072750892,-4.68845000956652,-0.207678363374453,73.5973037272006,1.43985,49.2612680007481,3581.11850285865,1388.54646388838,20.0,74.3951219512195,39.7101506740682,,22.7433958881186,,19.1883299046194,6659.59651070776,12361036913.8409,61.1593302746435,1856124.0,82.4416732788086,56.5553416357877,25220.0,683.0,0.2084717880232069,2.3457746667022907,31.31245517571124,Moyen-Faible,Semi-urbain,Mixte-Fossile,Petite,1,COVID,OUI
MKD,MK,Skopje,2020,so2,2.647532984568236,1.59598404,3.1059162367539157,0.0,35.511,5906,2020-01-01 00:00:00+00:00,2020-12-31 22:00:00+00:00,422540.0,41.9961,21.4317,North Macedonia,Europe & Central Asia,Upper middle income,98.4277706026568,8.56905928759264,4106.46072750892,-4.68845000956652,-0.207678363374453,73.5973037272006,1.43985,49.2612680007481,3581.11850285865,1388.54646388838,20.0,74.3951219512195,39.7101506740682,,22.7433958881186,,19.1883299046194,6659.59651070776,12361036913.8409,61.1593302746435,1856124.0,82.4416732788086,56.5553416357877,25220.0,683.0,0.2084717880232069,2.3457746667022907,31.31245517571124,Moyen-Faible,Semi-urbain,Mixte-Fossile,Petite,1,COVID,OUI
MKD,MK,Skopje,2021,co,1515.9134366653225,928.00058,1476.6217434672078,2.31955,10651.1084,4960,2021-01-01 00:00:00+00:00,2021-12-31 22:00:00+00:00,422540.0,41.9961,21.4317,North Macedonia,Europe & Central Asia,Upper middle income,98.9748195551065,7.14748884425831,4505.12960471581,4.51067949038222,-0.174924947685562,72.8435368754956,1.56739,39.5046103778702,3793.4499437705,1455.08840227388,19.5,73.2463414634146,39.7101506740682,,22.5805920939893,,18.8031097450732,7620.80296977508,14000283827.0154,61.6841975628139,1837114.0,84.1619567871094,56.6626681929412,25220.0,683.0,0.190911311673125,1.927054164774156,29.728080938247608,Moyen-Faible,Semi-urbain,Mixte-Fossile,Petite,0,Post-COVID,OUI
MKD,MK,Skopje,2021,no2,15.403780220607514,6.876,17.504454645558365,0.0,144.014,12724,2021-01-01 00:00:00+00:00,2021-12-31 22:00:00+00:00,422540.0,41.9961,21.4317,North Macedonia,Europe & Central Asia,Upper middle income,98.9748195551065,7.14748884425831,4505.12960471581,4.51067949038222,-0.174924947685562,72.8435368754956,1.56739,39.5046103778702,3793.4499437705,1455.08840227388,19.5,73.2463414634146,39.7101506740682,,22.5805920939893,,18.8031097450732,7620.80296977508,14000283827.0154,61.6841975628139,1837114.0,84.1619567871094,56.6626681929412,25220.0,683.0,0.190911311673125,1.927054164774156,29.728080938247608,Moyen-Faible,Semi-urbain,Mixte-Fossile,Petite,0,Post-COVID,OUI
MKD,MK,Skopje,2021,o3,32.91327064826288,25.9,30.10741315788436,0.04,153.72,5843,2021-01-31 22:00:00+00:00,2021-12-31 22:00:00+00:00,422540.0,41.9961,21.4317,North Macedonia,Europe & Central Asia,Upper middle income,98.9748195551065,7.14748884425831,4505.12960471581,4.51067949038222,-0.174924947685562,72.8435368754956,1.56739,39.5046103778702,3793.4499437705,1455.08840227388,19.5,73.2463414634146,39.7101506740682,,22.5805920939893,,18.8031097450732,7620.80296977508,14000283827.0154,61.6841975628139,1837114.0,84.1619567871094,56.6626681929412,25220.0,683.0,0.190911311673125,1.927054164774156,29.728080938247608,Moyen-Faible,Semi-urbain,Mixte-Fossile,Petite,0,Post-COVID,OUI
MKD,MK,Skopje,2021,pm10,45.85082037066624,31.147,45.559231476493416,0.0,1000.0,18777,2021-01-01 00:00:00+00:00,2021-12-31 22:00:00+00:00,422540.0,41.9961,21.4317,North Macedonia,Europe & Central Asia,Upper middle income,98.9748195551065,7.14748884425831,4505.12960471581,4.51067949038222,-0.174924947685562,72.8435368754956,1.56739,39.5046103778702,3793.4499437705,1455.08840227388,19.5,73.2463414634146,39.7101506740682,,22.5805920939893,,18.8031097450732,7620.80296977508,14000283827.0154,61.6841975628139,1837114.0,84.1619567871094,56.6626681929412,25220.0,683.0,0.190911311673125,1.927054164774156,29.728080938247608,Moyen-Faible,Semi-urbain,Mixte-Fossile,Petite,0,Post-COVID,OUI
MKD,MK,Skopje,2021,so2,2.3789252719366565,1.86199335,2.020985206750075,0.0,40.166,11556,2021-01-01 00:00:00+00:00,2021-12-31 22:00:00+00:00,422540.0,41.9961,21.4317,North Macedonia,Europe & Central Asia,Upper middle income,98.9748195551065,7.14748884425831,4505.12960471581,4.51067949038222,-0.174924947685562,72.8435368754956,1.56739,39.5046103778702,3793.4499437705,1455.08840227388,19.5,73.2463414634146,39.7101506740682,,22.5805920939893,,18.8031097450732,7620.80296977508,14000283827.0154,61.6841975628139,1837114.0,84.1619567871094,56.6626681929412,25220.0,683.0,0.190911311673125,1.927054164774156,29.728080938247608,Moyen-Faible,Semi-urbain,Mixte-Fossile,Petite,0,Post-COVID,OUI
MKD,MK,Skopje,2022,co,826.8712069171424,484.87768,969.5976613698332,1.16102,8050.3884,6481,2022-01-01 00:00:00+00:00,2022-12-24 14:00:00+00:00,422540.0,41.9961,21.4317,North Macedonia,Europe & Central Asia,Upper middle income,98.98180306954,7.27988785468163,4767.18637064016,2.75888415332967,0.140475532258047,72.6293417922284,2.1715,46.634129922585,3484.17218427351,1476.13542564094,,74.4248780487805,39.7101506740682,,23.0244680694634,,16.358128576237,7606.2375253797,13932436550.0883,61.9530566607267,1831712.0,91.4516372680664,56.3668315026394,25220.0,,0.1940435566414447,,30.304355924145028,Moyen-Faible,Semi-urbain,,Petite,0,Post-COVID,OUI
MKD,MK,Skopje,2022,no2,13.96675847484407,5.348,16.991227808792146,0.0,212.774,13724,2022-01-01 00:00:00+00:00,2022-12-29 01:00:00+00:00,422540.0,41.9961,21.4317,North Macedonia,Europe & Central Asia,Upper middle income,98.98180306954,7.27988785468163,4767.18637064016,2.75888415332967,0.140475532258047,72.6293417922284,2.1715,46.634129922585,3484.17218427351,1476.13542564094,,74.4248780487805,39.7101506740682,,23.0244680694634,,16.358128576237,7606.2375253797,13932436550.0883,61.9530566607267,1831712.0,91.4516372680664,56.3668315026394,25220.0,,0.1940435566414447,,30.304355924145028,Moyen-Faible,Semi-urbain,,Petite,0,Post-COVID,OUI
MKD,MK,Skopje,2022,o3,36.92080064858312,30.56,31.197475846987945,0.02,157.8802,6846,2022-01-01 00:00:00+00:00,2022-12-24 14:00:00+00:00,422540.0,41.9961,21.4317,North Macedonia,Europe & Central Asia,Upper middle income,98.98180306954,7.27988785468163,4767.18637064016,2.75888415332967,0.140475532258047,72.6293417922284,2.1715,46.634129922585,3484.17218427351,1476.13542564094,,74.4248780487805,39.7101506740682,,23.0244680694634,,16.358128576237,7606.2375253797,13932436550.0883,61.9530566607267,1831712.0,91.4516372680664,56.3668315026394,25220.0,,0.1940435566414447,,30.304355924145028,Moyen-Faible,Semi-urbain,,Petite,0,Post-COVID,OUI
MKD,MK,Skopje,2022,pm10,39.49545997567755,27.905,37.22104080906131,0.0,428.536,20146,2022-01-01 00:00:00+00:00,2022-12-29 01:00:00+00:00,422540.0,41.9961,21.4317,North Macedonia,Europe & Central Asia,Upper middle income,98.98180306954,7.27988785468163,4767.18637064016,2.75888415332967,0.140475532258047,72.6293417922284,2.1715,46.634129922585,3484.17218427351,1476.13542564094,,74.4248780487805,39.7101506740682,,23.0244680694634,,16.358128576237,7606.2375253797,13932436550.0883,61.9530566607267,1831712.0,91.4516372680664,56.3668315026394,25220.0,,0.1940435566414447,,30.304355924145028,Moyen-Faible,Semi-urbain,,Petite,0,Post-COVID,OUI
MKD,MK,Skopje,2022,so2,2.3849522303397914,1.9152,2.120819166629499,0.0,151.354,13626,2022-01-01 00:00:00+00:00,2022-12-29 01:00:00+00:00,422540.0,41.9961,21.4317,North Macedonia,Europe & Central Asia,Upper middle income,98.98180306954,7.27988785468163,4767.18637064016,2.75888415332967,0.140475532258047,72.6293417922284,2.1715,46.634129922585,3484.17218427351,1476.13542564094,,74.4248780487805,39.7101506740682,,23.0244680694634,,16.358128576237,7606.2375253797,13932436550.0883,61.9530566607267,1831712.0,91.4516372680664,56.3668315026394,25220.0,,0.1940435566414447,,30.304355924145028,Moyen-Faible,Semi-urbain,,Petite,0,Post-COVID,OUI
MKD,MK,Skopje,2023,co,1199.657888303268,545.2,1453.2374414153487,0.0,9206.92,3825,2023-01-03 10:00:00+00:00,2023-12-14 08:00:00+00:00,422540.0,41.9961,21.4317,North Macedonia,Europe & Central Asia,Upper middle income,98.9894017609484,6.2308866977397,4856.32139233285,2.554965253403,0.268145159613774,72.474861221253,,40.2181818181818,3320.35609711262,1450.14177456794,,75.3160975609756,39.7101506740682,,24.0124323129383,,13.9054545454545,8674.35846327485,15855131188.9092,62.2518322545779,1827816.0,90.0724868774414,56.9248687459104,25220.0,,0.1671564098137021,,30.243319010678,Moyen-Faible,Semi-urbain,,Petite,0,Post-COVID,OUI
MKD,MK,Skopje,2023,no2,10.12635604975124,2.865,15.08625594887877,0.0,433.761,9286,2023-01-03 10:00:00+00:00,2023-12-31 22:00:00+00:00,422540.0,41.9961,21.4317,North Macedonia,Europe & Central Asia,Upper middle income,98.9894017609484,6.2308866977397,4856.32139233285,2.554965253403,0.268145159613774,72.474861221253,,40.2181818181818,3320.35609711262,1450.14177456794,,75.3160975609756,39.7101506740682,,24.0124323129383,,13.9054545454545,8674.35846327485,15855131188.9092,62.2518322545779,1827816.0,90.0724868774414,56.9248687459104,25220.0,,0.1671564098137021,,30.243319010678,Moyen-Faible,Semi-urbain,,Petite,0,Post-COVID,OUI
MKD,MK,Skopje,2023,o3,53.54823818024399,53.64,30.63224832937324,0.04,154.44,5082,2023-01-03 10:00:00+00:00,2023-12-31 22:00:00+00:00,422540.0,41.9961,21.4317,North Macedonia,Europe & Central Asia,Upper middle income,98.9894017609484,6.2308866977397,4856.32139233285,2.554965253403,0.268145159613774,72.474861221253,,40.2181818181818,3320.35609711262,1450.14177456794,,75.3160975609756,39.7101506740682,,24.0124323129383,,13.9054545454545,8674.35846327485,15855131188.9092,62.2518322545779,1827816.0,90.0724868774414,56.9248687459104,25220.0,,0.1671564098137021,,30.243319010678,Moyen-Faible,Semi-urbain,,Petite,0,Post-COVID,OUI
MKD,MK,Skopje,2023,pm10,41.899008445455166,27.535,45.94541605301357,0.0,480.059,14731,2023-01-03 10:00:00+00:00,2023-12-31 22:00:00+00:00,422540.0,41.9961,21.4317,North Macedonia,Europe & Central Asia,Upper middle income,98.9894017609484,6.2308866977397,4856.32139233285,2.554965253403,0.268145159613774,72.474861221253,,40.2181818181818,3320.35609711262,1450.14177456794,,75.3160975609756,39.7101506740682,,24.0124323129383,,13.9054545454545,8674.35846327485,15855131188.9092,62.2518322545779,1827816.0,90.0724868774414,56.9248687459104,25220.0,,0.1671564098137021,,30.243319010678,Moyen-Faible,Semi-urbain,,Petite,0,Post-COVID,OUI
MKD,MK,Skopje,2023,so2,0.8992534217294034,0.00142,1.7894406254490491,0.0,20.4554,8448,2023-01-03 10:00:00+00:00,2023-12-31 22:00:00+00:00,422540.0,41.9961,21.4317,North Macedonia,Europe & Central Asia,Upper middle income,98.9894017609484,6.2308866977397,4856.32139233285,2.554965253403,0.268145159613774,72.474861221253,,40.2181818181818,3320.35609711262,1450.14177456794,,75.3160975609756,39.7101506740682,,24.0124323129383,,13.9054545454545,8674.35846327485,15855131188.9092,62.2518322545779,1827816.0,90.0724868774414,56.9248687459104,25220.0,,0.1671564098137021,,30.243319010678,Moyen-Faible,Semi-urbain,,Petite,0,Post-COVID,OUI
MLI,ML,Bamako,2020,pm25,47.65897244973939,34.0,47.67595703165585,0.0,544.0,4029,2020-03-16 04:00:00+00:00,2020-12-31 22:00:00+00:00,4227569.0,12.6458,-7.9922,Mali,Sub-Saharan Africa ,Low income,42.5396302417606,32.2899608370191,658.480158454725,-1.16910834828603,5.34809264749708,17.7954548062187,5.186,0.0,,,72.8,58.858,10.896663634352,,26.7389536942111,,,953.242943290974,20698560938.7775,29.0205972994693,21713836.0,,35.2593907469673,1220190.0,,,0.0,59.0289145312302,Faible,Rural,Renouvelable,Moyenne,1,COVID,OUI
MLI,ML,Bamako,2021,pm25,81.51947040498442,59.5,73.42448539223699,10.0,907.0,2568,2021-01-01 00:00:00+00:00,2021-12-27 10:00:00+00:00,4227569.0,12.6458,-7.9922,Mali,Sub-Saharan Africa ,Low income,43.8404477380485,32.0375587266747,656.887556053343,3.10094124444834,5.3911832288756,18.348478515641,5.186,0.0,,,71.2,59.116,10.896663634352,35.7,25.7140408570411,,,1027.27345365357,22999245262.6719,29.7049638253978,22388630.0,,35.3863444638051,1220190.0,,,0.0,57.7515995837158,Faible,Rural,Renouvelable,Moyenne,0,Post-COVID,OUI
MLI,ML,Bamako,2022,pm25,65.6626643796455,48.0,48.51451793836309,6.0,377.0,1749,2022-01-04 14:00:00+00:00,2022-12-31 22:00:00+00:00,4227569.0,12.6458,-7.9922,Mali,Sub-Saharan Africa ,Low income,45.1434215383033,32.7176729018653,667.821274553155,3.70319027595568,5.32744420492495,18.9090551471492,5.186,,,,71.1,60.035,10.896663634352,,25.8229787953173,,,976.914116406452,22539987718.7642,30.4015705681899,23072640.0,,35.4460346344289,1220190.0,,,,58.5406516971826,Faible,Rural,Renouvelable,Moyenne,0,Post-COVID,OUI
MLI,ML,Bamako,2023,pm25,45.78179882916445,35.0,38.2733228045173,3.0,745.0,3758,2023-01-01 00:00:00+00:00,2023-10-16 16:00:00+00:00,4227569.0,12.6458,-7.9922,Mali,Sub-Saharan Africa ,Low income,46.4485840749361,32.2126407432108,669.720977659401,4.72541109080376,4.93357937954777,19.4798572353486,,,,,,60.439,10.896663634352,,25.4644896482405,,,1043.9533853528,24813860598.5307,31.0031889023235,23769127.0,38.9389470920545,35.8983947013896,1220190.0,,,,57.6771303914513,Faible,Rural,,Moyenne,0,Post-COVID,OUI
MLT,MT,Valletta,2019,no2,11.36465369883041,8.08446,12.430169473470514,0.0,110.9,7524,2019-03-16 14:00:00+00:00,2019-12-31 22:00:00+00:00,480134.0,35.8983,14.5125,Malta,"Middle East, North Africa, Afghanistan & Pakistan",High income,99.9905343490211,0.471910659536485,14185.0256364706,4.08505582134097,4.27221326001935,1574.725,0.040733787,0.0,5036.59369096191,1440.48279152041,7.4,82.6585365853659,1.4375,31.0,12.0663263039942,2382607.8,7.67362797474502,32421.9179752262,16337793530.7322,94.9332032524644,503912.0,104.505729675293,77.2158691630937,320.0,,0.0444279195543429,0.0,12.538236963530686,Moyen-Élevé,Très urbain,Fossile,Petite,0,Pre-COVID,OUI
MLT,MT,Valletta,2019,o3,70.16078032575878,73.4,21.15556654179825,0.0,137.9,6293,2019-01-01 09:00:00+00:00,2019-12-31 22:00:00+00:00,480134.0,35.8983,14.5125,Malta,"Middle East, North Africa, Afghanistan & Pakistan",High income,99.9905343490211,0.471910659536485,14185.0256364706,4.08505582134097,4.27221326001935,1574.725,0.040733787,0.0,5036.59369096191,1440.48279152041,7.4,82.6585365853659,1.4375,31.0,12.0663263039942,2382607.8,7.67362797474502,32421.9179752262,16337793530.7322,94.9332032524644,503912.0,104.505729675293,77.2158691630937,320.0,,0.0444279195543429,0.0,12.538236963530686,Moyen-Élevé,Très urbain,Fossile,Petite,0,Pre-COVID,OUI
MLT,MT,Valletta,2019,pm10,34.58432933104631,29.022,29.038184731034555,0.0,516.61,11077,2019-01-01 09:00:00+00:00,2019-12-31 22:00:00+00:00,480134.0,35.8983,14.5125,Malta,"Middle East, North Africa, Afghanistan & Pakistan",High income,99.9905343490211,0.471910659536485,14185.0256364706,4.08505582134097,4.27221326001935,1574.725,0.040733787,0.0,5036.59369096191,1440.48279152041,7.4,82.6585365853659,1.4375,31.0,12.0663263039942,2382607.8,7.67362797474502,32421.9179752262,16337793530.7322,94.9332032524644,503912.0,104.505729675293,77.2158691630937,320.0,,0.0444279195543429,0.0,12.538236963530686,Moyen-Élevé,Très urbain,Fossile,Petite,0,Pre-COVID,OUI
MLT,MT,Valletta,2019,pm25,16.495104337631886,14.776,13.32852969787112,0.0,204.68,5118,2019-08-31 15:00:00+00:00,2019-12-31 22:00:00+00:00,480134.0,35.8983,14.5125,Malta,"Middle East, North Africa, Afghanistan & Pakistan",High income,99.9905343490211,0.471910659536485,14185.0256364706,4.08505582134097,4.27221326001935,1574.725,0.040733787,0.0,5036.59369096191,1440.48279152041,7.4,82.6585365853659,1.4375,31.0,12.0663263039942,2382607.8,7.67362797474502,32421.9179752262,16337793530.7322,94.9332032524644,503912.0,104.505729675293,77.2158691630937,320.0,,0.0444279195543429,0.0,12.538236963530686,Moyen-Élevé,Très urbain,Fossile,Petite,0,Pre-COVID,OUI
MLT,MT,Valletta,2019,so2,0.8735586694369063,0.7,1.5081186892779728,0.0,96.1,11792,2019-01-01 09:00:00+00:00,2019-12-31 21:00:00+00:00,480134.0,35.8983,14.5125,Malta,"Middle East, North Africa, Afghanistan & Pakistan",High income,99.9905343490211,0.471910659536485,14185.0256364706,4.08505582134097,4.27221326001935,1574.725,0.040733787,0.0,5036.59369096191,1440.48279152041,7.4,82.6585365853659,1.4375,31.0,12.0663263039942,2382607.8,7.67362797474502,32421.9179752262,16337793530.7322,94.9332032524644,503912.0,104.505729675293,77.2158691630937,320.0,,0.0444279195543429,0.0,12.538236963530686,Moyen-Élevé,Très urbain,Fossile,Petite,0,Pre-COVID,OUI
MLT,MT,Valletta,2020,no2,10.59513523809524,6.17546,13.252293785021513,0.0,104.15427,12411,2020-01-01 00:00:00+00:00,2020-12-31 22:00:00+00:00,480134.0,35.8983,14.5125,Malta,"Middle East, North Africa, Afghanistan & Pakistan",High income,99.9952644133915,0.785620108993087,12434.3495474957,-3.45728276294712,2.53562181333535,1610.90625,0.041297464,0.0,4713.96147354944,1336.72896034906,9.2,82.0975609756098,1.4375,31.4,12.2128636754004,549318.545,5.97293513765749,31823.4363934505,16404663226.4598,95.1841082280263,515490.0,102.924011230469,78.5580595850953,320.0,,0.0420032249376821,0.0,12.998483784393486,Moyen-Élevé,Très urbain,Fossile,Petite,1,COVID,OUI
MLT,MT,Valletta,2020,o3,72.70798727904668,76.45061,25.29683052084478,0.55148,801.7452,7049,2020-01-01 00:00:00+00:00,2020-12-31 22:00:00+00:00,480134.0,35.8983,14.5125,Malta,"Middle East, North Africa, Afghanistan & Pakistan",High income,99.9952644133915,0.785620108993087,12434.3495474957,-3.45728276294712,2.53562181333535,1610.90625,0.041297464,0.0,4713.96147354944,1336.72896034906,9.2,82.0975609756098,1.4375,31.4,12.2128636754004,549318.545,5.97293513765749,31823.4363934505,16404663226.4598,95.1841082280263,515490.0,102.924011230469,78.5580595850953,320.0,,0.0420032249376821,0.0,12.998483784393486,Moyen-Élevé,Très urbain,Fossile,Petite,1,COVID,OUI
MLT,MT,Valletta,2020,pm10,32.70565318996416,27.97,22.9423842370421,0.0,315.81,6975,2020-01-01 00:00:00+00:00,2020-12-31 22:00:00+00:00,480134.0,35.8983,14.5125,Malta,"Middle East, North Africa, Afghanistan & Pakistan",High income,99.9952644133915,0.785620108993087,12434.3495474957,-3.45728276294712,2.53562181333535,1610.90625,0.041297464,0.0,4713.96147354944,1336.72896034906,9.2,82.0975609756098,1.4375,31.4,12.2128636754004,549318.545,5.97293513765749,31823.4363934505,16404663226.4598,95.1841082280263,515490.0,102.924011230469,78.5580595850953,320.0,,0.0420032249376821,0.0,12.998483784393486,Moyen-Élevé,Très urbain,Fossile,Petite,1,COVID,OUI
MLT,MT,Valletta,2020,pm25,11.544329610518131,9.925,8.35310318584974,0.0,121.12,14147,2020-01-01 00:00:00+00:00,2020-12-31 22:00:00+00:00,480134.0,35.8983,14.5125,Malta,"Middle East, North Africa, Afghanistan & Pakistan",High income,99.9952644133915,0.785620108993087,12434.3495474957,-3.45728276294712,2.53562181333535,1610.90625,0.041297464,0.0,4713.96147354944,1336.72896034906,9.2,82.0975609756098,1.4375,31.4,12.2128636754004,549318.545,5.97293513765749,31823.4363934505,16404663226.4598,95.1841082280263,515490.0,102.924011230469,78.5580595850953,320.0,,0.0420032249376821,0.0,12.998483784393486,Moyen-Élevé,Très urbain,Fossile,Petite,1,COVID,OUI
MLT,MT,Valletta,2020,so2,1.3215650232219287,1.07168,1.1152649060334376,0.0,10.7201,10981,2020-01-01 00:00:00+00:00,2020-12-31 22:00:00+00:00,480134.0,35.8983,14.5125,Malta,"Middle East, North Africa, Afghanistan & Pakistan",High income,99.9952644133915,0.785620108993087,12434.3495474957,-3.45728276294712,2.53562181333535,1610.90625,0.041297464,0.0,4713.96147354944,1336.72896034906,9.2,82.0975609756098,1.4375,31.4,12.2128636754004,549318.545,5.97293513765749,31823.4363934505,16404663226.4598,95.1841082280263,515490.0,102.924011230469,78.5580595850953,320.0,,0.0420032249376821,0.0,12.998483784393486,Moyen-Élevé,Très urbain,Fossile,Petite,1,COVID,OUI
MLT,MT,Valletta,2021,no2,12.080004291649356,7.39627,13.88748458029176,0.00255,100.5473,12035,2021-01-01 00:00:00+00:00,2021-12-31 22:00:00+00:00,480134.0,35.8983,14.5125,Malta,"Middle East, North Africa, Afghanistan & Pakistan",High income,99.9999977128228,0.881852278329264,13748.5859518915,13.4117042939322,0.861229340869234,1619.21875,0.039625943,0.0,4940.6542506996,1363.05571036865,8.6,82.2585365853659,1.4375,31.6,11.4446268221058,597724.0,7.49774164408311,38096.8360735119,19739875611.4902,95.5145343617045,518150.0,103.094459533691,79.6883810098911,320.0,,0.035777772462944,0.0,12.326479100435064,Moyen-Élevé,Très urbain,Fossile,Petite,0,Post-COVID,OUI
MLT,MT,Valletta,2021,o3,73.2097551359786,75.7907,29.160764992633183,0.59805,1547.17241,6729,2021-01-01 00:00:00+00:00,2021-12-31 22:00:00+00:00,480134.0,35.8983,14.5125,Malta,"Middle East, North Africa, Afghanistan & Pakistan",High income,99.9999977128228,0.881852278329264,13748.5859518915,13.4117042939322,0.861229340869234,1619.21875,0.039625943,0.0,4940.6542506996,1363.05571036865,8.6,82.2585365853659,1.4375,31.6,11.4446268221058,597724.0,7.49774164408311,38096.8360735119,19739875611.4902,95.5145343617045,518150.0,103.094459533691,79.6883810098911,320.0,,0.035777772462944,0.0,12.326479100435064,Moyen-Élevé,Très urbain,Fossile,Petite,0,Post-COVID,OUI
MLT,MT,Valletta,2021,pm10,32.23070211030686,26.17,25.76689742586595,0.0,267.93,9809,2021-01-01 00:00:00+00:00,2021-12-31 22:00:00+00:00,480134.0,35.8983,14.5125,Malta,"Middle East, North Africa, Afghanistan & Pakistan",High income,99.9999977128228,0.881852278329264,13748.5859518915,13.4117042939322,0.861229340869234,1619.21875,0.039625943,0.0,4940.6542506996,1363.05571036865,8.6,82.2585365853659,1.4375,31.6,11.4446268221058,597724.0,7.49774164408311,38096.8360735119,19739875611.4902,95.5145343617045,518150.0,103.094459533691,79.6883810098911,320.0,,0.035777772462944,0.0,12.326479100435064,Moyen-Élevé,Très urbain,Fossile,Petite,0,Post-COVID,OUI
MLT,MT,Valletta,2021,pm25,13.743476293748133,11.05,19.467662320255727,0.0,1865.6,13372,2021-01-01 00:00:00+00:00,2021-12-31 22:00:00+00:00,480134.0,35.8983,14.5125,Malta,"Middle East, North Africa, Afghanistan & Pakistan",High income,99.9999977128228,0.881852278329264,13748.5859518915,13.4117042939322,0.861229340869234,1619.21875,0.039625943,0.0,4940.6542506996,1363.05571036865,8.6,82.2585365853659,1.4375,31.6,11.4446268221058,597724.0,7.49774164408311,38096.8360735119,19739875611.4902,95.5145343617045,518150.0,103.094459533691,79.6883810098911,320.0,,0.035777772462944,0.0,12.326479100435064,Moyen-Élevé,Très urbain,Fossile,Petite,0,Post-COVID,OUI
MLT,MT,Valletta,2021,so2,0.8767212274096385,0.591055,3.67583661174063,0.0,344.5932,11952,2021-01-01 00:00:00+00:00,2021-12-31 22:00:00+00:00,480134.0,35.8983,14.5125,Malta,"Middle East, North Africa, Afghanistan & Pakistan",High income,99.9999977128228,0.881852278329264,13748.5859518915,13.4117042939322,0.861229340869234,1619.21875,0.039625943,0.0,4940.6542506996,1363.05571036865,8.6,82.2585365853659,1.4375,31.6,11.4446268221058,597724.0,7.49774164408311,38096.8360735119,19739875611.4902,95.5145343617045,518150.0,103.094459533691,79.6883810098911,320.0,,0.035777772462944,0.0,12.326479100435064,Moyen-Élevé,Très urbain,Fossile,Petite,0,Post-COVID,OUI
MLT,MT,Valletta,2022,no2,12.76101450377094,8.16,14.41616080334908,0.00669,413.10064,14983,2022-01-01 00:00:00+00:00,2022-12-31 22:00:00+00:00,480134.0,35.8983,14.5125,Malta,"Middle East, North Africa, Afghanistan & Pakistan",High income,99.9999984486759,0.839345917125421,14698.5397583965,2.48309993837792,2.56074152522947,1659.728125,0.036663004,,5174.04017600774,1456.24524810948,,82.4487804878049,1.4375,34.6,11.2986859561477,1964262.009,8.0244221543829,35638.8869457406,18928276162.4131,95.6003155132879,531113.0,102.695037841797,80.6068454474279,320.0,,0.040859985059058,,12.13803187327312,Moyen-Élevé,Très urbain,,Petite,0,Post-COVID,OUI
MLT,MT,Valletta,2022,o3,71.7676773436699,75.51654,24.839200449480074,0.465,137.46382,7804,2022-01-01 00:00:00+00:00,2022-12-31 22:00:00+00:00,480134.0,35.8983,14.5125,Malta,"Middle East, North Africa, Afghanistan & Pakistan",High income,99.9999984486759,0.839345917125421,14698.5397583965,2.48309993837792,2.56074152522947,1659.728125,0.036663004,,5174.04017600774,1456.24524810948,,82.4487804878049,1.4375,34.6,11.2986859561477,1964262.009,8.0244221543829,35638.8869457406,18928276162.4131,95.6003155132879,531113.0,102.695037841797,80.6068454474279,320.0,,0.040859985059058,,12.13803187327312,Moyen-Élevé,Très urbain,,Petite,0,Post-COVID,OUI
MLT,MT,Valletta,2022,pm10,26.63093230929445,21.435,21.6906599915721,0.0,579.851,15364,2022-01-01 00:00:00+00:00,2022-12-31 22:00:00+00:00,480134.0,35.8983,14.5125,Malta,"Middle East, North Africa, Afghanistan & Pakistan",High income,99.9999984486759,0.839345917125421,14698.5397583965,2.48309993837792,2.56074152522947,1659.728125,0.036663004,,5174.04017600774,1456.24524810948,,82.4487804878049,1.4375,34.6,11.2986859561477,1964262.009,8.0244221543829,35638.8869457406,18928276162.4131,95.6003155132879,531113.0,102.695037841797,80.6068454474279,320.0,,0.040859985059058,,12.13803187327312,Moyen-Élevé,Très urbain,,Petite,0,Post-COVID,OUI
MLT,MT,Valletta,2022,pm25,11.892748250401285,9.937,22.630049955457643,0.0,2615.8,15575,2022-01-01 00:00:00+00:00,2022-12-31 22:00:00+00:00,480134.0,35.8983,14.5125,Malta,"Middle East, North Africa, Afghanistan & Pakistan",High income,99.9999984486759,0.839345917125421,14698.5397583965,2.48309993837792,2.56074152522947,1659.728125,0.036663004,,5174.04017600774,1456.24524810948,,82.4487804878049,1.4375,34.6,11.2986859561477,1964262.009,8.0244221543829,35638.8869457406,18928276162.4131,95.6003155132879,531113.0,102.695037841797,80.6068454474279,320.0,,0.040859985059058,,12.13803187327312,Moyen-Élevé,Très urbain,,Petite,0,Post-COVID,OUI
MLT,MT,Valletta,2022,so2,0.5092455595181486,0.28472,3.697899841620069,0.0,234.71355,12618,2022-01-01 00:00:00+00:00,2022-12-31 22:00:00+00:00,480134.0,35.8983,14.5125,Malta,"Middle East, North Africa, Afghanistan & Pakistan",High income,99.9999984486759,0.839345917125421,14698.5397583965,2.48309993837792,2.56074152522947,1659.728125,0.036663004,,5174.04017600774,1456.24524810948,,82.4487804878049,1.4375,34.6,11.2986859561477,1964262.009,8.0244221543829,35638.8869457406,18928276162.4131,95.6003155132879,531113.0,102.695037841797,80.6068454474279,320.0,,0.040859985059058,,12.13803187327312,Moyen-Élevé,Très urbain,,Petite,0,Post-COVID,OUI
MLT,MT,Valletta,2023,no2,12.580286624761904,8.31507,13.108927785504749,0.00701,105.39835,13125,2023-01-01 00:00:00+00:00,2023-12-31 12:00:00+00:00,480134.0,35.8983,14.5125,Malta,"Middle East, North Africa, Afghanistan & Pakistan",High income,100.0,0.0533608475644054,15964.8892300449,10.6215185022616,4.02071675251923,1727.334375,,,5042.08978067724,1397.99606213865,,83.5073170731707,1.4375,,11.088762805751,2387400.4,7.63651877133106,40905.8059585057,22610561526.1461,95.6272277147965,552747.0,103.027229309082,81.7289465869198,320.0,,0.0341751459049803,,11.142123653315403,Élevé,Très urbain,,Petite,0,Post-COVID,OUI
MLT,MT,Valletta,2023,o3,75.02968685791528,77.7637,23.629716089879324,0.75837,153.93732,6658,2023-01-01 00:00:00+00:00,2023-12-30 12:00:00+00:00,480134.0,35.8983,14.5125,Malta,"Middle East, North Africa, Afghanistan & Pakistan",High income,100.0,0.0533608475644054,15964.8892300449,10.6215185022616,4.02071675251923,1727.334375,,,5042.08978067724,1397.99606213865,,83.5073170731707,1.4375,,11.088762805751,2387400.4,7.63651877133106,40905.8059585057,22610561526.1461,95.6272277147965,552747.0,103.027229309082,81.7289465869198,320.0,,0.0341751459049803,,11.142123653315403,Élevé,Très urbain,,Petite,0,Post-COVID,OUI
MLT,MT,Valletta,2023,pm10,30.18781747994903,23.186,28.28517214227063,0.0,614.77,13341,2023-01-01 00:00:00+00:00,2023-12-31 12:00:00+00:00,480134.0,35.8983,14.5125,Malta,"Middle East, North Africa, Afghanistan & Pakistan",High income,100.0,0.0533608475644054,15964.8892300449,10.6215185022616,4.02071675251923,1727.334375,,,5042.08978067724,1397.99606213865,,83.5073170731707,1.4375,,11.088762805751,2387400.4,7.63651877133106,40905.8059585057,22610561526.1461,95.6272277147965,552747.0,103.027229309082,81.7289465869198,320.0,,0.0341751459049803,,11.142123653315403,Élevé,Très urbain,,Petite,0,Post-COVID,OUI
MLT,MT,Valletta,2023,pm25,13.111638451346977,11.3,11.896863874638544,0.0,854.6,13586,2023-01-01 00:00:00+00:00,2023-12-31 12:00:00+00:00,480134.0,35.8983,14.5125,Malta,"Middle East, North Africa, Afghanistan & Pakistan",High income,100.0,0.0533608475644054,15964.8892300449,10.6215185022616,4.02071675251923,1727.334375,,,5042.08978067724,1397.99606213865,,83.5073170731707,1.4375,,11.088762805751,2387400.4,7.63651877133106,40905.8059585057,22610561526.1461,95.6272277147965,552747.0,103.027229309082,81.7289465869198,320.0,,0.0341751459049803,,11.142123653315403,Élevé,Très urbain,,Petite,0,Post-COVID,OUI
MLT,MT,Valletta,2023,so2,0.3934257211354047,0.2794,0.8264794834415848,0.0,69.77501,10428,2023-01-01 00:00:00+00:00,2023-12-31 12:00:00+00:00,480134.0,35.8983,14.5125,Malta,"Middle East, North Africa, Afghanistan & Pakistan",High income,100.0,0.0533608475644054,15964.8892300449,10.6215185022616,4.02071675251923,1727.334375,,,5042.08978067724,1397.99606213865,,83.5073170731707,1.4375,,11.088762805751,2387400.4,7.63651877133106,40905.8059585057,22610561526.1461,95.6272277147965,552747.0,103.027229309082,81.7289465869198,320.0,,0.0341751459049803,,11.142123653315403,Élevé,Très urbain,,Petite,0,Post-COVID,OUI
MMR,MM,Rangoon,2019,o3,0.0056927576601671,0.003,0.0069121001010514,0.0,0.046,3590,2019-06-24 23:30:00+00:00,2019-12-13 21:30:00+00:00,6874000.0,16.795,96.16,Myanmar,East Asia & Pacific,Lower middle income,73.1653173340109,20.8421577754282,,6.57911006765414,0.984321179204505,80.6507017006282,33.231,11.9015047879617,265.915851101789,426.034236342975,58.5,66.457,44.1758847862724,,38.4126110918443,3701663.849,19.6411659475955,1425.98954241668,75065106243.3578,30.0782436945232,52640713.0,,40.7452311327275,652700.0,,0.2985545609685858,0.2000252905539781,59.254768867272496,Faible,Rural,Mixte-Renouvelable,Grande,0,Pre-COVID,OUI
MMR,MM,Rangoon,2019,pm25,19.304950968667782,11.0,20.41910276625043,0.0,142.0,4181,2019-06-16 06:30:00+00:00,2019-12-31 23:30:00+00:00,6874000.0,16.795,96.16,Myanmar,East Asia & Pacific,Lower middle income,73.1653173340109,20.8421577754282,,6.57911006765414,0.984321179204505,80.6507017006282,33.231,11.9015047879617,265.915851101789,426.034236342975,58.5,66.457,44.1758847862724,,38.4126110918443,3701663.849,19.6411659475955,1425.98954241668,75065106243.3578,30.0782436945232,52640713.0,,40.7452311327275,652700.0,,0.2985545609685858,0.2000252905539781,59.254768867272496,Faible,Rural,Mixte-Renouvelable,Grande,0,Pre-COVID,OUI
MMR,MM,Rangoon,2020,o3,0.0082760814249363,0.004,0.0101933822317512,0.0,0.076,5502,2020-03-18 15:30:00+00:00,2020-12-31 23:30:00+00:00,6874000.0,16.795,96.16,Myanmar,East Asia & Pacific,Lower middle income,73.6368737740023,22.4186525400503,,-9.04834717984643,0.980518160556139,81.2302112859485,33.231,13.2991360691145,274.36730006544,420.352655494399,59.2,66.612,43.7340309804342,,37.5439155484288,1506581.713,14.7516198704104,1490.21683599469,79006113670.2831,30.1593049968842,53016522.0,,40.0374319115209,652670.0,,0.2818856690375348,0.2209158815467524,59.9625680884791,Faible,Rural,Mixte-Renouvelable,Grande,1,COVID,OUI
MMR,MM,Rangoon,2020,pm25,28.58528784648188,22.0,26.84768960236456,0.0,173.0,6566,2020-01-01 00:30:00+00:00,2020-12-31 23:30:00+00:00,6874000.0,16.795,96.16,Myanmar,East Asia & Pacific,Lower middle income,73.6368737740023,22.4186525400503,,-9.04834717984643,0.980518160556139,81.2302112859485,33.231,13.2991360691145,274.36730006544,420.352655494399,59.2,66.612,43.7340309804342,,37.5439155484288,1506581.713,14.7516198704104,1490.21683599469,79006113670.2831,30.1593049968842,53016522.0,,40.0374319115209,652670.0,,0.2818856690375348,0.2209158815467524,59.9625680884791,Faible,Rural,Mixte-Renouvelable,Grande,1,COVID,OUI
MMR,MM,Rangoon,2021,o3,0.0105501519756838,0.009,0.008192813783769,0.0,0.08,1316,2021-01-01 00:30:00+00:00,2021-03-09 20:00:00+00:00,6874000.0,16.795,96.16,Myanmar,East Asia & Pacific,Lower middle income,74.1054938787639,22.7852901568211,,-12.0163724829177,0.953448977637289,81.7980020531049,33.231,10.7672011365943,289.938944428937,404.314368791505,62.9,65.553,43.2901466284646,,37.3108899934826,1132655.764,14.7503551857114,1242.7213439951,66345291149.4433,30.2368812529698,53387102.0,,39.9038198496963,652670.0,,0.3250843693755069,0.1685008002596917,60.096180150303695,Faible,Rural,Renouvelable,Grande,0,Post-COVID,OUI
MMR,MM,Rangoon,2021,pm25,28.238834538494256,24.0,23.45834921304487,0.0,378.0,4702,2021-01-01 00:30:00+00:00,2021-12-31 23:30:00+00:00,6874000.0,16.795,96.16,Myanmar,East Asia & Pacific,Lower middle income,74.1054938787639,22.7852901568211,,-12.0163724829177,0.953448977637289,81.7980020531049,33.231,10.7672011365943,289.938944428937,404.314368791505,62.9,65.553,43.2901466284646,,37.3108899934826,1132655.764,14.7503551857114,1242.7213439951,66345291149.4433,30.2368812529698,53387102.0,,39.9038198496963,652670.0,,0.3250843693755069,0.1685008002596917,60.096180150303695,Faible,Rural,Renouvelable,Grande,0,Post-COVID,OUI
MMR,MM,Rangoon,2022,pm25,20.787894947340355,14.0,20.24453684614272,0.0,261.0,7501,2022-01-01 00:30:00+00:00,2022-12-09 01:30:00+00:00,6874000.0,16.795,96.16,Myanmar,East Asia & Pacific,Lower middle income,74.1301579655436,22.3343500768495,,4.0374934360085,0.935214305205939,82.3644215300228,33.231,0.511521177932881,354.132028017225,399.521185214539,,66.506,42.846262276495,,38.2471357653023,2491745.0,8.0217994072091,1158.05005055976,62253049903.28,30.311095757938,53756787.0,,39.4185141578482,652670.0,,0.3446970948507283,,60.58148584215181,Faible,Rural,,Grande,0,Post-COVID,OUI
MMR,MM,Rangoon,2023,pm25,17.412906298368853,12.0,17.1053849407041,0.0,116.0,8399,2023-01-06 04:30:00+00:00,2023-12-07 03:00:00+00:00,6874000.0,16.795,96.16,Myanmar,East Asia & Pacific,Lower middle income,74.156188318795,22.7222309725462,,0.958446625126115,0.932763127595462,82.9420656687147,,,,,,66.889,42.4023779245254,,37.5929250362669,3541244.0,,1233.19666209269,66757619000.0,30.3820718069466,54133798.0,,39.6848439911869,652670.0,,,,60.3151560088131,Faible,Rural,,Grande,0,Post-COVID,OUI
NLD,NL,Amsterdam,2019,co,0.3913395502645503,0.36175,0.13477548093596,0.1588,1.3627,756,2019-01-01 08:00:00+00:00,2019-12-31 17:00:00+00:00,1477213.0,52.3728,4.8936,Netherlands,Europe & Central Asia,High income,97.6944050882075,1.7588069903961,21162.6536668763,2.30009157916757,2.03159162127433,515.143272943273,8.4034,16.5137387981023,6757.32784222013,4129.40909477343,8.6,82.1121951219512,10.9465399465399,29.2,17.1127557495056,46358457.951,4.16611755403268,53554.9007491475,928903005576.469,93.8898028856479,17344874.0,114.804168701172,70.2508053465611,33670.0,3078.0,0.0771046520926858,1.7201811248023229,18.871562739901695,Élevé,Très urbain,Fossile,Moyenne,0,Pre-COVID,OUI
NLD,NL,Amsterdam,2019,no2,31.99227340267459,28.25,19.30091816764276,2.0,102.8,1346,2019-01-01 08:00:00+00:00,2019-12-31 17:00:00+00:00,1477213.0,52.3728,4.8936,Netherlands,Europe & Central Asia,High income,97.6944050882075,1.7588069903961,21162.6536668763,2.30009157916757,2.03159162127433,515.143272943273,8.4034,16.5137387981023,6757.32784222013,4129.40909477343,8.6,82.1121951219512,10.9465399465399,29.2,17.1127557495056,46358457.951,4.16611755403268,53554.9007491475,928903005576.469,93.8898028856479,17344874.0,114.804168701172,70.2508053465611,33670.0,3078.0,0.0771046520926858,1.7201811248023229,18.871562739901695,Élevé,Très urbain,Fossile,Moyenne,0,Pre-COVID,OUI
NLD,NL,Amsterdam,2019,o3,42.444279346211,42.4,24.651868966970973,0.1,155.5,673,2019-01-01 08:00:00+00:00,2019-12-31 17:00:00+00:00,1477213.0,52.3728,4.8936,Netherlands,Europe & Central Asia,High income,97.6944050882075,1.7588069903961,21162.6536668763,2.30009157916757,2.03159162127433,515.143272943273,8.4034,16.5137387981023,6757.32784222013,4129.40909477343,8.6,82.1121951219512,10.9465399465399,29.2,17.1127557495056,46358457.951,4.16611755403268,53554.9007491475,928903005576.469,93.8898028856479,17344874.0,114.804168701172,70.2508053465611,33670.0,3078.0,0.0771046520926858,1.7201811248023229,18.871562739901695,Élevé,Très urbain,Fossile,Moyenne,0,Pre-COVID,OUI
NLD,NL,Amsterdam,2019,pm10,20.17986906710311,17.3,12.780057619968444,1.6,111.7,611,2019-01-01 08:00:00+00:00,2019-12-31 17:00:00+00:00,1477213.0,52.3728,4.8936,Netherlands,Europe & Central Asia,High income,97.6944050882075,1.7588069903961,21162.6536668763,2.30009157916757,2.03159162127433,515.143272943273,8.4034,16.5137387981023,6757.32784222013,4129.40909477343,8.6,82.1121951219512,10.9465399465399,29.2,17.1127557495056,46358457.951,4.16611755403268,53554.9007491475,928903005576.469,93.8898028856479,17344874.0,114.804168701172,70.2508053465611,33670.0,3078.0,0.0771046520926858,1.7201811248023229,18.871562739901695,Élevé,Très urbain,Fossile,Moyenne,0,Pre-COVID,OUI
NLD,NL,Amsterdam,2020,co,0.3539491382342596,0.3243,0.1208871568103868,0.135,1.0994,2843,2020-01-01 03:00:00+00:00,2020-12-31 21:00:00+00:00,1477213.0,52.3728,4.8936,Netherlands,Europe & Central Asia,High income,97.6857903463505,1.73737205482673,19706.7212064638,-3.86795333823223,0.94187132064814,518.013068013068,8.306,8.19448725644478,6643.57996731932,3975.37813564997,10.7,81.3585365853659,10.974160974161,26.0,17.3794770859182,14748517.334,3.84821298204059,53467.9277413737,932560861701.17,94.2532277765935,17441500.0,136.284164428711,69.8215350848722,33670.0,3078.0,0.0743493147062656,0.7003835261918616,19.11684914074493,Élevé,Très urbain,Mixte-Fossile,Moyenne,1,COVID,OUI
NLD,NL,Amsterdam,2020,no2,25.715821320519662,22.2,16.66015504181146,0.0,124.3,5619,2020-01-01 03:00:00+00:00,2020-12-31 21:00:00+00:00,1477213.0,52.3728,4.8936,Netherlands,Europe & Central Asia,High income,97.6857903463505,1.73737205482673,19706.7212064638,-3.86795333823223,0.94187132064814,518.013068013068,8.306,8.19448725644478,6643.57996731932,3975.37813564997,10.7,81.3585365853659,10.974160974161,26.0,17.3794770859182,14748517.334,3.84821298204059,53467.9277413737,932560861701.17,94.2532277765935,17441500.0,136.284164428711,69.8215350848722,33670.0,3078.0,0.0743493147062656,0.7003835261918616,19.11684914074493,Élevé,Très urbain,Mixte-Fossile,Moyenne,1,COVID,OUI
NLD,NL,Amsterdam,2020,o3,42.71016023306628,41.6,25.498431585249502,0.0,158.0,2746,2020-01-01 03:00:00+00:00,2020-12-31 21:00:00+00:00,1477213.0,52.3728,4.8936,Netherlands,Europe & Central Asia,High income,97.6857903463505,1.73737205482673,19706.7212064638,-3.86795333823223,0.94187132064814,518.013068013068,8.306,8.19448725644478,6643.57996731932,3975.37813564997,10.7,81.3585365853659,10.974160974161,26.0,17.3794770859182,14748517.334,3.84821298204059,53467.9277413737,932560861701.17,94.2532277765935,17441500.0,136.284164428711,69.8215350848722,33670.0,3078.0,0.0743493147062656,0.7003835261918616,19.11684914074493,Élevé,Très urbain,Mixte-Fossile,Moyenne,1,COVID,OUI
NLD,NL,Amsterdam,2020,pm10,16.757095830285298,13.85,10.521450869945108,0.5,93.0,2734,2020-01-01 08:00:00+00:00,2020-12-31 21:00:00+00:00,1477213.0,52.3728,4.8936,Netherlands,Europe & Central Asia,High income,97.6857903463505,1.73737205482673,19706.7212064638,-3.86795333823223,0.94187132064814,518.013068013068,8.306,8.19448725644478,6643.57996731932,3975.37813564997,10.7,81.3585365853659,10.974160974161,26.0,17.3794770859182,14748517.334,3.84821298204059,53467.9277413737,932560861701.17,94.2532277765935,17441500.0,136.284164428711,69.8215350848722,33670.0,3078.0,0.0743493147062656,0.7003835261918616,19.11684914074493,Élevé,Très urbain,Mixte-Fossile,Moyenne,1,COVID,OUI
NLD,NL,Amsterdam,2021,co,0.3591347080440996,0.3257,0.1274906615345597,0.1664,1.4123,2449,2021-01-01 00:00:00+00:00,2021-12-31 22:00:00+00:00,1477213.0,52.3728,4.8936,Netherlands,Europe & Central Asia,High income,97.6777500278997,1.65464640233302,20454.501676659,6.2768306708326,0.921884889970005,520.731927531928,7.9462,14.2129819104526,6708.8179325849,4057.79129205731,12.2,81.309756097561,11.001980991981,25.7,17.7061297739891,19349165.526,3.92649586641565,60141.9880911492,1054472123449.6,94.6294783220315,17533044.0,135.962173461914,69.4429925410801,33670.0,3041.0,0.0674690669826307,1.076741053822167,19.360776176322123,Élevé,Très urbain,Mixte-Fossile,Moyenne,0,Post-COVID,OUI
NLD,NL,Amsterdam,2021,no2,26.913141091658083,23.6,17.105472644625596,0.5,114.6,4855,2021-01-01 00:00:00+00:00,2021-12-31 22:00:00+00:00,1477213.0,52.3728,4.8936,Netherlands,Europe & Central Asia,High income,97.6777500278997,1.65464640233302,20454.501676659,6.2768306708326,0.921884889970005,520.731927531928,7.9462,14.2129819104526,6708.8179325849,4057.79129205731,12.2,81.309756097561,11.001980991981,25.7,17.7061297739891,19349165.526,3.92649586641565,60141.9880911492,1054472123449.6,94.6294783220315,17533044.0,135.962173461914,69.4429925410801,33670.0,3041.0,0.0674690669826307,1.076741053822167,19.360776176322123,Élevé,Très urbain,Mixte-Fossile,Moyenne,0,Post-COVID,OUI
NLD,NL,Amsterdam,2021,o3,41.516177669111656,42.3,21.84306987322436,0.0,132.4,2454,2021-01-01 00:00:00+00:00,2021-12-31 22:00:00+00:00,1477213.0,52.3728,4.8936,Netherlands,Europe & Central Asia,High income,97.6777500278997,1.65464640233302,20454.501676659,6.2768306708326,0.921884889970005,520.731927531928,7.9462,14.2129819104526,6708.8179325849,4057.79129205731,12.2,81.309756097561,11.001980991981,25.7,17.7061297739891,19349165.526,3.92649586641565,60141.9880911492,1054472123449.6,94.6294783220315,17533044.0,135.962173461914,69.4429925410801,33670.0,3041.0,0.0674690669826307,1.076741053822167,19.360776176322123,Élevé,Très urbain,Mixte-Fossile,Moyenne,0,Post-COVID,OUI
NLD,NL,Amsterdam,2021,pm10,19.0013698630137,15.8,16.258135268486686,0.0,287.1,2409,2021-01-01 00:00:00+00:00,2021-12-31 22:00:00+00:00,1477213.0,52.3728,4.8936,Netherlands,Europe & Central Asia,High income,97.6777500278997,1.65464640233302,20454.501676659,6.2768306708326,0.921884889970005,520.731927531928,7.9462,14.2129819104526,6708.8179325849,4057.79129205731,12.2,81.309756097561,11.001980991981,25.7,17.7061297739891,19349165.526,3.92649586641565,60141.9880911492,1054472123449.6,94.6294783220315,17533044.0,135.962173461914,69.4429925410801,33670.0,3041.0,0.0674690669826307,1.076741053822167,19.360776176322123,Élevé,Très urbain,Mixte-Fossile,Moyenne,0,Post-COVID,OUI
NLD,NL,Amsterdam,2022,co,0.3112103429796355,0.28365,0.116284899124001,0.1279,1.0885,1866,2022-01-01 04:00:00+00:00,2022-12-31 21:00:00+00:00,1477213.0,52.3728,4.8936,Netherlands,Europe & Central Asia,High income,97.6702396117146,1.64194723390554,21588.1381373973,5.00723455159611,1.32892378872984,525.719691119691,8.2343,14.3116836113579,6352.07696386562,3570.12031994399,,81.6146341463415,11.0296673596674,,18.6563965305589,35579242.0,4.00421149606817,59123.318556487,1046540797548.64,94.9856177734136,17700982.0,138.767501831055,69.0713610110483,33670.0,,0.0603832806382896,,20.29834376446444,Élevé,Très urbain,,Moyenne,0,Post-COVID,OUI
NLD,NL,Amsterdam,2022,no2,26.05913862718708,21.4,18.65071312196645,0.1,346.8,3715,2022-01-01 04:00:00+00:00,2022-12-31 21:00:00+00:00,1477213.0,52.3728,4.8936,Netherlands,Europe & Central Asia,High income,97.6702396117146,1.64194723390554,21588.1381373973,5.00723455159611,1.32892378872984,525.719691119691,8.2343,14.3116836113579,6352.07696386562,3570.12031994399,,81.6146341463415,11.0296673596674,,18.6563965305589,35579242.0,4.00421149606817,59123.318556487,1046540797548.64,94.9856177734136,17700982.0,138.767501831055,69.0713610110483,33670.0,,0.0603832806382896,,20.29834376446444,Élevé,Très urbain,,Moyenne,0,Post-COVID,OUI
NLD,NL,Amsterdam,2022,o3,46.45591280653952,47.8,24.801359182708755,0.0,171.9,1835,2022-01-01 04:00:00+00:00,2022-12-31 21:00:00+00:00,1477213.0,52.3728,4.8936,Netherlands,Europe & Central Asia,High income,97.6702396117146,1.64194723390554,21588.1381373973,5.00723455159611,1.32892378872984,525.719691119691,8.2343,14.3116836113579,6352.07696386562,3570.12031994399,,81.6146341463415,11.0296673596674,,18.6563965305589,35579242.0,4.00421149606817,59123.318556487,1046540797548.64,94.9856177734136,17700982.0,138.767501831055,69.0713610110483,33670.0,,0.0603832806382896,,20.29834376446444,Élevé,Très urbain,,Moyenne,0,Post-COVID,OUI
NLD,NL,Amsterdam,2022,pm10,19.954758107389686,17.0,14.162729405382072,0.4,212.0,1881,2022-01-01 04:00:00+00:00,2022-12-31 21:00:00+00:00,1477213.0,52.3728,4.8936,Netherlands,Europe & Central Asia,High income,97.6702396117146,1.64194723390554,21588.1381373973,5.00723455159611,1.32892378872984,525.719691119691,8.2343,14.3116836113579,6352.07696386562,3570.12031994399,,81.6146341463415,11.0296673596674,,18.6563965305589,35579242.0,4.00421149606817,59123.318556487,1046540797548.64,94.9856177734136,17700982.0,138.767501831055,69.0713610110483,33670.0,,0.0603832806382896,,20.29834376446444,Élevé,Très urbain,,Moyenne,0,Post-COVID,OUI
NLD,NL,Amsterdam,2023,co,0.30002799483371,0.2749,0.1105045295043218,0.1117,1.1439,3097,2023-01-01 00:00:00+00:00,2023-10-16 14:00:00+00:00,1477213.0,52.3728,4.8936,Netherlands,Europe & Central Asia,High income,97.6632296431228,1.75149243000648,21463.6826874359,-0.598096167209832,1.34383405465347,530.950905850906,,8.82386878760406,6189.0851863866,3418.13670132261,,81.9146341463415,11.0574428274428,,18.1639849428596,41436802.2,4.14406989203,63515.6030780019,1135475867551.0,95.3221682092129,17877117.0,137.514724731445,70.0541740903295,33670.0,,0.0538148536867588,,19.91547737286608,Élevé,Très urbain,,Moyenne,0,Post-COVID,OUI
NLD,NL,Amsterdam,2023,no2,21.169280575539567,16.7,15.680934871196976,0.2,100.3,6950,2023-01-01 00:00:00+00:00,2023-10-16 14:00:00+00:00,1477213.0,52.3728,4.8936,Netherlands,Europe & Central Asia,High income,97.6632296431228,1.75149243000648,21463.6826874359,-0.598096167209832,1.34383405465347,530.950905850906,,8.82386878760406,6189.0851863866,3418.13670132261,,81.9146341463415,11.0574428274428,,18.1639849428596,41436802.2,4.14406989203,63515.6030780019,1135475867551.0,95.3221682092129,17877117.0,137.514724731445,70.0541740903295,33670.0,,0.0538148536867588,,19.91547737286608,Élevé,Très urbain,,Moyenne,0,Post-COVID,OUI
NLD,NL,Amsterdam,2023,o3,56.53811354228267,56.8,24.287559284224844,0.0,176.0,3382,2023-01-01 00:00:00+00:00,2023-10-16 14:00:00+00:00,1477213.0,52.3728,4.8936,Netherlands,Europe & Central Asia,High income,97.6632296431228,1.75149243000648,21463.6826874359,-0.598096167209832,1.34383405465347,530.950905850906,,8.82386878760406,6189.0851863866,3418.13670132261,,81.9146341463415,11.0574428274428,,18.1639849428596,41436802.2,4.14406989203,63515.6030780019,1135475867551.0,95.3221682092129,17877117.0,137.514724731445,70.0541740903295,33670.0,,0.0538148536867588,,19.91547737286608,Élevé,Très urbain,,Moyenne,0,Post-COVID,OUI
NLD,NL,Amsterdam,2023,pm10,16.378421351504826,13.1,13.147042262668055,1.6,215.8,3522,2023-01-01 00:00:00+00:00,2023-10-16 14:00:00+00:00,1477213.0,52.3728,4.8936,Netherlands,Europe & Central Asia,High income,97.6632296431228,1.75149243000648,21463.6826874359,-0.598096167209832,1.34383405465347,530.950905850906,,8.82386878760406,6189.0851863866,3418.13670132261,,81.9146341463415,11.0574428274428,,18.1639849428596,41436802.2,4.14406989203,63515.6030780019,1135475867551.0,95.3221682092129,17877117.0,137.514724731445,70.0541740903295,33670.0,,0.0538148536867588,,19.91547737286608,Élevé,Très urbain,,Moyenne,0,Post-COVID,OUI
NLD,NL,Tilburg,2019,no2,24.12369505997154,18.85,18.570416311715924,0.43,343.22,24595,2019-01-01 00:00:00+00:00,2019-12-31 22:00:00+00:00,1944588.0,51.5572,5.0911,Netherlands,Europe & Central Asia,High income,97.6944050882075,1.7588069903961,21162.6536668763,2.30009157916757,2.03159162127433,515.143272943273,8.4034,16.5137387981023,6757.32784222013,4129.40909477343,8.6,82.1121951219512,10.9465399465399,29.2,17.1127557495056,46358457.951,4.16611755403268,53554.9007491475,928903005576.469,93.8898028856479,17344874.0,114.804168701172,70.2508053465611,33670.0,3078.0,0.0771046520926858,1.7201811248023229,18.871562739901695,Élevé,Très urbain,Fossile,Moyenne,0,Pre-COVID,OUI
NLD,NL,Tilburg,2019,o3,46.429943104514535,45.06,29.95413198509398,0.02,261.24,8085,2019-01-01 00:00:00+00:00,2019-12-31 22:00:00+00:00,1944588.0,51.5572,5.0911,Netherlands,Europe & Central Asia,High income,97.6944050882075,1.7588069903961,21162.6536668763,2.30009157916757,2.03159162127433,515.143272943273,8.4034,16.5137387981023,6757.32784222013,4129.40909477343,8.6,82.1121951219512,10.9465399465399,29.2,17.1127557495056,46358457.951,4.16611755403268,53554.9007491475,928903005576.469,93.8898028856479,17344874.0,114.804168701172,70.2508053465611,33670.0,3078.0,0.0771046520926858,1.7201811248023229,18.871562739901695,Élevé,Très urbain,Fossile,Moyenne,0,Pre-COVID,OUI
NLD,NL,Tilburg,2019,pm10,20.4042820356441,17.23,13.83496501040487,0.59,342.35,14757,2019-01-01 00:00:00+00:00,2019-12-31 22:00:00+00:00,1944588.0,51.5572,5.0911,Netherlands,Europe & Central Asia,High income,97.6944050882075,1.7588069903961,21162.6536668763,2.30009157916757,2.03159162127433,515.143272943273,8.4034,16.5137387981023,6757.32784222013,4129.40909477343,8.6,82.1121951219512,10.9465399465399,29.2,17.1127557495056,46358457.951,4.16611755403268,53554.9007491475,928903005576.469,93.8898028856479,17344874.0,114.804168701172,70.2508053465611,33670.0,3078.0,0.0771046520926858,1.7201811248023229,18.871562739901695,Élevé,Très urbain,Fossile,Moyenne,0,Pre-COVID,OUI
NLD,NL,Tilburg,2019,pm25,11.50685929232351,8.41433,10.184539448662978,0.00446,194.998,23344,2019-01-01 00:00:00+00:00,2019-12-31 22:00:00+00:00,1944588.0,51.5572,5.0911,Netherlands,Europe & Central Asia,High income,97.6944050882075,1.7588069903961,21162.6536668763,2.30009157916757,2.03159162127433,515.143272943273,8.4034,16.5137387981023,6757.32784222013,4129.40909477343,8.6,82.1121951219512,10.9465399465399,29.2,17.1127557495056,46358457.951,4.16611755403268,53554.9007491475,928903005576.469,93.8898028856479,17344874.0,114.804168701172,70.2508053465611,33670.0,3078.0,0.0771046520926858,1.7201811248023229,18.871562739901695,Élevé,Très urbain,Fossile,Moyenne,0,Pre-COVID,OUI
NLD,NL,Tilburg,2020,no2,19.12304920913884,15.18,15.110115208732497,0.8,315.04,20484,2020-01-01 00:00:00+00:00,2020-12-31 22:00:00+00:00,1944588.0,51.5572,5.0911,Netherlands,Europe & Central Asia,High income,97.6857903463505,1.73737205482673,19706.7212064638,-3.86795333823223,0.94187132064814,518.013068013068,8.306,8.19448725644478,6643.57996731932,3975.37813564997,10.7,81.3585365853659,10.974160974161,26.0,17.3794770859182,14748517.334,3.84821298204059,53467.9277413737,932560861701.17,94.2532277765935,17441500.0,136.284164428711,69.8215350848722,33670.0,3078.0,0.0743493147062656,0.7003835261918616,19.11684914074493,Élevé,Très urbain,Mixte-Fossile,Moyenne,1,COVID,OUI
NLD,NL,Tilburg,2020,o3,49.33860023724792,49.135000000000005,27.8596722954567,0.0,206.02,6744,2020-01-01 00:00:00+00:00,2020-12-31 22:00:00+00:00,1944588.0,51.5572,5.0911,Netherlands,Europe & Central Asia,High income,97.6857903463505,1.73737205482673,19706.7212064638,-3.86795333823223,0.94187132064814,518.013068013068,8.306,8.19448725644478,6643.57996731932,3975.37813564997,10.7,81.3585365853659,10.974160974161,26.0,17.3794770859182,14748517.334,3.84821298204059,53467.9277413737,932560861701.17,94.2532277765935,17441500.0,136.284164428711,69.8215350848722,33670.0,3078.0,0.0743493147062656,0.7003835261918616,19.11684914074493,Élevé,Très urbain,Mixte-Fossile,Moyenne,1,COVID,OUI
NLD,NL,Tilburg,2020,pm10,19.01454589449911,15.95,13.543957010141812,0.59,297.55,12398,2020-01-01 00:00:00+00:00,2020-12-31 22:00:00+00:00,1944588.0,51.5572,5.0911,Netherlands,Europe & Central Asia,High income,97.6857903463505,1.73737205482673,19706.7212064638,-3.86795333823223,0.94187132064814,518.013068013068,8.306,8.19448725644478,6643.57996731932,3975.37813564997,10.7,81.3585365853659,10.974160974161,26.0,17.3794770859182,14748517.334,3.84821298204059,53467.9277413737,932560861701.17,94.2532277765935,17441500.0,136.284164428711,69.8215350848722,33670.0,3078.0,0.0743493147062656,0.7003835261918616,19.11684914074493,Élevé,Très urbain,Mixte-Fossile,Moyenne,1,COVID,OUI
NLD,NL,Tilburg,2020,pm25,9.545161141999277,6.99382,8.504175129619169,0.0025,117.774,19317,2020-01-01 00:00:00+00:00,2020-12-31 22:00:00+00:00,1944588.0,51.5572,5.0911,Netherlands,Europe & Central Asia,High income,97.6857903463505,1.73737205482673,19706.7212064638,-3.86795333823223,0.94187132064814,518.013068013068,8.306,8.19448725644478,6643.57996731932,3975.37813564997,10.7,81.3585365853659,10.974160974161,26.0,17.3794770859182,14748517.334,3.84821298204059,53467.9277413737,932560861701.17,94.2532277765935,17441500.0,136.284164428711,69.8215350848722,33670.0,3078.0,0.0743493147062656,0.7003835261918616,19.11684914074493,Élevé,Très urbain,Mixte-Fossile,Moyenne,1,COVID,OUI
NLD,NL,Tilburg,2021,no2,19.7319689681924,16.07,14.273199913985318,1.48,298.11,12890,2021-01-01 00:00:00+00:00,2021-12-31 22:00:00+00:00,1944588.0,51.5572,5.0911,Netherlands,Europe & Central Asia,High income,97.6777500278997,1.65464640233302,20454.501676659,6.2768306708326,0.921884889970005,520.731927531928,7.9462,14.2129819104526,6708.8179325849,4057.79129205731,12.2,81.309756097561,11.001980991981,25.7,17.7061297739891,19349165.526,3.92649586641565,60141.9880911492,1054472123449.6,94.6294783220315,17533044.0,135.962173461914,69.4429925410801,33670.0,3041.0,0.0674690669826307,1.076741053822167,19.360776176322123,Élevé,Très urbain,Mixte-Fossile,Moyenne,0,Post-COVID,OUI
NLD,NL,Tilburg,2021,o3,40.91966579758237,41.4,22.96081764133927,0.01,150.99,4219,2021-01-01 00:00:00+00:00,2021-12-31 22:00:00+00:00,1944588.0,51.5572,5.0911,Netherlands,Europe & Central Asia,High income,97.6777500278997,1.65464640233302,20454.501676659,6.2768306708326,0.921884889970005,520.731927531928,7.9462,14.2129819104526,6708.8179325849,4057.79129205731,12.2,81.309756097561,11.001980991981,25.7,17.7061297739891,19349165.526,3.92649586641565,60141.9880911492,1054472123449.6,94.6294783220315,17533044.0,135.962173461914,69.4429925410801,33670.0,3041.0,0.0674690669826307,1.076741053822167,19.360776176322123,Élevé,Très urbain,Mixte-Fossile,Moyenne,0,Post-COVID,OUI
NLD,NL,Tilburg,2021,pm10,18.58101424148607,15.95,14.177070893255085,0.59,356.43,8075,2021-01-01 00:00:00+00:00,2021-12-31 22:00:00+00:00,1944588.0,51.5572,5.0911,Netherlands,Europe & Central Asia,High income,97.6777500278997,1.65464640233302,20454.501676659,6.2768306708326,0.921884889970005,520.731927531928,7.9462,14.2129819104526,6708.8179325849,4057.79129205731,12.2,81.309756097561,11.001980991981,25.7,17.7061297739891,19349165.526,3.92649586641565,60141.9880911492,1054472123449.6,94.6294783220315,17533044.0,135.962173461914,69.4429925410801,33670.0,3041.0,0.0674690669826307,1.076741053822167,19.360776176322123,Élevé,Très urbain,Mixte-Fossile,Moyenne,0,Post-COVID,OUI
NLD,NL,Tilburg,2021,pm25,11.15301858221964,8.9254,9.414147809008917,0.00054,280.454,12047,2021-01-01 00:00:00+00:00,2021-12-31 22:00:00+00:00,1944588.0,51.5572,5.0911,Netherlands,Europe & Central Asia,High income,97.6777500278997,1.65464640233302,20454.501676659,6.2768306708326,0.921884889970005,520.731927531928,7.9462,14.2129819104526,6708.8179325849,4057.79129205731,12.2,81.309756097561,11.001980991981,25.7,17.7061297739891,19349165.526,3.92649586641565,60141.9880911492,1054472123449.6,94.6294783220315,17533044.0,135.962173461914,69.4429925410801,33670.0,3041.0,0.0674690669826307,1.076741053822167,19.360776176322123,Élevé,Très urbain,Mixte-Fossile,Moyenne,0,Post-COVID,OUI
NLD,NL,Tilburg,2022,no2,16.063463650340434,12.24,12.318965213771296,1.11,84.65,9106,2022-01-01 00:00:00+00:00,2022-12-31 22:00:00+00:00,1944588.0,51.5572,5.0911,Netherlands,Europe & Central Asia,High income,97.6702396117146,1.64194723390554,21588.1381373973,5.00723455159611,1.32892378872984,525.719691119691,8.2343,14.3116836113579,6352.07696386562,3570.12031994399,,81.6146341463415,11.0296673596674,,18.6563965305589,35579242.0,4.00421149606817,59123.318556487,1046540797548.64,94.9856177734136,17700982.0,138.767501831055,69.0713610110483,33670.0,,0.0603832806382896,,20.29834376446444,Élevé,Très urbain,,Moyenne,0,Post-COVID,OUI
NLD,NL,Tilburg,2022,o3,50.29360312963712,49.26,29.28412072507276,0.0,199.75,7413,2022-01-01 00:00:00+00:00,2022-12-31 22:00:00+00:00,1944588.0,51.5572,5.0911,Netherlands,Europe & Central Asia,High income,97.6702396117146,1.64194723390554,21588.1381373973,5.00723455159611,1.32892378872984,525.719691119691,8.2343,14.3116836113579,6352.07696386562,3570.12031994399,,81.6146341463415,11.0296673596674,,18.6563965305589,35579242.0,4.00421149606817,59123.318556487,1046540797548.64,94.9856177734136,17700982.0,138.767501831055,69.0713610110483,33670.0,,0.0603832806382896,,20.29834376446444,Élevé,Très urbain,,Moyenne,0,Post-COVID,OUI
NLD,NL,Tilburg,2022,pm10,22.340360627916844,19.79,15.91690242850738,0.59,227.15,9428,2022-01-01 00:00:00+00:00,2022-12-31 22:00:00+00:00,1944588.0,51.5572,5.0911,Netherlands,Europe & Central Asia,High income,97.6702396117146,1.64194723390554,21588.1381373973,5.00723455159611,1.32892378872984,525.719691119691,8.2343,14.3116836113579,6352.07696386562,3570.12031994399,,81.6146341463415,11.0296673596674,,18.6563965305589,35579242.0,4.00421149606817,59123.318556487,1046540797548.64,94.9856177734136,17700982.0,138.767501831055,69.0713610110483,33670.0,,0.0603832806382896,,20.29834376446444,Élevé,Très urbain,,Moyenne,0,Post-COVID,OUI
NLD,NL,Tilburg,2022,pm25,11.574003884766984,8.9842,9.074581945230976,0.00348,138.844,17252,2022-01-01 00:00:00+00:00,2022-12-31 22:00:00+00:00,1944588.0,51.5572,5.0911,Netherlands,Europe & Central Asia,High income,97.6702396117146,1.64194723390554,21588.1381373973,5.00723455159611,1.32892378872984,525.719691119691,8.2343,14.3116836113579,6352.07696386562,3570.12031994399,,81.6146341463415,11.0296673596674,,18.6563965305589,35579242.0,4.00421149606817,59123.318556487,1046540797548.64,94.9856177734136,17700982.0,138.767501831055,69.0713610110483,33670.0,,0.0603832806382896,,20.29834376446444,Élevé,Très urbain,,Moyenne,0,Post-COVID,OUI
NLD,NL,Tilburg,2023,no2,11.251248794599809,8.42,11.6270415325202,0.24,295.39,4148,2023-01-01 00:00:00+00:00,2023-12-31 13:00:00+00:00,1944588.0,51.5572,5.0911,Netherlands,Europe & Central Asia,High income,97.6632296431228,1.75149243000648,21463.6826874359,-0.598096167209832,1.34383405465347,530.950905850906,,8.82386878760406,6189.0851863866,3418.13670132261,,81.9146341463415,11.0574428274428,,18.1639849428596,41436802.2,4.14406989203,63515.6030780019,1135475867551.0,95.3221682092129,17877117.0,137.514724731445,70.0541740903295,33670.0,,0.0538148536867588,,19.91547737286608,Élevé,Très urbain,,Moyenne,0,Post-COVID,OUI
NLD,NL,Tilburg,2023,o3,54.86268207805121,54.51,27.603553053251968,0.0,162.36,4023,2023-01-01 00:00:00+00:00,2023-12-31 13:00:00+00:00,1944588.0,51.5572,5.0911,Netherlands,Europe & Central Asia,High income,97.6632296431228,1.75149243000648,21463.6826874359,-0.598096167209832,1.34383405465347,530.950905850906,,8.82386878760406,6189.0851863866,3418.13670132261,,81.9146341463415,11.0574428274428,,18.1639849428596,41436802.2,4.14406989203,63515.6030780019,1135475867551.0,95.3221682092129,17877117.0,137.514724731445,70.0541740903295,33670.0,,0.0538148536867588,,19.91547737286608,Élevé,Très urbain,,Moyenne,0,Post-COVID,OUI
NLD,NL,Tilburg,2023,pm10,22.41995650913308,18.51,17.12234313883068,0.59,287.31,6898,2023-01-01 00:00:00+00:00,2023-12-31 13:00:00+00:00,1944588.0,51.5572,5.0911,Netherlands,Europe & Central Asia,High income,97.6632296431228,1.75149243000648,21463.6826874359,-0.598096167209832,1.34383405465347,530.950905850906,,8.82386878760406,6189.0851863866,3418.13670132261,,81.9146341463415,11.0574428274428,,18.1639849428596,41436802.2,4.14406989203,63515.6030780019,1135475867551.0,95.3221682092129,17877117.0,137.514724731445,70.0541740903295,33670.0,,0.0538148536867588,,19.91547737286608,Élevé,Très urbain,,Moyenne,0,Post-COVID,OUI
NLD,NL,Tilburg,2023,pm25,8.673345513798626,6.66062,8.060274093565052,0.0025,166.382,10617,2023-01-01 00:00:00+00:00,2023-12-31 13:00:00+00:00,1944588.0,51.5572,5.0911,Netherlands,Europe & Central Asia,High income,97.6632296431228,1.75149243000648,21463.6826874359,-0.598096167209832,1.34383405465347,530.950905850906,,8.82386878760406,6189.0851863866,3418.13670132261,,81.9146341463415,11.0574428274428,,18.1639849428596,41436802.2,4.14406989203,63515.6030780019,1135475867551.0,95.3221682092129,17877117.0,137.514724731445,70.0541740903295,33670.0,,0.0538148536867588,,19.91547737286608,Élevé,Très urbain,,Moyenne,0,Post-COVID,OUI
NPL,NP,Kathmandu,2019,o3,0.0253972763406528,0.021,0.0212398607086759,0.0,0.118,15347,2019-01-01 00:15:00+00:00,2019-12-31 23:15:00+00:00,845767.0,27.71,85.32,Nepal,South Asia,Lower middle income,69.2128409973963,21.5833727595669,863.467818301786,6.65705543110467,1.45232104803645,198.214607603767,9.4971,0.0014674710582096,231.188329835535,482.761158642892,78.2,69.299,41.5907220090687,,13.0106754142894,1659671.0,19.3380075004076,1203.14294706401,34186180699.0255,65.9873929484157,28414064.0,80.2800521850586,52.0227162612175,143350.0,,0.4009168179076909,1.852867497739394e-05,34.5940481738563,Faible,Semi-urbain,Renouvelable,Petite,0,Pre-COVID,OUI
NPL,NP,Kathmandu,2019,pm25,49.86945459290188,39.0,45.15078279606367,0.0,985.0,15328,2019-01-01 00:15:00+00:00,2019-12-31 23:15:00+00:00,845767.0,27.71,85.32,Nepal,South Asia,Lower middle income,69.2128409973963,21.5833727595669,863.467818301786,6.65705543110467,1.45232104803645,198.214607603767,9.4971,0.0014674710582096,231.188329835535,482.761158642892,78.2,69.299,41.5907220090687,,13.0106754142894,1659671.0,19.3380075004076,1203.14294706401,34186180699.0255,65.9873929484157,28414064.0,80.2800521850586,52.0227162612175,143350.0,,0.4009168179076909,1.852867497739394e-05,34.5940481738563,Faible,Semi-urbain,Renouvelable,Petite,0,Pre-COVID,OUI
NPL,NP,Kathmandu,2020,o3,0.0237580104571658,0.021,0.0175762665830016,0.0,0.174,14918,2020-01-01 00:15:00+00:00,2020-12-31 23:15:00+00:00,845767.0,27.71,85.32,Nepal,South Asia,Lower middle income,72.4985122908231,22.1800901918015,877.456548400376,-2.3696206292072,2.10403122358509,202.068880362749,9.4971,0.0009696186166774,257.262042794567,524.601266425712,73.1,69.106,41.5907220090687,,12.047319925355,1989284.0,24.3051066580478,1154.21517578318,33433659301.2466,66.1050886088505,28966574.0,85.3101577758789,53.9388467411715,143350.0,,0.4541156292117247,1.3085271480126856e-05,34.2274101171565,Faible,Semi-urbain,Renouvelable,Petite,1,COVID,OUI
NPL,NP,Kathmandu,2020,pm25,41.227948129136834,27.0,44.01668934893228,0.0,985.0,14806,2020-01-01 00:15:00+00:00,2020-12-31 23:15:00+00:00,845767.0,27.71,85.32,Nepal,South Asia,Lower middle income,72.4985122908231,22.1800901918015,877.456548400376,-2.3696206292072,2.10403122358509,202.068880362749,9.4971,0.0009696186166774,257.262042794567,524.601266425712,73.1,69.106,41.5907220090687,,12.047319925355,1989284.0,24.3051066580478,1154.21517578318,33433659301.2466,66.1050886088505,28966574.0,85.3101577758789,53.9388467411715,143350.0,,0.4541156292117247,1.3085271480126856e-05,34.2274101171565,Faible,Semi-urbain,Renouvelable,Petite,1,COVID,OUI
NPL,NP,Kathmandu,2021,o3,0.0258983322928743,0.021,0.0206557545088225,0.0,0.112,11213,2021-01-01 00:15:00+00:00,2021-12-27 02:15:00+00:00,845767.0,27.71,85.32,Nepal,South Asia,Lower middle income,75.8233419830013,22.0214522788058,931.021374461158,4.838149614115,1.79922776495663,205.61569584932,9.4971,0.000413607693103,306.293365125237,524.354689003349,73.7,68.385,41.5907220090687,,11.7920425516798,2550505.0,17.5059456105884,1252.75076731986,36924841394.2605,66.144235274522,29475010.0,83.9220209713597,51.537232774772,143350.0,,0.4182288080463239,5.53691690900937e-06,33.8134948304856,Faible,Semi-urbain,Renouvelable,Petite,0,Post-COVID,OUI
NPL,NP,Kathmandu,2021,pm25,57.4714676929909,38.0,63.27140249635765,0.0,985.0,13511,2021-01-01 00:15:00+00:00,2021-12-31 23:15:00+00:00,845767.0,27.71,85.32,Nepal,South Asia,Lower middle income,75.8233419830013,22.0214522788058,931.021374461158,4.838149614115,1.79922776495663,205.61569584932,9.4971,0.000413607693103,306.293365125237,524.354689003349,73.7,68.385,41.5907220090687,,11.7920425516798,2550505.0,17.5059456105884,1252.75076731986,36924841394.2605,66.144235274522,29475010.0,83.9220209713597,51.537232774772,143350.0,,0.4182288080463239,5.53691690900937e-06,33.8134948304856,Faible,Semi-urbain,Renouvelable,Petite,0,Post-COVID,OUI
NPL,NP,Kathmandu,2022,o3,0.018619676064787,0.013,0.01744094605848,0.0,0.096,1667,2022-01-02 00:15:00+00:00,2022-12-27 22:15:00+00:00,845767.0,27.71,85.32,Nepal,South Asia,Lower middle income,79.1866571655946,20.9143699815129,986.573277366515,5.6313145568451,1.04653985385722,207.292891524241,9.4971,,321.045264151601,519.950604103483,,70.087,41.5907220090687,30.0,12.1812284731342,4438086.0,15.3212982882799,1385.91066274851,41182939600.6209,66.2992968721053,29715436.0,84.1026475876285,52.4250544391455,143350.0,,0.3748984113173309,,33.095598454647096,Faible,Semi-urbain,,Petite,0,Post-COVID,OUI
NPL,NP,Kathmandu,2022,pm25,41.88346849656893,35.0,44.46769879961241,0.0,985.0,8015,2022-01-01 00:15:00+00:00,2022-12-31 22:15:00+00:00,845767.0,27.71,85.32,Nepal,South Asia,Lower middle income,79.1866571655946,20.9143699815129,986.573277366515,5.6313145568451,1.04653985385722,207.292891524241,9.4971,,321.045264151601,519.950604103483,,70.087,41.5907220090687,30.0,12.1812284731342,4438086.0,15.3212982882799,1385.91066274851,41182939600.6209,66.2992968721053,29715436.0,84.1026475876285,52.4250544391455,143350.0,,0.3748984113173309,,33.095598454647096,Faible,Semi-urbain,,Petite,0,Post-COVID,OUI
NPL,NP,Kathmandu,2023,o3,0.0185087602572632,0.016,0.0107183729675032,0.002,0.072,4509,2023-09-07 02:15:00+00:00,2023-12-31 22:15:00+00:00,845767.0,27.71,85.32,Nepal,South Asia,Lower middle income,82.5877911140468,21.2987131119409,994.348298321726,1.98254843628392,0.297251429494459,207.147638646669,,,,,,70.354,41.5907220090687,,11.9717042539851,4289298.0,,1382.33055769304,41047772331.0994,66.5432933453944,29694614.0,89.8898815141438,55.3711684726242,143350.0,,,,33.270417365926,Faible,Semi-urbain,,Petite,0,Post-COVID,OUI
NPL,NP,Kathmandu,2023,pm25,36.38681974499176,24.0,34.8612431145514,0.0,685.0,15066,2023-01-01 00:15:00+00:00,2023-12-31 21:00:00+00:00,845767.0,27.71,85.32,Nepal,South Asia,Lower middle income,82.5877911140468,21.2987131119409,994.348298321726,1.98254843628392,0.297251429494459,207.147638646669,,,,,,70.354,41.5907220090687,,11.9717042539851,4289298.0,,1382.33055769304,41047772331.0994,66.5432933453944,29694614.0,89.8898815141438,55.3711684726242,143350.0,,,,33.270417365926,Faible,Semi-urbain,,Petite,0,Post-COVID,OUI
PAK,PK,Karachi,2019,pm25,44.46044117647059,32.9,35.46232376810259,5.1,937.0,4760,2019-05-22 21:00:00+00:00,2019-12-31 22:00:00+00:00,20249000.0,24.86,67.01,Pakistan,"Middle East, North Africa, Afghanistan & Pakistan",Lower middle income,66.0398368746477,20.6778713222887,1375.94665963526,2.49763692943365,2.67028884110817,299.399256693649,177.11,19.3433277974774,481.176635278184,431.515757251107,45.9,66.729,4.88693441261934,,19.5638945814483,7420378.249,17.3047862710774,1390.41690981745,320909472770.669,37.1091631735769,230800899.0,38.7511552822907,53.6204826290348,770880.0,7791.0,0.3101268600420565,0.4124376929099659,40.241765903737,Faible,Rural,Mixte-Renouvelable,Mégapole,0,Pre-COVID,OUI
PAK,PK,Karachi,2020,pm25,51.33915458609944,32.0,46.10841933876423,0.0,365.0,7381,2020-01-01 00:00:00+00:00,2020-12-31 22:00:00+00:00,20249000.0,24.86,67.01,Pakistan,"Middle East, North Africa, Afghanistan & Pakistan",Lower middle income,67.9433820948755,21.8541325548966,1313.08295168206,-1.27408744338709,2.87283470582816,304.848674242424,189.59,19.4783432555114,517.659983683696,454.250317980901,42.7,65.701,4.83330738895807,,18.5894635445816,3711456.87,14.3395506031082,1278.39735206896,300425609817.981,37.5080192948099,235001746.0,,53.680280706041,770880.0,,0.3550502252066696,0.4457286786158215,40.4435960994782,Faible,Rural,Mixte-Renouvelable,Mégapole,1,COVID,OUI
PAK,PK,Karachi,2021,pm25,51.16045323970636,31.0,52.628470472547285,0.0,696.0,6266,2021-01-01 00:00:00+00:00,2021-11-11 15:00:00+00:00,20249000.0,24.86,67.01,Pakistan,"Middle East, North Africa, Afghanistan & Pakistan",Lower middle income,69.8533376726557,22.6625080760743,1408.55849041998,6.51388575852702,3.0143416884213,310.65509677252,184.16,16.2150658780083,570.098770866866,465.029491365502,41.6,65.773,4.7796803652968,,18.8964082009484,4930661.98,14.8355396989328,1455.31922370186,348516647445.148,37.9333395514173,239477801.0,40.2578898404389,52.0255067386808,770880.0,,0.3193183773152634,0.3806353492490211,41.5589162770227,Faible,Rural,Mixte-Renouvelable,Mégapole,0,Post-COVID,OUI
PAK,PK,Karachi,2022,pm25,41.05373616236162,29.0,43.701843107556726,3.0,985.0,4336,2022-01-18 19:00:00+00:00,2022-12-31 07:00:00+00:00,20249000.0,24.86,67.01,Pakistan,"Middle East, North Africa, Afghanistan & Pakistan",Lower middle income,71.7686736729802,22.3268646996031,1483.94590003399,4.7781068690358,2.90308730661146,316.133077781237,179.3,15.9069207576433,605.788247596384,470.723496524025,,67.417,4.72605334163553,,20.4125955543613,6925477.0,14.8328404678268,1538.3228133171,374890295666.694,38.3740439760816,243700667.0,40.4177656413012,52.2312939861803,770880.0,,0.305799077653932,,42.7394602539644,Faible,Rural,,Mégapole,0,Post-COVID,OUI
PAK,PK,Karachi,2023,pm10,74.84119807121661,70.055,46.220258327521215,4.23,245.53,2696,2023-11-28 16:53:32+00:00,2023-12-31 23:49:21+00:00,20249000.0,24.86,67.01,Pakistan,"Middle East, North Africa, Afghanistan & Pakistan",Lower middle income,71.8243245387853,23.426703596366,1488.72539482437,-0.414935997088406,2.70213707923703,321.067474833956,,,,,,67.649,4.67242631797426,,20.718694602313,7153419.0,,1360.32417758419,336686348609.266,38.8191861872791,247504495.0,42.2911451386891,50.9693352713894,770880.0,,,,44.14539819867901,Faible,Rural,,Mégapole,0,Post-COVID,OUI
PAK,PK,Karachi,2023,pm25,44.10635143979058,30.0,39.96426333832979,0.0,517.0,9168,2023-01-01 00:00:00+00:00,2023-12-31 23:49:21+00:00,20249000.0,24.86,67.01,Pakistan,"Middle East, North Africa, Afghanistan & Pakistan",Lower middle income,71.8243245387853,23.426703596366,1488.72539482437,-0.414935997088406,2.70213707923703,321.067474833956,,,,,,67.649,4.67242631797426,,20.718694602313,7153419.0,,1360.32417758419,336686348609.266,38.8191861872791,247504495.0,42.2911451386891,50.9693352713894,770880.0,,,,44.14539819867901,Faible,Rural,,Mégapole,0,Post-COVID,OUI
PAK,PK,Lahore,2019,pm25,125.12942734868555,78.6,112.42082654141518,9.0,924.8,4907,2019-05-22 21:00:00+00:00,2019-12-31 22:00:00+00:00,12306000.0,31.5497,74.3436,Pakistan,"Middle East, North Africa, Afghanistan & Pakistan",Lower middle income,66.0398368746477,20.6778713222887,1375.94665963526,2.49763692943365,2.67028884110817,299.399256693649,177.11,19.3433277974774,481.176635278184,431.515757251107,45.9,66.729,4.88693441261934,,19.5638945814483,7420378.249,17.3047862710774,1390.41690981745,320909472770.669,37.1091631735769,230800899.0,38.7511552822907,53.6204826290348,770880.0,7791.0,0.3101268600420565,0.4124376929099659,40.241765903737,Faible,Rural,Mixte-Renouvelable,Mégapole,0,Pre-COVID,OUI
PAK,PK,Lahore,2020,pm25,107.99211228248444,65.0,115.38698722849232,0.0,931.6,7873,2020-01-01 00:00:00+00:00,2020-12-31 22:00:00+00:00,12306000.0,31.5497,74.3436,Pakistan,"Middle East, North Africa, Afghanistan & Pakistan",Lower middle income,67.9433820948755,21.8541325548966,1313.08295168206,-1.27408744338709,2.87283470582816,304.848674242424,189.59,19.4783432555114,517.659983683696,454.250317980901,42.7,65.701,4.83330738895807,,18.5894635445816,3711456.87,14.3395506031082,1278.39735206896,300425609817.981,37.5080192948099,235001746.0,,53.680280706041,770880.0,,0.3550502252066696,0.4457286786158215,40.4435960994782,Faible,Rural,Mixte-Renouvelable,Mégapole,1,COVID,OUI
PAK,PK,Lahore,2021,pm25,125.41563494870888,76.0,126.2651313268,0.0,943.0,5654,2021-01-01 00:00:00+00:00,2021-12-31 22:00:00+00:00,12306000.0,31.5497,74.3436,Pakistan,"Middle East, North Africa, Afghanistan & Pakistan",Lower middle income,69.8533376726557,22.6625080760743,1408.55849041998,6.51388575852702,3.0143416884213,310.65509677252,184.16,16.2150658780083,570.098770866866,465.029491365502,41.6,65.773,4.7796803652968,,18.8964082009484,4930661.98,14.8355396989328,1455.31922370186,348516647445.148,37.9333395514173,239477801.0,40.2578898404389,52.0255067386808,770880.0,,0.3193183773152634,0.3806353492490211,41.5589162770227,Faible,Rural,Mixte-Renouvelable,Mégapole,0,Post-COVID,OUI
PAK,PK,Lahore,2022,pm25,121.19995187680462,88.0,98.7446558623276,1.0,802.0,4156,2022-01-01 00:00:00+00:00,2022-12-31 07:00:00+00:00,12306000.0,31.5497,74.3436,Pakistan,"Middle East, North Africa, Afghanistan & Pakistan",Lower middle income,71.7686736729802,22.3268646996031,1483.94590003399,4.7781068690358,2.90308730661146,316.133077781237,179.3,15.9069207576433,605.788247596384,470.723496524025,,67.417,4.72605334163553,,20.4125955543613,6925477.0,14.8328404678268,1538.3228133171,374890295666.694,38.3740439760816,243700667.0,40.4177656413012,52.2312939861803,770880.0,,0.305799077653932,,42.7394602539644,Faible,Rural,,Mégapole,0,Post-COVID,OUI
PAK,PK,Lahore,2023,pm10,477.9240926064227,460.845,238.94871259823,60.81,1765.78,2678,2023-11-28 16:53:05+00:00,2023-12-31 23:52:41+00:00,12306000.0,31.5497,74.3436,Pakistan,"Middle East, North Africa, Afghanistan & Pakistan",Lower middle income,71.8243245387853,23.426703596366,1488.72539482437,-0.414935997088406,2.70213707923703,321.067474833956,,,,,,67.649,4.67242631797426,,20.718694602313,7153419.0,,1360.32417758419,336686348609.266,38.8191861872791,247504495.0,42.2911451386891,50.9693352713894,770880.0,,,,44.14539819867901,Faible,Rural,,Mégapole,0,Post-COVID,OUI
PAK,PK,Lahore,2023,pm25,120.15414285714286,64.0,122.90209785813552,0.0,884.0,7000,2023-01-01 00:00:00+00:00,2023-12-31 22:00:00+00:00,12306000.0,31.5497,74.3436,Pakistan,"Middle East, North Africa, Afghanistan & Pakistan",Lower middle income,71.8243245387853,23.426703596366,1488.72539482437,-0.414935997088406,2.70213707923703,321.067474833956,,,,,,67.649,4.67242631797426,,20.718694602313,7153419.0,,1360.32417758419,336686348609.266,38.8191861872791,247504495.0,42.2911451386891,50.9693352713894,770880.0,,,,44.14539819867901,Faible,Rural,,Mégapole,0,Post-COVID,OUI
PER,PE,Lima,2020,co,1255.5705387563885,1365.05,533.3115335966462,11.5,2692.15,4696,2020-02-14 18:00:00+00:00,2020-12-31 22:00:00+00:00,10320000.0,-12.06,-77.0375,Peru,Latin America & Caribbean ,Upper middle income,76.6882865431078,7.7158463734968,3884.63574916962,-10.9333065010382,1.70074979308796,25.65513984375,38.55,0.267161831858575,1413.12448385784,666.666363333809,31.6,73.832,56.5081015625,43.7,30.3192857092121,5705074.0,12.1454421433579,6133.32552410183,201409694755.934,83.5267437189637,32838579.0,100.138702392578,54.1910600001421,1280000.0,,0.1086780218484444,0.0081951482165207,38.0351320827089,Moyen-Faible,Urbain,Mixte-Renouvelable,Mégapole,1,COVID,OUI
PER,PE,Lima,2020,pm25,18.49195971054176,17.21,10.718818156352674,0.0,153.1,5113,2020-02-17 19:00:00+00:00,2020-12-31 22:00:00+00:00,10320000.0,-12.06,-77.0375,Peru,Latin America & Caribbean ,Upper middle income,76.6882865431078,7.7158463734968,3884.63574916962,-10.9333065010382,1.70074979308796,25.65513984375,38.55,0.267161831858575,1413.12448385784,666.666363333809,31.6,73.832,56.5081015625,43.7,30.3192857092121,5705074.0,12.1454421433579,6133.32552410183,201409694755.934,83.5267437189637,32838579.0,100.138702392578,54.1910600001421,1280000.0,,0.1086780218484444,0.0081951482165207,38.0351320827089,Moyen-Faible,Urbain,Mixte-Renouvelable,Mégapole,1,COVID,OUI
PER,PE,Lima,2021,co,719.9636781609196,755.55,1280.106867567046,34.5,24644.5,957,2021-01-01 00:00:00+00:00,2021-12-31 22:00:00+00:00,10320000.0,-12.06,-77.0375,Peru,Latin America & Caribbean ,Upper middle income,77.2143581209312,7.12266347558469,4330.01716008562,13.3626240903125,1.46469584459603,25.9030328125,24.567,0.236706988077626,1531.64376685862,775.134628731113,30.6,71.596,56.373072890625,40.1,35.7383343144165,9053965.0,11.6874075363328,6826.20255614477,226328766459.634,83.9480118272361,33155882.0,101.589141845703,48.7058242179895,1280000.0,,0.1135361991030219,0.0074907274708109,42.86099779000119,Moyen-Faible,Urbain,Mixte-Renouvelable,Mégapole,0,Post-COVID,OUI
PER,PE,Lima,2021,pm10,87.24770833333334,75.245,39.99784743716396,39.89,264.49,144,2021-12-16 16:00:00+00:00,2021-12-24 13:00:00+00:00,10320000.0,-12.06,-77.0375,Peru,Latin America & Caribbean ,Upper middle income,77.2143581209312,7.12266347558469,4330.01716008562,13.3626240903125,1.46469584459603,25.9030328125,24.567,0.236706988077626,1531.64376685862,775.134628731113,30.6,71.596,56.373072890625,40.1,35.7383343144165,9053965.0,11.6874075363328,6826.20255614477,226328766459.634,83.9480118272361,33155882.0,101.589141845703,48.7058242179895,1280000.0,,0.1135361991030219,0.0074907274708109,42.86099779000119,Moyen-Faible,Urbain,Mixte-Renouvelable,Mégapole,0,Post-COVID,OUI
PER,PE,Lima,2021,pm25,26.1979279811098,22.975,15.680638017626036,0.0,145.4,1694,2021-01-01 02:00:00+00:00,2021-12-31 22:00:00+00:00,10320000.0,-12.06,-77.0375,Peru,Latin America & Caribbean ,Upper middle income,77.2143581209312,7.12266347558469,4330.01716008562,13.3626240903125,1.46469584459603,25.9030328125,24.567,0.236706988077626,1531.64376685862,775.134628731113,30.6,71.596,56.373072890625,40.1,35.7383343144165,9053965.0,11.6874075363328,6826.20255614477,226328766459.634,83.9480118272361,33155882.0,101.589141845703,48.7058242179895,1280000.0,,0.1135361991030219,0.0074907274708109,42.86099779000119,Moyen-Faible,Urbain,Mixte-Renouvelable,Mégapole,0,Post-COVID,OUI
PER,PE,Lima,2022,co,1802.2057239786343,1888.3,541.158352778208,416.3,4105.5,6927,2022-01-01 02:00:00+00:00,2022-12-31 22:00:00+00:00,10320000.0,-12.06,-77.0375,Peru,Latin America & Caribbean ,Upper middle income,77.7372734420618,7.17416229206978,4440.87678689476,2.8090335533015,1.45628190395357,26.1526859375,25.919,0.282717433126453,1588.44822284327,826.705646687846,,76.834,56.238047734375,40.3,34.9314299156729,14774576.0,11.0995867975977,7350.63034300417,246065570308.155,84.3663554951194,33475438.0,103.591468811035,49.6995886430732,1280000.0,,0.1124520151471627,,42.10559220774268,Moyen-Faible,Urbain,,Mégapole,0,Post-COVID,OUI
PER,PE,Lima,2022,pm25,37.81357104913678,35.065,19.194357000588067,5.19,161.3,7530,2022-01-01 00:00:00+00:00,2022-12-31 22:00:00+00:00,10320000.0,-12.06,-77.0375,Peru,Latin America & Caribbean ,Upper middle income,77.7372734420618,7.17416229206978,4440.87678689476,2.8090335533015,1.45628190395357,26.1526859375,25.919,0.282717433126453,1588.44822284327,826.705646687846,,76.834,56.238047734375,40.3,34.9314299156729,14774576.0,11.0995867975977,7350.63034300417,246065570308.155,84.3663554951194,33475438.0,103.591468811035,49.6995886430732,1280000.0,,0.1124520151471627,,42.10559220774268,Moyen-Faible,Urbain,,Mégapole,0,Post-COVID,OUI
PER,PE,Lima,2023,co,1859.3014728884252,2161.425,1153.250347710858,19.55,4869.1,3836,2023-01-01 00:00:00+00:00,2023-12-31 12:00:00+00:00,10320000.0,-12.06,-77.0375,Peru,Latin America & Caribbean ,Upper middle income,78.2571577701354,7.24050399871129,4394.81508367879,-0.403242151494268,1.59005980808498,26.44188828125,,,,,,77.74,56.103020234375,40.7,33.9694851252743,17717402.523,,7887.54185920108,266958720837.988,84.7810255849745,33845617.0,111.395393371582,51.2061169826914,1280000.0,,,,41.20998912398559,Moyen-Faible,Urbain,,Mégapole,0,Post-COVID,OUI
PER,PE,Lima,2023,pm25,27.6802880838062,25.0,11.63110838096579,8.77,136.6,4582,2023-01-01 00:00:00+00:00,2023-12-31 12:00:00+00:00,10320000.0,-12.06,-77.0375,Peru,Latin America & Caribbean ,Upper middle income,78.2571577701354,7.24050399871129,4394.81508367879,-0.403242151494268,1.59005980808498,26.44188828125,,,,,,77.74,56.103020234375,40.7,33.9694851252743,17717402.523,,7887.54185920108,266958720837.988,84.7810255849745,33845617.0,111.395393371582,51.2061169826914,1280000.0,,,,41.20998912398559,Moyen-Faible,Urbain,,Mégapole,0,Post-COVID,OUI
POL,PL,Krakow,2019,pm10,35.36675452490374,26.9005,27.887772120419548,3.0,237.111,8051,2019-01-01 00:00:00+00:00,2019-12-31 22:00:00+00:00,804237.0,50.0614,19.9372,Poland,Europe & Central Asia,High income,98.9575340330854,2.37029744646443,8923.43262932892,4.58045817256199,-0.175592886007763,124.025595374212,8.983979,73.4511061785009,4363.43809737663,2761.07246212926,15.6,77.9048780487805,30.939858220901,28.8,28.8315242170352,10225516.0,5.45832621899163,15874.5220531254,602683770144.88,59.9626184068963,37965475.0,109.753303527832,56.8247340346225,306110.0,18538.0,0.1739201049823549,4.424765432439813,31.20182166349963,Moyen-Élevé,Semi-urbain,Mixte-Fossile,Petite,0,Pre-COVID,OUI
POL,PL,Krakow,2019,pm25,22.60475559189651,15.56245,21.070883879797808,3.0,337.701,8194,2019-01-01 00:00:00+00:00,2019-12-31 20:00:00+00:00,804237.0,50.0614,19.9372,Poland,Europe & Central Asia,High income,98.9575340330854,2.37029744646443,8923.43262932892,4.58045817256199,-0.175592886007763,124.025595374212,8.983979,73.4511061785009,4363.43809737663,2761.07246212926,15.6,77.9048780487805,30.939858220901,28.8,28.8315242170352,10225516.0,5.45832621899163,15874.5220531254,602683770144.88,59.9626184068963,37965475.0,109.753303527832,56.8247340346225,306110.0,18538.0,0.1739201049823549,4.424765432439813,31.20182166349963,Moyen-Élevé,Semi-urbain,Mixte-Fossile,Petite,0,Pre-COVID,OUI
POL,PL,Krakow,2019,so2,6.38572184630615,5.52382,3.7473539590516434,0.1309,44.7591,8081,2019-01-01 00:00:00+00:00,2019-12-31 22:00:00+00:00,804237.0,50.0614,19.9372,Poland,Europe & Central Asia,High income,98.9575340330854,2.37029744646443,8923.43262932892,4.58045817256199,-0.175592886007763,124.025595374212,8.983979,73.4511061785009,4363.43809737663,2761.07246212926,15.6,77.9048780487805,30.939858220901,28.8,28.8315242170352,10225516.0,5.45832621899163,15874.5220531254,602683770144.88,59.9626184068963,37965475.0,109.753303527832,56.8247340346225,306110.0,18538.0,0.1739201049823549,4.424765432439813,31.20182166349963,Moyen-Élevé,Semi-urbain,Mixte-Fossile,Petite,0,Pre-COVID,OUI
POL,PL,Krakow,2020,pm10,30.22626909104704,23.6286,22.53188196149899,3.0,255.516,6590,2020-01-01 00:00:00+00:00,2020-12-31 22:00:00+00:00,804237.0,50.0614,19.9372,Poland,Europe & Central Asia,High income,98.9575085375078,2.56844423547416,8738.29686674556,-2.03556882399977,-1.33985088278536,122.548420605625,8.667,69.2031232204098,4299.90093760092,2710.95606232103,16.1,76.4,30.9770358997811,28.5,28.5669486213815,2686258.0,6.32426823249516,16150.9304813473,605914237903.742,59.8738141138092,37515748.0,112.576263427734,57.0960625229325,306130.0,18611.0,0.1678409937098056,4.046966270199403,31.13539285685566,Moyen-Élevé,Semi-urbain,Mixte-Fossile,Petite,1,COVID,OUI
POL,PL,Krakow,2020,so2,4.285530386231197,3.54723,3.0830483438197933,0.10132,46.5177,7379,2020-01-01 00:00:00+00:00,2020-12-31 22:00:00+00:00,804237.0,50.0614,19.9372,Poland,Europe & Central Asia,High income,98.9575085375078,2.56844423547416,8738.29686674556,-2.03556882399977,-1.33985088278536,122.548420605625,8.667,69.2031232204098,4299.90093760092,2710.95606232103,16.1,76.4,30.9770358997811,28.5,28.5669486213815,2686258.0,6.32426823249516,16150.9304813473,605914237903.742,59.8738141138092,37515748.0,112.576263427734,57.0960625229325,306130.0,18611.0,0.1678409937098056,4.046966270199403,31.13539285685566,Moyen-Élevé,Semi-urbain,Mixte-Fossile,Petite,1,COVID,OUI
POL,PL,Krakow,2021,pm10,33.95552829454332,25.0127,27.13038917559408,0.26324,387.393,5113,2021-01-01 00:00:00+00:00,2021-12-31 22:00:00+00:00,804237.0,50.0614,19.9372,Poland,Europe & Central Asia,High income,98.9573598717452,2.24552304361646,9414.07100094074,6.92718266052501,-1.5413629098982,120.815285854296,9.267,72.2648095261954,4631.20010705876,2920.11352538648,15.2,75.3512195121951,31.0192747468148,28.5,28.4859993432319,3676185.0,5.14888855487082,18635.5104895754,689170230665.35,59.8096513205543,36981559.0,110.52970123291,56.4521825514612,306100.0,18620.0,0.1566877837468493,4.460790711493544,30.73152238684836,Moyen-Élevé,Semi-urbain,Mixte-Fossile,Petite,0,Post-COVID,OUI
POL,PL,Krakow,2021,so2,7.2377690262172285,6.74495,5.681316316032929,0.0,319.353,6675,2021-01-01 00:00:00+00:00,2021-12-31 22:00:00+00:00,804237.0,50.0614,19.9372,Poland,Europe & Central Asia,High income,98.9573598717452,2.24552304361646,9414.07100094074,6.92718266052501,-1.5413629098982,120.815285854296,9.267,72.2648095261954,4631.20010705876,2920.11352538648,15.2,75.3512195121951,31.0192747468148,28.5,28.4859993432319,3676185.0,5.14888855487082,18635.5104895754,689170230665.35,59.8096513205543,36981559.0,110.52970123291,56.4521825514612,306100.0,18620.0,0.1566877837468493,4.460790711493544,30.73152238684836,Moyen-Élevé,Semi-urbain,Mixte-Fossile,Petite,0,Post-COVID,OUI
POL,PL,Krakow,2022,pm10,27.24475885270071,21.9653,18.73837092233616,1.0,304.372,7461,2022-01-01 00:00:00+00:00,2022-12-31 22:00:00+00:00,804237.0,50.0614,19.9372,Poland,Europe & Central Asia,High income,98.9570843478037,2.80606930357805,9942.08535508807,5.25545697386036,-0.396461965674168,120.297131562612,9.385,70.461980105481,4552.82555969843,2798.00774623397,,77.1560975609756,31.0594923061845,28.9,29.1814824967348,7057609.0,5.80089903642878,18891.2121169279,695607470875.276,59.8315488048321,36821749.0,108.48217010498,57.2217295257752,306090.0,,0.1481037651343584,,31.98755180031285,Moyen-Élevé,Semi-urbain,,Petite,0,Post-COVID,OUI
POL,PL,Krakow,2022,so2,6.877041622660221,6.06499,4.712159620654648,0.0,66.278,8067,2022-01-01 00:00:00+00:00,2022-12-31 22:00:00+00:00,804237.0,50.0614,19.9372,Poland,Europe & Central Asia,High income,98.9570843478037,2.80606930357805,9942.08535508807,5.25545697386036,-0.396461965674168,120.297131562612,9.385,70.461980105481,4552.82555969843,2798.00774623397,,77.1560975609756,31.0594923061845,28.9,29.1814824967348,7057609.0,5.80089903642878,18891.2121169279,695607470875.276,59.8315488048321,36821749.0,108.48217010498,57.2217295257752,306090.0,,0.1481037651343584,,31.98755180031285,Moyen-Élevé,Semi-urbain,,Petite,0,Post-COVID,OUI
POL,PL,Krakow,2023,pm10,20.83617920552677,18.12085,13.34622605453048,1.0,235.758,3474,2023-01-01 00:00:00+00:00,2023-12-31 12:00:00+00:00,804237.0,50.0614,19.9372,Poland,Europe & Central Asia,High income,98.9566925447355,2.76537109467644,9953.38829585846,0.249610834017872,-0.274767485280137,119.787615502661,,60.1134068665527,4381.86423534017,2639.20385996686,,78.5073170731707,31.0804192379273,28.5,29.3903798055442,8782362.0,6.17822444760459,22145.2660647429,812451193396.143,59.8859561370214,36687353.0,108.386131286621,58.2011282257295,306270.0,,0.1191715051309936,,32.15575090022064,Moyen-Élevé,Semi-urbain,,Petite,0,Post-COVID,OUI
POL,PL,Krakow,2023,so2,5.646201857302118,5.08091,2.626725599698168,0.53918,43.8295,4485,2023-01-01 00:00:00+00:00,2023-12-31 13:00:00+00:00,804237.0,50.0614,19.9372,Poland,Europe & Central Asia,High income,98.9566925447355,2.76537109467644,9953.38829585846,0.249610834017872,-0.274767485280137,119.787615502661,,60.1134068665527,4381.86423534017,2639.20385996686,,78.5073170731707,31.0804192379273,28.5,29.3903798055442,8782362.0,6.17822444760459,22145.2660647429,812451193396.143,59.8859561370214,36687353.0,108.386131286621,58.2011282257295,306270.0,,0.1191715051309936,,32.15575090022064,Moyen-Élevé,Semi-urbain,,Petite,0,Post-COVID,OUI
PRI,PR,San Juan,2019,o3,0.0093036844064011,0.005,0.0105545809261816,0.0,0.063,2687,2019-01-01 00:00:00+00:00,2019-08-30 14:00:00+00:00,1809800.0,18.3985,-66.061,Puerto Rico (US),Latin America & Caribbean ,High income,100.0,0.682321472056496,20126.1316741505,1.67546379498209,0.420775581146763,372.34396843292,0.875,18.3898931074077,,,2.4,81.438,55.9007891770011,,50.8444120601485,,,31830.5284993358,105126400000.0,93.9519912222253,3302691.0,,47.7835253561427,8870.0,,,5.40879209041403,51.52673353220499,Moyen-Élevé,Très urbain,Fossile,Moyenne,0,Pre-COVID,OUI
PRI,PR,San Juan,2019,pm10,23.559866962305986,20.0,17.375079826064557,0.0,144.0,4510,2019-01-01 03:00:00+00:00,2019-12-31 22:00:00+00:00,1809800.0,18.3985,-66.061,Puerto Rico (US),Latin America & Caribbean ,High income,100.0,0.682321472056496,20126.1316741505,1.67546379498209,0.420775581146763,372.34396843292,0.875,18.3898931074077,,,2.4,81.438,55.9007891770011,,50.8444120601485,,,31830.5284993358,105126400000.0,93.9519912222253,3302691.0,,47.7835253561427,8870.0,,,5.40879209041403,51.52673353220499,Moyen-Élevé,Très urbain,Fossile,Moyenne,0,Pre-COVID,OUI
PRI,PR,San Juan,2019,pm25,12.158902045209905,8.4,14.500456231502252,0.0,351.3,4645,2019-01-01 03:00:00+00:00,2019-12-31 22:00:00+00:00,1809800.0,18.3985,-66.061,Puerto Rico (US),Latin America & Caribbean ,High income,100.0,0.682321472056496,20126.1316741505,1.67546379498209,0.420775581146763,372.34396843292,0.875,18.3898931074077,,,2.4,81.438,55.9007891770011,,50.8444120601485,,,31830.5284993358,105126400000.0,93.9519912222253,3302691.0,,47.7835253561427,8870.0,,,5.40879209041403,51.52673353220499,Moyen-Élevé,Très urbain,Fossile,Moyenne,0,Pre-COVID,OUI
PRI,PR,San Juan,2020,pm10,21.211748633879782,19.5,12.84444335040925,0.0,150.0,732,2020-01-01 00:00:00+00:00,2020-03-09 12:00:00+00:00,1809800.0,18.3985,-66.061,Puerto Rico (US),Latin America & Caribbean ,High income,100.0,0.66100460676674,19243.0083053046,-4.1808743093346,-0.577504586599323,369.965050732807,0.875,16.064602261142,,,2.5,80.009,55.95603156708,,50.3169273224611,,,31427.1130762831,103130900000.0,94.0116144995587,3281590.0,,49.5799028225294,8870.0,,,4.589886360326285,50.97793192922784,Moyen-Élevé,Très urbain,Fossile,Moyenne,1,COVID,OUI
PRI,PR,San Juan,2020,pm25,14.238403041825094,5.5,28.230132656549856,0.0,232.5,263,2020-01-01 00:00:00+00:00,2020-03-09 10:00:00+00:00,1809800.0,18.3985,-66.061,Puerto Rico (US),Latin America & Caribbean ,High income,100.0,0.66100460676674,19243.0083053046,-4.1808743093346,-0.577504586599323,369.965050732807,0.875,16.064602261142,,,2.5,80.009,55.95603156708,,50.3169273224611,,,31427.1130762831,103130900000.0,94.0116144995587,3281590.0,,49.5799028225294,8870.0,,,4.589886360326285,50.97793192922784,Moyen-Élevé,Très urbain,Fossile,Moyenne,1,COVID,OUI
PRI,PR,San Juan,2021,pm10,20.80363457760314,19.0,11.493127806796297,0.0,99.3,2036,2021-03-12 04:00:00+00:00,2021-12-31 22:00:00+00:00,1809800.0,18.3985,-66.061,Puerto Rico (US),Latin America & Caribbean ,High income,100.0,0.673046024208234,23651.0677326077,0.385222719529239,-0.530760915469508,367.836640360767,0.875,16.6346398049013,,,2.6,79.77,56.011273957159,,50.4804250065303,,,32619.0704601174,106426600000.0,94.0550712597302,3262711.0,,49.1100908983281,8870.0,,,4.62073327913925,51.15347103073853,Moyen-Élevé,Très urbain,Fossile,Moyenne,0,Post-COVID,OUI
PRI,PR,San Juan,2021,pm25,19.03434423001181,16.0,15.685964991293778,0.0,152.2,2539,2021-03-12 06:00:00+00:00,2021-11-05 17:00:00+00:00,1809800.0,18.3985,-66.061,Puerto Rico (US),Latin America & Caribbean ,High income,100.0,0.673046024208234,23651.0677326077,0.385222719529239,-0.530760915469508,367.836640360767,0.875,16.6346398049013,,,2.6,79.77,56.011273957159,,50.4804250065303,,,32619.0704601174,106426600000.0,94.0550712597302,3262711.0,,49.1100908983281,8870.0,,,4.62073327913925,51.15347103073853,Moyen-Élevé,Très urbain,Fossile,Moyenne,0,Post-COVID,OUI
PRI,PR,San Juan,2022,pm10,46.60518240709172,26.0,55.08957359708774,0.0,546.0,2933,2022-01-01 00:00:00+00:00,2022-11-25 03:00:00+00:00,1809800.0,18.3985,-66.061,Puerto Rico (US),Latin America & Caribbean ,High income,100.0,0.663980527688401,25431.8825170328,2.95709565499587,-1.25390809529129,363.03686583991,0.875,,,,2.5,79.427,56.0665163472379,,48.2233975178249,,,35353.6821570014,113843700000.0,94.1110923054937,3220137.0,,50.8816034615881,8870.0,,,,48.8873780455133,Moyen-Élevé,Très urbain,Fossile,Moyenne,0,Post-COVID,OUI
PRI,PR,San Juan,2022,pm25,9.198998406555884,6.9,7.047356652728277,0.0,43.1,4393,2022-02-15 18:00:00+00:00,2022-12-05 12:00:00+00:00,1809800.0,18.3985,-66.061,Puerto Rico (US),Latin America & Caribbean ,High income,100.0,0.663980527688401,25431.8825170328,2.95709565499587,-1.25390809529129,363.03686583991,0.875,,,,2.5,79.427,56.0665163472379,,48.2233975178249,,,35353.6821570014,113843700000.0,94.1110923054937,3220137.0,,50.8816034615881,8870.0,,,,48.8873780455133,Moyen-Élevé,Très urbain,Fossile,Moyenne,0,Post-COVID,OUI
PRI,PR,San Juan,2023,o3,0.0094557926829268,0.009,0.007362450428849,0.0,0.109,656,2023-08-24 15:00:00+00:00,2023-12-11 07:00:00+00:00,1809800.0,18.3985,-66.061,Puerto Rico (US),Latin America & Caribbean ,High income,100.0,0.705611740327775,25964.8316242772,0.731492105366186,-0.438411319036028,361.194137542277,,,,,,81.69,56.1217587373168,,47.3948264740161,,,36980.7884784287,118478754280.882,94.1774359275881,3203792.0,110.409713745117,51.5791209748235,8870.0,,,,48.10043821434388,Moyen-Élevé,Très urbain,,Moyenne,0,Post-COVID,OUI
PRI,PR,San Juan,2023,pm10,71.2486388384755,58.0,61.55073201660751,0.0,410.0,551,2023-07-06 16:00:00+00:00,2023-08-22 11:00:00+00:00,1809800.0,18.3985,-66.061,Puerto Rico (US),Latin America & Caribbean ,High income,100.0,0.705611740327775,25964.8316242772,0.731492105366186,-0.438411319036028,361.194137542277,,,,,,81.69,56.1217587373168,,47.3948264740161,,,36980.7884784287,118478754280.882,94.1774359275881,3203792.0,110.409713745117,51.5791209748235,8870.0,,,,48.10043821434388,Moyen-Élevé,Très urbain,,Moyenne,0,Post-COVID,OUI
PRI,PR,San Juan,2023,pm25,13.142680047225502,10.0,11.724500531732565,0.0,112.5,1694,2023-07-05 16:00:00+00:00,2023-12-21 15:00:00+00:00,1809800.0,18.3985,-66.061,Puerto Rico (US),Latin America & Caribbean ,High income,100.0,0.705611740327775,25964.8316242772,0.731492105366186,-0.438411319036028,361.194137542277,,,,,,81.69,56.1217587373168,,47.3948264740161,,,36980.7884784287,118478754280.882,94.1774359275881,3203792.0,110.409713745117,51.5791209748235,8870.0,,,,48.10043821434388,Moyen-Élevé,Très urbain,,Moyenne,0,Post-COVID,OUI
PRT,PT,Aves,2019,no2,20.67070069166989,14.9,23.35037141552185,0.0,184.8,23277,2019-01-02 00:00:00+00:00,2019-12-31 22:00:00+00:00,425411.0,41.3703,-8.4101,Portugal,Europe & Central Asia,High income,99.6200248701138,1.99991845769704,14100.0951432965,2.74568432648596,0.0100220692411571,112.288582794065,6.12953,10.4074952026188,5016.98235792727,2115.18570481977,28.2,81.6756097560976,36.154994891142,32.8,18.886083188208,22047878.978,9.30691951687549,23343.3628970034,240115970063.019,61.114927250613,10286263.0,119.519371032715,65.5860785423015,91605.6,2526.149,0.0906079859258564,0.3564210685828357,20.88600164590504,Moyen-Élevé,Semi-urbain,Mixte-Fossile,Petite,0,Pre-COVID,OUI
PRT,PT,Aves,2019,o3,37.97752070461417,38.0,29.910725120934877,0.0,159.0,7607,2019-01-16 12:00:00+00:00,2019-12-26 10:00:00+00:00,425411.0,41.3703,-8.4101,Portugal,Europe & Central Asia,High income,99.6200248701138,1.99991845769704,14100.0951432965,2.74568432648596,0.0100220692411571,112.288582794065,6.12953,10.4074952026188,5016.98235792727,2115.18570481977,28.2,81.6756097560976,36.154994891142,32.8,18.886083188208,22047878.978,9.30691951687549,23343.3628970034,240115970063.019,61.114927250613,10286263.0,119.519371032715,65.5860785423015,91605.6,2526.149,0.0906079859258564,0.3564210685828357,20.88600164590504,Moyen-Élevé,Semi-urbain,Mixte-Fossile,Petite,0,Pre-COVID,OUI
PRT,PT,Aves,2019,pm10,8.776349391853872,0.0,179.98040026869774,0.0,8849.0,23103,2019-01-02 00:00:00+00:00,2019-12-24 15:00:00+00:00,425411.0,41.3703,-8.4101,Portugal,Europe & Central Asia,High income,99.6200248701138,1.99991845769704,14100.0951432965,2.74568432648596,0.0100220692411571,112.288582794065,6.12953,10.4074952026188,5016.98235792727,2115.18570481977,28.2,81.6756097560976,36.154994891142,32.8,18.886083188208,22047878.978,9.30691951687549,23343.3628970034,240115970063.019,61.114927250613,10286263.0,119.519371032715,65.5860785423015,91605.6,2526.149,0.0906079859258564,0.3564210685828357,20.88600164590504,Moyen-Élevé,Semi-urbain,Mixte-Fossile,Petite,0,Pre-COVID,OUI
PRT,PT,Aves,2019,pm25,0.0,0.0,0.0,0.0,0.0,7742,2019-01-02 00:00:00+00:00,2019-12-24 15:00:00+00:00,425411.0,41.3703,-8.4101,Portugal,Europe & Central Asia,High income,99.6200248701138,1.99991845769704,14100.0951432965,2.74568432648596,0.0100220692411571,112.288582794065,6.12953,10.4074952026188,5016.98235792727,2115.18570481977,28.2,81.6756097560976,36.154994891142,32.8,18.886083188208,22047878.978,9.30691951687549,23343.3628970034,240115970063.019,61.114927250613,10286263.0,119.519371032715,65.5860785423015,91605.6,2526.149,0.0906079859258564,0.3564210685828357,20.88600164590504,Moyen-Élevé,Semi-urbain,Mixte-Fossile,Petite,0,Pre-COVID,OUI
PRT,PT,Aves,2020,no2,31.399772274409337,23.1,29.159230917809023,0.0,607.1,10539,2020-01-01 00:00:00+00:00,2020-12-31 22:00:00+00:00,425411.0,41.3703,-8.4101,Portugal,Europe & Central Asia,High income,99.6529221881304,2.14089692520428,13096.2455701096,-8.20463159324387,0.0876582342410479,112.406676011074,6.12953,4.45193865631712,4858.94983248165,1957.30550192994,31.3,81.3292682926829,36.154994891142,34.7,19.3945333422241,6219531.061,8.47997287011568,22299.4044062173,229618773422.577,61.1042566768691,10297081.0,118.68286895752,65.5669578738445,91605.6,2526.149,0.0877699554804597,0.1378309181522328,21.53543026742838,Moyen-Élevé,Semi-urbain,Mixte-Renouvelable,Petite,1,COVID,OUI
PRT,PT,Aves,2021,no2,38.48403223775343,34.1,25.890469676339023,0.0,267.4,7941,2021-01-01 00:00:00+00:00,2021-12-23 22:00:00+00:00,425411.0,41.3703,-8.4101,Portugal,Europe & Central Asia,High income,99.6623109186367,2.16204629838151,13629.6694507448,5.55875672070374,0.611907811837652,113.113510527741,6.12953,1.569273622472,4901.6433485549,1943.29269675495,32.3,81.3780487804878,36.154994891142,34.6,19.312836959793,8056494.578,9.69418780282077,24711.4510062111,256055879091.139,61.0951249296597,10361831.0,118.984870910645,65.0687062575411,91605.6,2527.053,0.078636178024856,0.0471253340081681,21.474883258174508,Moyen-Élevé,Semi-urbain,Mixte-Renouvelable,Petite,0,Post-COVID,OUI
PRT,PT,Aves,2021,o3,49.21016483516483,49.0,25.42385791494933,0.0,151.0,728,2021-04-23 00:00:00+00:00,2021-08-17 08:00:00+00:00,425411.0,41.3703,-8.4101,Portugal,Europe & Central Asia,High income,99.6623109186367,2.16204629838151,13629.6694507448,5.55875672070374,0.611907811837652,113.113510527741,6.12953,1.569273622472,4901.6433485549,1943.29269675495,32.3,81.3780487804878,36.154994891142,34.6,19.312836959793,8056494.578,9.69418780282077,24711.4510062111,256055879091.139,61.0951249296597,10361831.0,118.984870910645,65.0687062575411,91605.6,2527.053,0.078636178024856,0.0471253340081681,21.474883258174508,Moyen-Élevé,Semi-urbain,Mixte-Renouvelable,Petite,0,Post-COVID,OUI
PRT,PT,Aves,2021,pm10,18.692307692307693,18.0,8.042871552215033,7.0,40.0,52,2021-12-21 19:00:00+00:00,2021-12-23 22:00:00+00:00,425411.0,41.3703,-8.4101,Portugal,Europe & Central Asia,High income,99.6623109186367,2.16204629838151,13629.6694507448,5.55875672070374,0.611907811837652,113.113510527741,6.12953,1.569273622472,4901.6433485549,1943.29269675495,32.3,81.3780487804878,36.154994891142,34.6,19.312836959793,8056494.578,9.69418780282077,24711.4510062111,256055879091.139,61.0951249296597,10361831.0,118.984870910645,65.0687062575411,91605.6,2527.053,0.078636178024856,0.0471253340081681,21.474883258174508,Moyen-Élevé,Semi-urbain,Mixte-Renouvelable,Petite,0,Post-COVID,OUI
PRT,PT,Aves,2022,no2,29.981157278151866,24.1,22.62236489707386,0.2,178.9,18267,2022-01-05 17:00:00+00:00,2022-12-31 22:00:00+00:00,425411.0,41.3703,-8.4101,Portugal,Europe & Central Asia,High income,99.6612544387821,1.90543676193935,14286.1858238291,6.98584137580278,0.747651385024544,113.904957775507,6.12953,,5085.23209727273,1949.86496103932,,81.6317073170732,36.154994891142,36.3,18.4032428555898,15664429.666,10.2444321511259,24620.5197587181,256898677175.024,61.1259255772782,10434332.0,120.926139831543,66.1933718129425,91605.6,,0.0791935258321697,,20.308679617529148,Moyen-Élevé,Semi-urbain,,Petite,0,Post-COVID,OUI
PRT,PT,Aves,2022,o3,67.06545961002786,68.0,32.17757944834817,4.0,206.0,2872,2022-04-21 15:00:00+00:00,2022-12-31 22:00:00+00:00,425411.0,41.3703,-8.4101,Portugal,Europe & Central Asia,High income,99.6612544387821,1.90543676193935,14286.1858238291,6.98584137580278,0.747651385024544,113.904957775507,6.12953,,5085.23209727273,1949.86496103932,,81.6317073170732,36.154994891142,36.3,18.4032428555898,15664429.666,10.2444321511259,24620.5197587181,256898677175.024,61.1259255772782,10434332.0,120.926139831543,66.1933718129425,91605.6,,0.0791935258321697,,20.308679617529148,Moyen-Élevé,Semi-urbain,,Petite,0,Post-COVID,OUI
PRT,PT,Aves,2022,pm10,26.217773507865974,22.4,19.73543788466492,0.0,234.0,16654,2022-01-05 17:00:00+00:00,2022-12-31 22:00:00+00:00,425411.0,41.3703,-8.4101,Portugal,Europe & Central Asia,High income,99.6612544387821,1.90543676193935,14286.1858238291,6.98584137580278,0.747651385024544,113.904957775507,6.12953,,5085.23209727273,1949.86496103932,,81.6317073170732,36.154994891142,36.3,18.4032428555898,15664429.666,10.2444321511259,24620.5197587181,256898677175.024,61.1259255772782,10434332.0,120.926139831543,66.1933718129425,91605.6,,0.0791935258321697,,20.308679617529148,Moyen-Élevé,Semi-urbain,,Petite,0,Post-COVID,OUI
PRT,PT,Aves,2023,no2,20.87784647089129,15.0,19.046153804720745,0.0,403.8,19410,2023-01-01 00:00:00+00:00,2023-12-31 22:00:00+00:00,425411.0,41.3703,-8.4101,Portugal,Europe & Central Asia,High income,99.6602104639564,2.13721069426312,14326.0957161861,3.09997909018263,1.49818724351185,115.475189289738,,,5146.25681143078,1853.15672016889,,82.2804878048781,36.154994891142,33.9,18.7118937244236,18288977.0,9.86481251146953,27634.6183139773,292323800948.839,61.2048652633664,10578174.0,120.347076416016,66.2923756073157,91605.6,,0.0670568213497006,,20.84910441868672,Moyen-Élevé,Semi-urbain,,Petite,0,Post-COVID,OUI
PRT,PT,Aves,2023,o3,66.81016886249768,67.0,35.32033596464254,1.0,277.0,5389,2023-01-01 00:00:00+00:00,2023-12-31 22:00:00+00:00,425411.0,41.3703,-8.4101,Portugal,Europe & Central Asia,High income,99.6602104639564,2.13721069426312,14326.0957161861,3.09997909018263,1.49818724351185,115.475189289738,,,5146.25681143078,1853.15672016889,,82.2804878048781,36.154994891142,33.9,18.7118937244236,18288977.0,9.86481251146953,27634.6183139773,292323800948.839,61.2048652633664,10578174.0,120.347076416016,66.2923756073157,91605.6,,0.0670568213497006,,20.84910441868672,Moyen-Élevé,Semi-urbain,,Petite,0,Post-COVID,OUI
PRT,PT,Aves,2023,pm10,22.55996486745449,16.1,37.272237982519016,0.0,1000.0,18786,2023-01-01 00:00:00+00:00,2023-12-31 22:00:00+00:00,425411.0,41.3703,-8.4101,Portugal,Europe & Central Asia,High income,99.6602104639564,2.13721069426312,14326.0957161861,3.09997909018263,1.49818724351185,115.475189289738,,,5146.25681143078,1853.15672016889,,82.2804878048781,36.154994891142,33.9,18.7118937244236,18288977.0,9.86481251146953,27634.6183139773,292323800948.839,61.2048652633664,10578174.0,120.347076416016,66.2923756073157,91605.6,,0.0670568213497006,,20.84910441868672,Moyen-Élevé,Semi-urbain,,Petite,0,Post-COVID,OUI
PRT,PT,Lisbon,2019,co,0.0,0.0,0.0,0.0,0.0,5876,2019-01-02 00:00:00+00:00,2019-12-24 15:00:00+00:00,548703.0,38.7122,-9.134,Portugal,Europe & Central Asia,High income,99.6200248701138,1.99991845769704,14100.0951432965,2.74568432648596,0.0100220692411571,112.288582794065,6.12953,10.4074952026188,5016.98235792727,2115.18570481977,28.2,81.6756097560976,36.154994891142,32.8,18.886083188208,22047878.978,9.30691951687549,23343.3628970034,240115970063.019,61.114927250613,10286263.0,119.519371032715,65.5860785423015,91605.6,2526.149,0.0906079859258564,0.3564210685828357,20.88600164590504,Moyen-Élevé,Semi-urbain,Mixte-Fossile,Petite,0,Pre-COVID,OUI
PRT,PT,Lisbon,2019,no2,18.231387069211053,12.0,19.950121176104236,0.0,169.0,14044,2019-01-02 00:00:00+00:00,2019-12-31 22:00:00+00:00,548703.0,38.7122,-9.134,Portugal,Europe & Central Asia,High income,99.6200248701138,1.99991845769704,14100.0951432965,2.74568432648596,0.0100220692411571,112.288582794065,6.12953,10.4074952026188,5016.98235792727,2115.18570481977,28.2,81.6756097560976,36.154994891142,32.8,18.886083188208,22047878.978,9.30691951687549,23343.3628970034,240115970063.019,61.114927250613,10286263.0,119.519371032715,65.5860785423015,91605.6,2526.149,0.0906079859258564,0.3564210685828357,20.88600164590504,Moyen-Élevé,Semi-urbain,Mixte-Fossile,Petite,0,Pre-COVID,OUI
PRT,PT,Lisbon,2019,o3,53.74680585073134,55.3,25.525019121177287,0.0,166.0,7999,2019-01-02 00:00:00+00:00,2019-12-31 22:00:00+00:00,548703.0,38.7122,-9.134,Portugal,Europe & Central Asia,High income,99.6200248701138,1.99991845769704,14100.0951432965,2.74568432648596,0.0100220692411571,112.288582794065,6.12953,10.4074952026188,5016.98235792727,2115.18570481977,28.2,81.6756097560976,36.154994891142,32.8,18.886083188208,22047878.978,9.30691951687549,23343.3628970034,240115970063.019,61.114927250613,10286263.0,119.519371032715,65.5860785423015,91605.6,2526.149,0.0906079859258564,0.3564210685828357,20.88600164590504,Moyen-Élevé,Semi-urbain,Mixte-Fossile,Petite,0,Pre-COVID,OUI
PRT,PT,Lisbon,2019,pm10,2.216093715787169,0.0,15.567118868901732,0.0,874.4,13701,2019-01-02 00:00:00+00:00,2019-12-24 15:00:00+00:00,548703.0,38.7122,-9.134,Portugal,Europe & Central Asia,High income,99.6200248701138,1.99991845769704,14100.0951432965,2.74568432648596,0.0100220692411571,112.288582794065,6.12953,10.4074952026188,5016.98235792727,2115.18570481977,28.2,81.6756097560976,36.154994891142,32.8,18.886083188208,22047878.978,9.30691951687549,23343.3628970034,240115970063.019,61.114927250613,10286263.0,119.519371032715,65.5860785423015,91605.6,2526.149,0.0906079859258564,0.3564210685828357,20.88600164590504,Moyen-Élevé,Semi-urbain,Mixte-Fossile,Petite,0,Pre-COVID,OUI
PRT,PT,Lisbon,2020,no2,22.00861555787949,16.0,19.20345895044971,0.3,329.7,12431,2020-01-01 00:00:00+00:00,2020-12-31 22:00:00+00:00,548703.0,38.7122,-9.134,Portugal,Europe & Central Asia,High income,99.6529221881304,2.14089692520428,13096.2455701096,-8.20463159324387,0.0876582342410479,112.406676011074,6.12953,4.45193865631712,4858.94983248165,1957.30550192994,31.3,81.3292682926829,36.154994891142,34.7,19.3945333422241,6219531.061,8.47997287011568,22299.4044062173,229618773422.577,61.1042566768691,10297081.0,118.68286895752,65.5669578738445,91605.6,2526.149,0.0877699554804597,0.1378309181522328,21.53543026742838,Moyen-Élevé,Semi-urbain,Mixte-Renouvelable,Petite,1,COVID,OUI
PRT,PT,Lisbon,2020,o3,52.83734067207416,54.0,24.34005174044064,0.0,195.0,6904,2020-01-01 00:00:00+00:00,2020-12-31 22:00:00+00:00,548703.0,38.7122,-9.134,Portugal,Europe & Central Asia,High income,99.6529221881304,2.14089692520428,13096.2455701096,-8.20463159324387,0.0876582342410479,112.406676011074,6.12953,4.45193865631712,4858.94983248165,1957.30550192994,31.3,81.3292682926829,36.154994891142,34.7,19.3945333422241,6219531.061,8.47997287011568,22299.4044062173,229618773422.577,61.1042566768691,10297081.0,118.68286895752,65.5669578738445,91605.6,2526.149,0.0877699554804597,0.1378309181522328,21.53543026742838,Moyen-Élevé,Semi-urbain,Mixte-Renouvelable,Petite,1,COVID,OUI
PRT,PT,Lisbon,2020,pm10,18.814932126696835,14.8,13.8445075308186,3.2,88.5,442,2020-01-01 08:00:00+00:00,2020-12-31 03:00:00+00:00,548703.0,38.7122,-9.134,Portugal,Europe & Central Asia,High income,99.6529221881304,2.14089692520428,13096.2455701096,-8.20463159324387,0.0876582342410479,112.406676011074,6.12953,4.45193865631712,4858.94983248165,1957.30550192994,31.3,81.3292682926829,36.154994891142,34.7,19.3945333422241,6219531.061,8.47997287011568,22299.4044062173,229618773422.577,61.1042566768691,10297081.0,118.68286895752,65.5669578738445,91605.6,2526.149,0.0877699554804597,0.1378309181522328,21.53543026742838,Moyen-Élevé,Semi-urbain,Mixte-Renouvelable,Petite,1,COVID,OUI
PRT,PT,Lisbon,2021,co,54.0,58.0,17.854971296532515,23.0,73.0,6,2021-09-07 18:00:00+00:00,2021-09-08 05:00:00+00:00,548703.0,38.7122,-9.134,Portugal,Europe & Central Asia,High income,99.6623109186367,2.16204629838151,13629.6694507448,5.55875672070374,0.611907811837652,113.113510527741,6.12953,1.569273622472,4901.6433485549,1943.29269675495,32.3,81.3780487804878,36.154994891142,34.6,19.312836959793,8056494.578,9.69418780282077,24711.4510062111,256055879091.139,61.0951249296597,10361831.0,118.984870910645,65.0687062575411,91605.6,2527.053,0.078636178024856,0.0471253340081681,21.474883258174508,Moyen-Élevé,Semi-urbain,Mixte-Renouvelable,Petite,0,Post-COVID,OUI
PRT,PT,Lisbon,2021,no2,19.12706995606624,14.8,15.36959889101356,0.1,130.1,11836,2021-01-01 00:00:00+00:00,2021-12-31 22:00:00+00:00,548703.0,38.7122,-9.134,Portugal,Europe & Central Asia,High income,99.6623109186367,2.16204629838151,13629.6694507448,5.55875672070374,0.611907811837652,113.113510527741,6.12953,1.569273622472,4901.6433485549,1943.29269675495,32.3,81.3780487804878,36.154994891142,34.6,19.312836959793,8056494.578,9.69418780282077,24711.4510062111,256055879091.139,61.0951249296597,10361831.0,118.984870910645,65.0687062575411,91605.6,2527.053,0.078636178024856,0.0471253340081681,21.474883258174508,Moyen-Élevé,Semi-urbain,Mixte-Renouvelable,Petite,0,Post-COVID,OUI
PRT,PT,Lisbon,2021,o3,52.26590799807661,53.0,20.433753715348463,1.0,122.0,6239,2021-01-01 00:00:00+00:00,2021-12-30 20:00:00+00:00,548703.0,38.7122,-9.134,Portugal,Europe & Central Asia,High income,99.6623109186367,2.16204629838151,13629.6694507448,5.55875672070374,0.611907811837652,113.113510527741,6.12953,1.569273622472,4901.6433485549,1943.29269675495,32.3,81.3780487804878,36.154994891142,34.6,19.312836959793,8056494.578,9.69418780282077,24711.4510062111,256055879091.139,61.0951249296597,10361831.0,118.984870910645,65.0687062575411,91605.6,2527.053,0.078636178024856,0.0471253340081681,21.474883258174508,Moyen-Élevé,Semi-urbain,Mixte-Renouvelable,Petite,0,Post-COVID,OUI
PRT,PT,Lisbon,2021,pm10,16.72008495145631,14.5,10.270486514924828,0.0,101.0,1648,2021-01-04 15:00:00+00:00,2021-12-29 14:00:00+00:00,548703.0,38.7122,-9.134,Portugal,Europe & Central Asia,High income,99.6623109186367,2.16204629838151,13629.6694507448,5.55875672070374,0.611907811837652,113.113510527741,6.12953,1.569273622472,4901.6433485549,1943.29269675495,32.3,81.3780487804878,36.154994891142,34.6,19.312836959793,8056494.578,9.69418780282077,24711.4510062111,256055879091.139,61.0951249296597,10361831.0,118.984870910645,65.0687062575411,91605.6,2527.053,0.078636178024856,0.0471253340081681,21.474883258174508,Moyen-Élevé,Semi-urbain,Mixte-Renouvelable,Petite,0,Post-COVID,OUI
PRT,PT,Lisbon,2022,co,271.4956042318581,232.0,165.13786753388848,96.0,3103.0,6711,2022-01-17 10:00:00+00:00,2022-12-31 22:00:00+00:00,548703.0,38.7122,-9.134,Portugal,Europe & Central Asia,High income,99.6612544387821,1.90543676193935,14286.1858238291,6.98584137580278,0.747651385024544,113.904957775507,6.12953,,5085.23209727273,1949.86496103932,,81.6317073170732,36.154994891142,36.3,18.4032428555898,15664429.666,10.2444321511259,24620.5197587181,256898677175.024,61.1259255772782,10434332.0,120.926139831543,66.1933718129425,91605.6,,0.0791935258321697,,20.308679617529148,Moyen-Élevé,Semi-urbain,,Petite,0,Post-COVID,OUI
PRT,PT,Lisbon,2022,no2,17.58724018882548,12.9,15.003981666203922,0.0,105.7,14193,2022-01-01 00:00:00+00:00,2022-12-31 22:00:00+00:00,548703.0,38.7122,-9.134,Portugal,Europe & Central Asia,High income,99.6612544387821,1.90543676193935,14286.1858238291,6.98584137580278,0.747651385024544,113.904957775507,6.12953,,5085.23209727273,1949.86496103932,,81.6317073170732,36.154994891142,36.3,18.4032428555898,15664429.666,10.2444321511259,24620.5197587181,256898677175.024,61.1259255772782,10434332.0,120.926139831543,66.1933718129425,91605.6,,0.0791935258321697,,20.308679617529148,Moyen-Élevé,Semi-urbain,,Petite,0,Post-COVID,OUI
PRT,PT,Lisbon,2022,o3,54.25278615445129,55.0,21.983646224492823,1.0,184.0,7627,2022-01-04 11:00:00+00:00,2022-12-31 22:00:00+00:00,548703.0,38.7122,-9.134,Portugal,Europe & Central Asia,High income,99.6612544387821,1.90543676193935,14286.1858238291,6.98584137580278,0.747651385024544,113.904957775507,6.12953,,5085.23209727273,1949.86496103932,,81.6317073170732,36.154994891142,36.3,18.4032428555898,15664429.666,10.2444321511259,24620.5197587181,256898677175.024,61.1259255772782,10434332.0,120.926139831543,66.1933718129425,91605.6,,0.0791935258321697,,20.308679617529148,Moyen-Élevé,Semi-urbain,,Petite,0,Post-COVID,OUI
PRT,PT,Lisbon,2022,pm10,20.755416666666665,18.0,19.267053574801405,0.0,439.0,1200,2022-01-04 07:00:00+00:00,2022-12-31 22:00:00+00:00,548703.0,38.7122,-9.134,Portugal,Europe & Central Asia,High income,99.6612544387821,1.90543676193935,14286.1858238291,6.98584137580278,0.747651385024544,113.904957775507,6.12953,,5085.23209727273,1949.86496103932,,81.6317073170732,36.154994891142,36.3,18.4032428555898,15664429.666,10.2444321511259,24620.5197587181,256898677175.024,61.1259255772782,10434332.0,120.926139831543,66.1933718129425,91605.6,,0.0791935258321697,,20.308679617529148,Moyen-Élevé,Semi-urbain,,Petite,0,Post-COVID,OUI
PRT,PT,Lisbon,2023,co,293.8899264289757,258.0,142.20134640072075,139.0,1888.0,7068,2023-01-01 00:00:00+00:00,2023-12-31 22:00:00+00:00,548703.0,38.7122,-9.134,Portugal,Europe & Central Asia,High income,99.6602104639564,2.13721069426312,14326.0957161861,3.09997909018263,1.49818724351185,115.475189289738,,,5146.25681143078,1853.15672016889,,82.2804878048781,36.154994891142,33.9,18.7118937244236,18288977.0,9.86481251146953,27634.6183139773,292323800948.839,61.2048652633664,10578174.0,120.347076416016,66.2923756073157,91605.6,,0.0670568213497006,,20.84910441868672,Moyen-Élevé,Semi-urbain,,Petite,0,Post-COVID,OUI
PRT,PT,Lisbon,2023,no2,16.327370665469644,11.2,15.228767105200443,0.2,118.2,17822,2023-01-01 00:00:00+00:00,2023-12-31 22:00:00+00:00,548703.0,38.7122,-9.134,Portugal,Europe & Central Asia,High income,99.6602104639564,2.13721069426312,14326.0957161861,3.09997909018263,1.49818724351185,115.475189289738,,,5146.25681143078,1853.15672016889,,82.2804878048781,36.154994891142,33.9,18.7118937244236,18288977.0,9.86481251146953,27634.6183139773,292323800948.839,61.2048652633664,10578174.0,120.347076416016,66.2923756073157,91605.6,,0.0670568213497006,,20.84910441868672,Moyen-Élevé,Semi-urbain,,Petite,0,Post-COVID,OUI
PRT,PT,Lisbon,2023,o3,57.31225071225071,57.0,26.46090414426599,1.0,184.0,7020,2023-01-01 00:00:00+00:00,2023-12-31 22:00:00+00:00,548703.0,38.7122,-9.134,Portugal,Europe & Central Asia,High income,99.6602104639564,2.13721069426312,14326.0957161861,3.09997909018263,1.49818724351185,115.475189289738,,,5146.25681143078,1853.15672016889,,82.2804878048781,36.154994891142,33.9,18.7118937244236,18288977.0,9.86481251146953,27634.6183139773,292323800948.839,61.2048652633664,10578174.0,120.347076416016,66.2923756073157,91605.6,,0.0670568213497006,,20.84910441868672,Moyen-Élevé,Semi-urbain,,Petite,0,Post-COVID,OUI
PRT,PT,Lisbon,2023,pm10,17.29910881801126,16.0,8.519333161512767,0.0,98.2,6396,2023-01-01 22:00:00+00:00,2023-12-31 22:00:00+00:00,548703.0,38.7122,-9.134,Portugal,Europe & Central Asia,High income,99.6602104639564,2.13721069426312,14326.0957161861,3.09997909018263,1.49818724351185,115.475189289738,,,5146.25681143078,1853.15672016889,,82.2804878048781,36.154994891142,33.9,18.7118937244236,18288977.0,9.86481251146953,27634.6183139773,292323800948.839,61.2048652633664,10578174.0,120.347076416016,66.2923756073157,91605.6,,0.0670568213497006,,20.84910441868672,Moyen-Élevé,Semi-urbain,,Petite,0,Post-COVID,OUI
ROU,RO,Bucharest,2020,no2,35.50530027154475,30.96605444,21.04328146963128,0.70824404,153.200213,8817,2020-04-20 17:00:00+00:00,2020-12-31 22:00:00+00:00,2412530.0,44.4325,26.1039,Romania,Europe & Central Asia,High income,87.7922191507809,4.07184426240682,7289.8010498492,-3.59802546034757,-1.0838830121159,83.7328320584145,7.396,16.9503343225945,2726.41154410143,1669.6382293589,24.1,74.2536585365854,30.1158292767733,34.6,26.6218787803176,1786407.0,11.0880680802374,13009.1770573223,250625048303.578,52.611947245178,19265250.0,86.416877746582,59.918608618412,230080.0,10769.0,0.1283332441981798,0.6753121244061554,30.69372304272442,Moyen-Faible,Semi-urbain,Mixte-Fossile,Moyenne,1,COVID,OUI
ROU,RO,Bucharest,2020,o3,38.85210327335428,35.00736666,26.564723422148948,1.01969444,138.45894611,7954,2020-04-20 17:00:00+00:00,2020-12-31 22:00:00+00:00,2412530.0,44.4325,26.1039,Romania,Europe & Central Asia,High income,87.7922191507809,4.07184426240682,7289.8010498492,-3.59802546034757,-1.0838830121159,83.7328320584145,7.396,16.9503343225945,2726.41154410143,1669.6382293589,24.1,74.2536585365854,30.1158292767733,34.6,26.6218787803176,1786407.0,11.0880680802374,13009.1770573223,250625048303.578,52.611947245178,19265250.0,86.416877746582,59.918608618412,230080.0,10769.0,0.1283332441981798,0.6753121244061554,30.69372304272442,Moyen-Faible,Semi-urbain,Mixte-Fossile,Moyenne,1,COVID,OUI
ROU,RO,Bucharest,2021,no2,38.08314771622796,32.47155531,22.72826786420042,1.82437497,177.66446186,13213,2021-01-01 00:00:00+00:00,2021-12-31 22:00:00+00:00,2412530.0,44.4325,26.1039,Romania,Europe & Central Asia,High income,88.6956428751098,4.616339720378,7856.58116039876,5.58735072538869,-1.47053244927971,83.1104789638387,7.864,18.2377669413149,2900.83824132119,1787.09564245924,23.6,72.809756097561,30.1158292767733,33.9,26.2049211165386,2719206.0,10.4220615436354,14907.9803652143,285071280114.469,52.2321512130811,19122059.0,86.1970901489258,59.5240162986079,230080.0,10769.0,0.1198670598982677,0.7413726398908494,30.8212608369166,Moyen-Faible,Semi-urbain,Mixte-Fossile,Moyenne,0,Post-COVID,OUI
ROU,RO,Bucharest,2021,o3,39.701739788119205,36.59991972,25.82261138619124,1.09204777,231.63433111,13372,2021-01-01 00:00:00+00:00,2021-12-31 22:00:00+00:00,2412530.0,44.4325,26.1039,Romania,Europe & Central Asia,High income,88.6956428751098,4.616339720378,7856.58116039876,5.58735072538869,-1.47053244927971,83.1104789638387,7.864,18.2377669413149,2900.83824132119,1787.09564245924,23.6,72.809756097561,30.1158292767733,33.9,26.2049211165386,2719206.0,10.4220615436354,14907.9803652143,285071280114.469,52.2321512130811,19122059.0,86.1970901489258,59.5240162986079,230080.0,10769.0,0.1198670598982677,0.7413726398908494,30.8212608369166,Moyen-Faible,Semi-urbain,Mixte-Fossile,Moyenne,0,Post-COVID,OUI
ROU,RO,Bucharest,2021,pm10,27.691486206888417,25.00204565,15.568577618706223,0.78089388,153.3976075,10898,2021-07-06 11:00:00+00:00,2021-12-31 22:00:00+00:00,2412530.0,44.4325,26.1039,Romania,Europe & Central Asia,High income,88.6956428751098,4.616339720378,7856.58116039876,5.58735072538869,-1.47053244927971,83.1104789638387,7.864,18.2377669413149,2900.83824132119,1787.09564245924,23.6,72.809756097561,30.1158292767733,33.9,26.2049211165386,2719206.0,10.4220615436354,14907.9803652143,285071280114.469,52.2321512130811,19122059.0,86.1970901489258,59.5240162986079,230080.0,10769.0,0.1198670598982677,0.7413726398908494,30.8212608369166,Moyen-Faible,Semi-urbain,Mixte-Fossile,Moyenne,0,Post-COVID,OUI
ROU,RO,Bucharest,2021,pm25,18.805400918190426,15.202405720000002,12.92828696265884,0.57268656,107.49783706,3592,2021-07-06 11:00:00+00:00,2021-12-31 22:00:00+00:00,2412530.0,44.4325,26.1039,Romania,Europe & Central Asia,High income,88.6956428751098,4.616339720378,7856.58116039876,5.58735072538869,-1.47053244927971,83.1104789638387,7.864,18.2377669413149,2900.83824132119,1787.09564245924,23.6,72.809756097561,30.1158292767733,33.9,26.2049211165386,2719206.0,10.4220615436354,14907.9803652143,285071280114.469,52.2321512130811,19122059.0,86.1970901489258,59.5240162986079,230080.0,10769.0,0.1198670598982677,0.7413726398908494,30.8212608369166,Moyen-Faible,Semi-urbain,Mixte-Fossile,Moyenne,0,Post-COVID,OUI
ROU,RO,Bucharest,2022,no2,34.551066662455696,30.46932188,19.19366141055135,4.46771033,152.38701273,15181,2022-01-01 00:00:00+00:00,2022-12-31 22:00:00+00:00,2412530.0,44.4325,26.1039,Romania,Europe & Central Asia,High income,89.6004899502368,3.8180329334627,8315.93469511043,4.18771305104109,-0.516969816394979,82.7907771210014,8.151,18.7029034677333,2717.53652859422,1655.23818974845,,75.1536585365854,30.1158292767733,32.3,27.5991771762168,2294598.0,9.75143744866255,15503.551804598,295319437556.988,52.1634832477272,19048502.0,83.0334701538086,60.3937908900332,230080.0,,0.1067582094993275,,31.4172101096795,Moyen-Élevé,Semi-urbain,,Moyenne,0,Post-COVID,OUI
ROU,RO,Bucharest,2022,o3,44.116412218428415,41.79312833,27.539019011942745,2.46118333,1017.75067465,10009,2022-01-01 00:00:00+00:00,2022-12-31 22:00:00+00:00,2412530.0,44.4325,26.1039,Romania,Europe & Central Asia,High income,89.6004899502368,3.8180329334627,8315.93469511043,4.18771305104109,-0.516969816394979,82.7907771210014,8.151,18.7029034677333,2717.53652859422,1655.23818974845,,75.1536585365854,30.1158292767733,32.3,27.5991771762168,2294598.0,9.75143744866255,15503.551804598,295319437556.988,52.1634832477272,19048502.0,83.0334701538086,60.3937908900332,230080.0,,0.1067582094993275,,31.4172101096795,Moyen-Élevé,Semi-urbain,,Moyenne,0,Post-COVID,OUI
ROU,RO,Bucharest,2022,pm10,25.61141305737051,22.00971792,16.768009849030122,0.15504971,369.60662001,23689,2022-01-01 00:00:00+00:00,2022-12-31 22:00:00+00:00,2412530.0,44.4325,26.1039,Romania,Europe & Central Asia,High income,89.6004899502368,3.8180329334627,8315.93469511043,4.18771305104109,-0.516969816394979,82.7907771210014,8.151,18.7029034677333,2717.53652859422,1655.23818974845,,75.1536585365854,30.1158292767733,32.3,27.5991771762168,2294598.0,9.75143744866255,15503.551804598,295319437556.988,52.1634832477272,19048502.0,83.0334701538086,60.3937908900332,230080.0,,0.1067582094993275,,31.4172101096795,Moyen-Élevé,Semi-urbain,,Moyenne,0,Post-COVID,OUI
ROU,RO,Bucharest,2022,pm25,16.584827481166624,13.367758965,12.032080199620488,0.15620393,170.61347665,7826,2022-01-01 00:00:00+00:00,2022-12-31 22:00:00+00:00,2412530.0,44.4325,26.1039,Romania,Europe & Central Asia,High income,89.6004899502368,3.8180329334627,8315.93469511043,4.18771305104109,-0.516969816394979,82.7907771210014,8.151,18.7029034677333,2717.53652859422,1655.23818974845,,75.1536585365854,30.1158292767733,32.3,27.5991771762168,2294598.0,9.75143744866255,15503.551804598,295319437556.988,52.1634832477272,19048502.0,83.0334701538086,60.3937908900332,230080.0,,0.1067582094993275,,31.4172101096795,Moyen-Élevé,Semi-urbain,,Moyenne,0,Post-COVID,OUI
ROU,RO,Bucharest,2023,co,641.8490788232642,499.973015,638.5758866032988,34.76923,7683.97881,4436,2023-06-15 13:00:00+00:00,2023-12-31 22:00:00+00:00,2412530.0,44.4325,26.1039,Romania,Europe & Central Asia,High income,90.505532492932,3.32416909916798,8520.18583379451,2.25773416555121,0.0680098161557962,82.8453668289291,,13.954330654341,2585.27043246593,1600.61942333991,,76.6073170731707,30.1158292767733,29.8,27.0872143657574,2806654.333,9.80649166982857,18244.4186876321,347757995758.914,52.1645747011867,19061062.0,81.6316070556641,60.9101722747782,230080.0,,0.0877271961111482,,30.41138346492538,Moyen-Élevé,Semi-urbain,,Moyenne,0,Post-COVID,OUI
ROU,RO,Bucharest,2023,no2,33.80881439361582,30.35363478,18.52244006028196,4.84572924,167.26228086,12744,2023-01-01 00:00:00+00:00,2023-12-31 22:00:00+00:00,2412530.0,44.4325,26.1039,Romania,Europe & Central Asia,High income,90.505532492932,3.32416909916798,8520.18583379451,2.25773416555121,0.0680098161557962,82.8453668289291,,13.954330654341,2585.27043246593,1600.61942333991,,76.6073170731707,30.1158292767733,29.8,27.0872143657574,2806654.333,9.80649166982857,18244.4186876321,347757995758.914,52.1645747011867,19061062.0,81.6316070556641,60.9101722747782,230080.0,,0.0877271961111482,,30.41138346492538,Moyen-Élevé,Semi-urbain,,Moyenne,0,Post-COVID,OUI
ROU,RO,Bucharest,2023,o3,43.98328427982737,40.107564715,28.86092042290777,2.78703555,155.63388333,6430,2023-01-01 00:00:00+00:00,2023-12-31 22:00:00+00:00,2412530.0,44.4325,26.1039,Romania,Europe & Central Asia,High income,90.505532492932,3.32416909916798,8520.18583379451,2.25773416555121,0.0680098161557962,82.8453668289291,,13.954330654341,2585.27043246593,1600.61942333991,,76.6073170731707,30.1158292767733,29.8,27.0872143657574,2806654.333,9.80649166982857,18244.4186876321,347757995758.914,52.1645747011867,19061062.0,81.6316070556641,60.9101722747782,230080.0,,0.0877271961111482,,30.41138346492538,Moyen-Élevé,Semi-urbain,,Moyenne,0,Post-COVID,OUI
ROU,RO,Bucharest,2023,pm10,25.839579761489126,22.67341219,16.035969329585694,0.1010578,284.80878416,19770,2023-01-01 00:00:00+00:00,2023-12-31 22:00:00+00:00,2412530.0,44.4325,26.1039,Romania,Europe & Central Asia,High income,90.505532492932,3.32416909916798,8520.18583379451,2.25773416555121,0.0680098161557962,82.8453668289291,,13.954330654341,2585.27043246593,1600.61942333991,,76.6073170731707,30.1158292767733,29.8,27.0872143657574,2806654.333,9.80649166982857,18244.4186876321,347757995758.914,52.1645747011867,19061062.0,81.6316070556641,60.9101722747782,230080.0,,0.0877271961111482,,30.41138346492538,Moyen-Élevé,Semi-urbain,,Moyenne,0,Post-COVID,OUI
ROU,RO,Bucharest,2023,pm25,12.943620443644011,10.467136475,9.902482714178005,0.14401399,109.1723648,6062,2023-01-01 00:00:00+00:00,2023-12-31 22:00:00+00:00,2412530.0,44.4325,26.1039,Romania,Europe & Central Asia,High income,90.505532492932,3.32416909916798,8520.18583379451,2.25773416555121,0.0680098161557962,82.8453668289291,,13.954330654341,2585.27043246593,1600.61942333991,,76.6073170731707,30.1158292767733,29.8,27.0872143657574,2806654.333,9.80649166982857,18244.4186876321,347757995758.914,52.1645747011867,19061062.0,81.6316070556641,60.9101722747782,230080.0,,0.0877271961111482,,30.41138346492538,Moyen-Élevé,Semi-urbain,,Moyenne,0,Post-COVID,OUI
RWA,RW,Kigali,2020,co,0.0137470451010886,0.01348,0.0012770719440576,0.01259,0.0239,643,2020-12-28 21:45:00+00:00,2020-12-31 23:55:00+00:00,1156663.0,-1.9536,30.0606,Rwanda,Sub-Saharan Africa ,Low income,75.8419280137536,26.6559195496967,616.87914801177,-3.37368746369782,8.69819879632089,529.624523713012,0.61,2.99194476409666,54.8759333213785,358.132557033915,81.7,66.953,11.1876773408999,,18.6382750394843,661287.648,20.0230149597238,778.701498925026,10174386856.6101,24.5029761132966,13065837.0,,46.5785096073841,24670.0,,0.459320082785107,0.0361782921898024,45.29419458918101,Faible,Rural,Renouvelable,Moyenne,1,COVID,OUI
RWA,RW,Kigali,2020,no2,0.0091576086956521,0.0058,0.0103683316569892,0.0,0.0569,552,2020-12-28 21:55:00+00:00,2020-12-31 23:20:00+00:00,1156663.0,-1.9536,30.0606,Rwanda,Sub-Saharan Africa ,Low income,75.8419280137536,26.6559195496967,616.87914801177,-3.37368746369782,8.69819879632089,529.624523713012,0.61,2.99194476409666,54.8759333213785,358.132557033915,81.7,66.953,11.1876773408999,,18.6382750394843,661287.648,20.0230149597238,778.701498925026,10174386856.6101,24.5029761132966,13065837.0,,46.5785096073841,24670.0,,0.459320082785107,0.0361782921898024,45.29419458918101,Faible,Rural,Renouvelable,Moyenne,1,COVID,OUI
RWA,RW,Kigali,2020,pm25,73.96554364471669,73.7,7.337224899161007,60.1,101.5,653,2020-12-28 21:45:00+00:00,2020-12-31 23:55:00+00:00,1156663.0,-1.9536,30.0606,Rwanda,Sub-Saharan Africa ,Low income,75.8419280137536,26.6559195496967,616.87914801177,-3.37368746369782,8.69819879632089,529.624523713012,0.61,2.99194476409666,54.8759333213785,358.132557033915,81.7,66.953,11.1876773408999,,18.6382750394843,661287.648,20.0230149597238,778.701498925026,10174386856.6101,24.5029761132966,13065837.0,,46.5785096073841,24670.0,,0.459320082785107,0.0361782921898024,45.29419458918101,Faible,Rural,Renouvelable,Moyenne,1,COVID,OUI
RWA,RW,Kigali,2021,co,0.014677574384845,0.0142,0.0014496921736432,0.0,0.02793,9713,2021-01-01 00:00:00+00:00,2021-04-28 20:10:00+00:00,1156663.0,-1.9536,30.0606,Rwanda,Sub-Saharan Africa ,Low income,77.3571126484404,24.0706966220179,639.672021400243,10.8584320184896,8.52382771076354,541.35630320227,0.61,4.30327868852459,60.6502606463671,365.508479917565,79.4,66.85,11.2282124037292,,20.4522932693169,715763.609,19.2622950819672,829.544845263697,11078787090.1564,26.1049092762833,13355260.0,44.1820840550314,47.647336269549,24670.0,,0.4400827745809638,0.0535233667726939,44.5229898913348,Faible,Rural,Renouvelable,Moyenne,0,Post-COVID,OUI
RWA,RW,Kigali,2021,no2,0.0078396909962706,0.0054,0.0074851101343485,0.0,0.0436,5631,2021-01-01 00:20:00+00:00,2021-04-29 23:10:00+00:00,1156663.0,-1.9536,30.0606,Rwanda,Sub-Saharan Africa ,Low income,77.3571126484404,24.0706966220179,639.672021400243,10.8584320184896,8.52382771076354,541.35630320227,0.61,4.30327868852459,60.6502606463671,365.508479917565,79.4,66.85,11.2282124037292,,20.4522932693169,715763.609,19.2622950819672,829.544845263697,11078787090.1564,26.1049092762833,13355260.0,44.1820840550314,47.647336269549,24670.0,,0.4400827745809638,0.0535233667726939,44.5229898913348,Faible,Rural,Renouvelable,Moyenne,0,Post-COVID,OUI
RWA,RW,Kigali,2021,pm25,61.6009009910902,65.3,17.617762453096436,0.0,110.1,9989,2021-01-01 00:00:00+00:00,2021-04-29 23:30:00+00:00,1156663.0,-1.9536,30.0606,Rwanda,Sub-Saharan Africa ,Low income,77.3571126484404,24.0706966220179,639.672021400243,10.8584320184896,8.52382771076354,541.35630320227,0.61,4.30327868852459,60.6502606463671,365.508479917565,79.4,66.85,11.2282124037292,,20.4522932693169,715763.609,19.2622950819672,829.544845263697,11078787090.1564,26.1049092762833,13355260.0,44.1820840550314,47.647336269549,24670.0,,0.4400827745809638,0.0535233667726939,44.5229898913348,Faible,Rural,Renouvelable,Moyenne,0,Post-COVID,OUI
RWA,RW,Kigali,2022,no2,0.0101666666666666,0.0101,0.0005466149273372,0.0093,0.011,12,2022-03-25 01:10:00+00:00,2022-03-25 02:05:00+00:00,1156663.0,-1.9536,30.0606,Rwanda,Sub-Saharan Africa ,Low income,78.8594683891809,24.886975847496,701.452534755723,8.16120720872912,8.41216905490219,553.345358735306,0.61,12.1707538601272,68.1267274337541,372.991402429343,79.9,67.528,11.2687474665586,,21.2695312277805,1429703.1,17.6203451407811,975.469323735369,13316161002.3912,27.7806702737761,13651030.0,44.1547093958443,46.4685596596172,24670.0,,0.3819796417182959,0.1504419512994709,46.1565070752765,Faible,Rural,Renouvelable,Moyenne,0,Post-COVID,OUI
RWA,RW,Kigali,2022,pm25,51.8346716570262,47.7,26.813367378409517,4.7,156.2,2939,2022-03-25 01:10:00+00:00,2022-12-31 22:00:00+00:00,1156663.0,-1.9536,30.0606,Rwanda,Sub-Saharan Africa ,Low income,78.8594683891809,24.886975847496,701.452534755723,8.16120720872912,8.41216905490219,553.345358735306,0.61,12.1707538601272,68.1267274337541,372.991402429343,79.9,67.528,11.2687474665586,,21.2695312277805,1429703.1,17.6203451407811,975.469323735369,13316161002.3912,27.7806702737761,13651030.0,44.1547093958443,46.4685596596172,24670.0,,0.3819796417182959,0.1504419512994709,46.1565070752765,Faible,Rural,Renouvelable,Moyenne,0,Post-COVID,OUI
RWA,RW,Kigali,2023,co,0.0,0.0,0.0,0.0,0.0,5,2023-01-19 07:55:00+00:00,2023-05-04 08:55:00+00:00,1156663.0,-1.9536,30.0606,Rwanda,Sub-Saharan Africa ,Low income,80.3475631851087,26.612127488198,753.747461016108,8.24990302014558,5.99461839278821,565.645358735306,,,,,,67.785,11.3092825293879,39.4,20.703253350416,1537007.678,,1027.03446826565,14331722703.4134,28.8555310645477,13954471.0,45.1251505756161,45.7143367527107,24670.0,,,,47.315380838614,Faible,Rural,,Moyenne,0,Post-COVID,OUI
RWA,RW,Kigali,2023,no2,0.0,0.0,0.0,0.0,0.0,5,2023-01-19 07:55:00+00:00,2023-05-04 08:55:00+00:00,1156663.0,-1.9536,30.0606,Rwanda,Sub-Saharan Africa ,Low income,80.3475631851087,26.612127488198,753.747461016108,8.24990302014558,5.99461839278821,565.645358735306,,,,,,67.785,11.3092825293879,39.4,20.703253350416,1537007.678,,1027.03446826565,14331722703.4134,28.8555310645477,13954471.0,45.1251505756161,45.7143367527107,24670.0,,,,47.315380838614,Faible,Rural,,Moyenne,0,Post-COVID,OUI
RWA,RW,Kigali,2023,pm25,26.533310626703,21.8,26.150867031745317,0.0,140.4,7340,2023-01-01 00:00:00+00:00,2023-12-31 22:00:00+00:00,1156663.0,-1.9536,30.0606,Rwanda,Sub-Saharan Africa ,Low income,80.3475631851087,26.612127488198,753.747461016108,8.24990302014558,5.99461839278821,565.645358735306,,,,,,67.785,11.3092825293879,39.4,20.703253350416,1537007.678,,1027.03446826565,14331722703.4134,28.8555310645477,13954471.0,45.1251505756161,45.7143367527107,24670.0,,,,47.315380838614,Faible,Rural,,Moyenne,0,Post-COVID,OUI
SAU,SA,Jeddah,2020,pm25,25.5,25.5,3.5355339059327378,23.0,28.0,2,2020-06-15 18:00:00+00:00,2020-06-15 19:00:00+00:00,4697000.0,21.5428,39.1728,Saudi Arabia,"Middle East, North Africa, Afghanistan & Pakistan",High income,97.5871417429561,2.95556974627207,10679.8904433653,-3.80478901996312,5.03257353185149,14.6777023663877,23.38,0.0,11356.6876296054,7170.88694947248,0.1,77.596,0.454484134921779,,38.3004545080469,20968865.89,9.06993781671521,24338.8307301067,767951200000.0,83.8064352851942,31552510.0,104.411027399625,54.5874963582755,2149690.0,,0.2946153171312973,0.0,41.256024254318966,Moyen-Élevé,Urbain,Fossile,Moyenne,1,COVID,OUI
SAU,SA,Jeddah,2021,pm25,30.5,30.5,21.920310216782973,15.0,46.0,2,2021-02-18 13:00:00+00:00,2021-11-02 13:00:00+00:00,4697000.0,21.5428,39.1728,Saudi Arabia,"Middle East, North Africa, Afghanistan & Pakistan",High income,97.5922328659359,2.44812792691627,11632.6680104188,6.51959698325419,-2.26763551328465,14.320382473752,23.38,0.0,12069.9836667183,7465.87573152761,0.1,77.089,0.454484134921779,,45.957331100123,29403732.0,9.07064434118542,31920.7653655643,982661066666.667,83.9716349986538,30784383.0,104.280975297041,45.8018349629672,2149690.0,,0.2338804150092978,0.0,48.40545902703927,Moyen-Élevé,Urbain,Fossile,Moyenne,0,Post-COVID,OUI
SAU,SA,Jeddah,2022,pm25,24.60075026795284,19.0,18.94917088383512,2.0,165.0,1866,2022-10-10 17:00:00+00:00,2022-12-31 22:00:00+00:00,4697000.0,21.5428,39.1728,Saudi Arabia,"Middle East, North Africa, Afghanistan & Pakistan",High income,97.5973210358859,2.21479159080364,11773.5976594858,12.0005874752929,4.61320861357201,14.9673785522564,23.38,,11835.3177587823,7529.60103058863,,77.31,0.454484134921779,,53.1237705884733,29005342.249,9.07054978165835,38510.2276211037,1239075200000.0,84.1349430023993,32175224.0,122.158039993668,40.2066530479076,2149690.0,,0.1955170347896803,,55.33856217927694,Moyen-Élevé,Urbain,,Moyenne,0,Post-COVID,OUI
SAU,SA,Jeddah,2023,pm25,20.698661028893586,17.0,14.764277599923872,0.0,242.0,7095,2023-01-01 00:00:00+00:00,2023-12-31 22:00:00+00:00,4697000.0,21.5428,39.1728,Saudi Arabia,"Middle East, North Africa, Afghanistan & Pakistan",High income,97.6024090977173,2.457692991125,12099.7022249814,0.542592439393161,4.82974579214944,15.6779493787476,,,,,,78.732,0.454484134921779,,47.6053309500947,47979994.0,,36156.848337701,1218584533333.33,84.2962388315415,33702731.0,,44.7549856751834,2149690.0,,,,50.0630239412197,Moyen-Élevé,Urbain,,Moyenne,0,Post-COVID,OUI
SDN,SD,Khartoum,2020,pm25,29.1373666343356,20.0,34.95261280219851,0.0,985.0,8248,2020-05-14 13:00:00+00:00,2020-12-31 22:00:00+00:00,7869000.0,15.6031,32.5265,Sudan,Sub-Saharan Africa ,Low income,54.1197261681039,20.3208627544265,947.599182128906,-3.62980082410752,2.93936647448266,25.0477682012848,26.935,0.0,300.4537518473,422.22104307002,62.6,65.124,9.82869379014989,,23.3281861554993,386838.0,21.8535670320652,577.795227050781,27034593750.0,34.5594433789246,46789231.0,,36.2433523276631,1868000.0,2747.0,0.7294825930431803,0.0,43.6490489099258,Faible,Rural,Renouvelable,Grande,1,COVID,OUI
SDN,SD,Khartoum,2021,pm25,43.74238507362032,29.0,53.80609420163662,0.0,985.0,17794,2021-01-01 00:00:00+00:00,2021-12-31 22:00:00+00:00,7869000.0,15.6031,32.5265,Sudan,Sub-Saharan Africa ,Low income,56.9352476681987,6.35709212800824,914.564575195313,-1.8685204827207,2.93317038435042,25.7317580299786,26.935,0.0,304.138454959173,426.11403674166,61.0,64.46,9.73608137044968,,7.36874367318585,1386967.0,22.0748163753345,712.122009277344,34229513774.9936,34.6421563427994,48066924.0,,9.68548551361181,1868000.0,,0.5975331446767026,0.0,13.72583580119409,Faible,Rural,Renouvelable,Grande,0,Post-COVID,OUI
SDN,SD,Khartoum,2022,pm25,45.5825010855406,27.0,64.33422876221775,0.0,985.0,13818,2022-01-01 00:00:00+00:00,2022-12-31 22:00:00+00:00,7869000.0,15.6031,32.5265,Sudan,Sub-Saharan Africa ,Low income,59.8058415120202,5.03129266150122,883.330383300781,-0.957816591119183,2.92918678796511,26.4364807280514,26.935,,278.81869324934,411.780538179181,,65.695,9.64400428265525,,4.8714017457712,1588147.401,22.0750952294576,1046.24084472656,51666875363.0963,34.7209852053086,49383346.0,,6.4480676740207,1868000.0,,0.3932051927240281,,9.90269440727242,Faible,Rural,,Grande,0,Post-COVID,OUI
SDN,SD,Khartoum,2023,pm25,43.49134455774247,28.0,51.07033215936829,1.0,516.0,4217,2023-01-01 00:00:00+00:00,2023-05-04 19:00:00+00:00,7869000.0,15.6031,32.5265,Sudan,Sub-Saharan Africa ,Low income,62.7305457858252,30.2756760074835,624.130187988281,-29.4332718325149,1.54236029441809,26.7895026766595,,,,,,66.331,9.55196466809422,,28.3364187360641,911089.799,,797.283447265625,39898289820.7951,34.7960076976764,50042791.0,,41.3879052564524,1868000.0,,,,58.6120947435476,Faible,Rural,,Grande,0,Post-COVID,OUI
SDN,SD,Omdurman,2020,pm25,29.1373666343356,20.0,34.95261280219851,0.0,985.0,8248,2020-05-14 13:00:00+00:00,2020-12-31 22:00:00+00:00,2805396.0,15.6835,32.4629,Sudan,Sub-Saharan Africa ,Low income,54.1197261681039,20.3208627544265,947.599182128906,-3.62980082410752,2.93936647448266,25.0477682012848,26.935,0.0,300.4537518473,422.22104307002,62.6,65.124,9.82869379014989,,23.3281861554993,386838.0,21.8535670320652,577.795227050781,27034593750.0,34.5594433789246,46789231.0,,36.2433523276631,1868000.0,2747.0,0.7294825930431803,0.0,43.6490489099258,Faible,Rural,Renouvelable,Moyenne,1,COVID,OUI
SDN,SD,Omdurman,2021,pm25,43.74238507362032,29.0,53.80609420163662,0.0,985.0,17794,2021-01-01 00:00:00+00:00,2021-12-31 22:00:00+00:00,2805396.0,15.6835,32.4629,Sudan,Sub-Saharan Africa ,Low income,56.9352476681987,6.35709212800824,914.564575195313,-1.8685204827207,2.93317038435042,25.7317580299786,26.935,0.0,304.138454959173,426.11403674166,61.0,64.46,9.73608137044968,,7.36874367318585,1386967.0,22.0748163753345,712.122009277344,34229513774.9936,34.6421563427994,48066924.0,,9.68548551361181,1868000.0,,0.5975331446767026,0.0,13.72583580119409,Faible,Rural,Renouvelable,Moyenne,0,Post-COVID,OUI
SDN,SD,Omdurman,2022,pm25,45.5825010855406,27.0,64.33422876221775,0.0,985.0,13818,2022-01-01 00:00:00+00:00,2022-12-31 22:00:00+00:00,2805396.0,15.6835,32.4629,Sudan,Sub-Saharan Africa ,Low income,59.8058415120202,5.03129266150122,883.330383300781,-0.957816591119183,2.92918678796511,26.4364807280514,26.935,,278.81869324934,411.780538179181,,65.695,9.64400428265525,,4.8714017457712,1588147.401,22.0750952294576,1046.24084472656,51666875363.0963,34.7209852053086,49383346.0,,6.4480676740207,1868000.0,,0.3932051927240281,,9.90269440727242,Faible,Rural,,Moyenne,0,Post-COVID,OUI
SDN,SD,Omdurman,2023,pm25,43.49134455774247,28.0,51.07033215936829,1.0,516.0,4217,2023-01-01 00:00:00+00:00,2023-05-04 19:00:00+00:00,2805396.0,15.6835,32.4629,Sudan,Sub-Saharan Africa ,Low income,62.7305457858252,30.2756760074835,624.130187988281,-29.4332718325149,1.54236029441809,26.7895026766595,,,,,,66.331,9.55196466809422,,28.3364187360641,911089.799,,797.283447265625,39898289820.7951,34.7960076976764,50042791.0,,41.3879052564524,1868000.0,,,,58.6120947435476,Faible,Rural,,Moyenne,0,Post-COVID,OUI
SRB,RS,Belgrade,2019,o3,38.61526374480789,32.021415000000005,31.20319089780411,0.01663,677.73,7704,2019-01-01 11:00:00+00:00,2019-12-31 22:00:00+00:00,1197714.0,44.8178,20.4569,Serbia,Europe & Central Asia,Upper middle income,97.9156406613819,4.76474851493196,4617.07202537486,4.75020793899014,-0.198834648400159,79.4104161902584,5.618,68.2393617021277,4800.8454717515,2201.72012144367,21.4,75.9365853658537,31.1253144294535,34.5,25.5321158663518,2469081.0,11.5212765957447,7755.632986437,53864693664.5568,61.0492248535156,6945235.0,94.4721908569336,53.1890492036739,87460.0,3724.468,0.2838499804352645,3.046400075987844,30.29686438128376,Moyen-Faible,Semi-urbain,Mixte-Fossile,Moyenne,0,Pre-COVID,OUI
SRB,RS,Belgrade,2019,pm10,33.93936847418658,24.35333,30.943928283210894,0.0,250.43667,14353,2019-01-01 11:00:00+00:00,2019-12-31 22:00:00+00:00,1197714.0,44.8178,20.4569,Serbia,Europe & Central Asia,Upper middle income,97.9156406613819,4.76474851493196,4617.07202537486,4.75020793899014,-0.198834648400159,79.4104161902584,5.618,68.2393617021277,4800.8454717515,2201.72012144367,21.4,75.9365853658537,31.1253144294535,34.5,25.5321158663518,2469081.0,11.5212765957447,7755.632986437,53864693664.5568,61.0492248535156,6945235.0,94.4721908569336,53.1890492036739,87460.0,3724.468,0.2838499804352645,3.046400075987844,30.29686438128376,Moyen-Faible,Semi-urbain,Mixte-Fossile,Moyenne,0,Pre-COVID,OUI
SRB,RS,Belgrade,2019,pm25,22.31788913535032,14.6475,24.245346987347496,0.225,172.35833,6280,2019-03-17 12:00:00+00:00,2019-12-31 22:00:00+00:00,1197714.0,44.8178,20.4569,Serbia,Europe & Central Asia,Upper middle income,97.9156406613819,4.76474851493196,4617.07202537486,4.75020793899014,-0.198834648400159,79.4104161902584,5.618,68.2393617021277,4800.8454717515,2201.72012144367,21.4,75.9365853658537,31.1253144294535,34.5,25.5321158663518,2469081.0,11.5212765957447,7755.632986437,53864693664.5568,61.0492248535156,6945235.0,94.4721908569336,53.1890492036739,87460.0,3724.468,0.2838499804352645,3.046400075987844,30.29686438128376,Moyen-Faible,Semi-urbain,Mixte-Fossile,Moyenne,0,Pre-COVID,OUI
SRB,RS,Belgrade,2019,so2,11.262724682145716,9.31695,10.816134662827071,0.97244,329.58309,6245,2019-03-17 15:00:00+00:00,2019-12-31 22:00:00+00:00,1197714.0,44.8178,20.4569,Serbia,Europe & Central Asia,Upper middle income,97.9156406613819,4.76474851493196,4617.07202537486,4.75020793899014,-0.198834648400159,79.4104161902584,5.618,68.2393617021277,4800.8454717515,2201.72012144367,21.4,75.9365853658537,31.1253144294535,34.5,25.5321158663518,2469081.0,11.5212765957447,7755.632986437,53864693664.5568,61.0492248535156,6945235.0,94.4721908569336,53.1890492036739,87460.0,3724.468,0.2838499804352645,3.046400075987844,30.29686438128376,Moyen-Faible,Semi-urbain,Mixte-Fossile,Moyenne,0,Pre-COVID,OUI
SRB,RS,Belgrade,2020,no2,35.61875871722846,34.33815,17.38602249495187,4.74399,133.61607,1068,2020-11-06 22:00:00+00:00,2020-12-31 22:00:00+00:00,1197714.0,44.8178,20.4569,Serbia,Europe & Central Asia,Upper middle income,97.9188486059038,5.05373769401741,4552.55374986625,-0.950023991851594,-0.38152770126292,82.0445475086217,5.098,69.8018758562546,4778.43135492815,2291.6081874127,26.0,74.4780487804878,32.3778094898323,35.0,24.2814549023693,795228.0,11.5502160396248,8098.70955668849,55874017668.998,61.223201751709,6899126.0,92.2411727905273,54.5312198459318,84090.0,3333.422,0.2829247359271494,2.5852546613427627,29.33519259638671,Moyen-Faible,Semi-urbain,Mixte-Fossile,Moyenne,1,COVID,OUI
SRB,RS,Belgrade,2020,o3,32.7746670044458,28.61163,25.180971029729367,0.0,131.38738,6523,2020-01-01 00:00:00+00:00,2020-12-31 22:00:00+00:00,1197714.0,44.8178,20.4569,Serbia,Europe & Central Asia,Upper middle income,97.9188486059038,5.05373769401741,4552.55374986625,-0.950023991851594,-0.38152770126292,82.0445475086217,5.098,69.8018758562546,4778.43135492815,2291.6081874127,26.0,74.4780487804878,32.3778094898323,35.0,24.2814549023693,795228.0,11.5502160396248,8098.70955668849,55874017668.998,61.223201751709,6899126.0,92.2411727905273,54.5312198459318,84090.0,3333.422,0.2829247359271494,2.5852546613427627,29.33519259638671,Moyen-Faible,Semi-urbain,Mixte-Fossile,Moyenne,1,COVID,OUI
SRB,RS,Belgrade,2020,pm10,34.99054851680012,24.13158,37.29649755455005,0.71722,554.57833,13363,2020-01-01 00:00:00+00:00,2020-12-31 22:00:00+00:00,1197714.0,44.8178,20.4569,Serbia,Europe & Central Asia,Upper middle income,97.9188486059038,5.05373769401741,4552.55374986625,-0.950023991851594,-0.38152770126292,82.0445475086217,5.098,69.8018758562546,4778.43135492815,2291.6081874127,26.0,74.4780487804878,32.3778094898323,35.0,24.2814549023693,795228.0,11.5502160396248,8098.70955668849,55874017668.998,61.223201751709,6899126.0,92.2411727905273,54.5312198459318,84090.0,3333.422,0.2829247359271494,2.5852546613427627,29.33519259638671,Moyen-Faible,Semi-urbain,Mixte-Fossile,Moyenne,1,COVID,OUI
SRB,RS,Belgrade,2020,pm25,25.16952885831985,15.855,27.06881125493567,0.33667,257.82333,6797,2020-01-01 00:00:00+00:00,2020-12-31 22:00:00+00:00,1197714.0,44.8178,20.4569,Serbia,Europe & Central Asia,Upper middle income,97.9188486059038,5.05373769401741,4552.55374986625,-0.950023991851594,-0.38152770126292,82.0445475086217,5.098,69.8018758562546,4778.43135492815,2291.6081874127,26.0,74.4780487804878,32.3778094898323,35.0,24.2814549023693,795228.0,11.5502160396248,8098.70955668849,55874017668.998,61.223201751709,6899126.0,92.2411727905273,54.5312198459318,84090.0,3333.422,0.2829247359271494,2.5852546613427627,29.33519259638671,Moyen-Faible,Semi-urbain,Mixte-Fossile,Moyenne,1,COVID,OUI
SRB,RS,Belgrade,2020,so2,13.197163148523453,9.65382,16.965481894427295,0.3493,574.45194,6908,2020-01-01 00:00:00+00:00,2020-12-31 22:00:00+00:00,1197714.0,44.8178,20.4569,Serbia,Europe & Central Asia,Upper middle income,97.9188486059038,5.05373769401741,4552.55374986625,-0.950023991851594,-0.38152770126292,82.0445475086217,5.098,69.8018758562546,4778.43135492815,2291.6081874127,26.0,74.4780487804878,32.3778094898323,35.0,24.2814549023693,795228.0,11.5502160396248,8098.70955668849,55874017668.998,61.223201751709,6899126.0,92.2411727905273,54.5312198459318,84090.0,3333.422,0.2829247359271494,2.5852546613427627,29.33519259638671,Moyen-Faible,Semi-urbain,Mixte-Fossile,Moyenne,1,COVID,OUI
SRB,RS,Belgrade,2021,no2,44.5487447730317,40.41639,25.6551240010776,3.20092,197.06377,6719,2021-01-01 00:00:00+00:00,2021-12-31 22:00:00+00:00,1197714.0,44.8178,20.4569,Serbia,Europe & Central Asia,Upper middle income,97.9231088276216,5.15586469879064,4950.21270488321,7.94905650472278,-0.714143222262138,81.2739445831847,4.831,62.2989407610828,5034.14674687745,2355.24230805463,27.2,72.780487804878,32.3812581757641,33.1,24.3847589364029,1276465.0,11.7196286125278,9680.52798074468,66159884072.5308,61.363899230957,6834326.0,92.3795013427734,54.2584607355448,84090.0,3348.077,0.2432717555264939,2.209182296492298,29.54062363519354,Moyen-Faible,Semi-urbain,Mixte-Fossile,Moyenne,0,Post-COVID,OUI
SRB,RS,Belgrade,2021,o3,46.60605736200933,42.22085,31.01013010360028,0.60515,191.79598,6649,2021-01-01 00:00:00+00:00,2021-12-31 22:00:00+00:00,1197714.0,44.8178,20.4569,Serbia,Europe & Central Asia,Upper middle income,97.9231088276216,5.15586469879064,4950.21270488321,7.94905650472278,-0.714143222262138,81.2739445831847,4.831,62.2989407610828,5034.14674687745,2355.24230805463,27.2,72.780487804878,32.3812581757641,33.1,24.3847589364029,1276465.0,11.7196286125278,9680.52798074468,66159884072.5308,61.363899230957,6834326.0,92.3795013427734,54.2584607355448,84090.0,3348.077,0.2432717555264939,2.209182296492298,29.54062363519354,Moyen-Faible,Semi-urbain,Mixte-Fossile,Moyenne,0,Post-COVID,OUI
SRB,RS,Belgrade,2021,pm10,31.406180056239208,25.88833,22.234814055222216,0.64667,227.10833,17959,2021-01-01 00:00:00+00:00,2021-12-31 22:00:00+00:00,1197714.0,44.8178,20.4569,Serbia,Europe & Central Asia,Upper middle income,97.9231088276216,5.15586469879064,4950.21270488321,7.94905650472278,-0.714143222262138,81.2739445831847,4.831,62.2989407610828,5034.14674687745,2355.24230805463,27.2,72.780487804878,32.3812581757641,33.1,24.3847589364029,1276465.0,11.7196286125278,9680.52798074468,66159884072.5308,61.363899230957,6834326.0,92.3795013427734,54.2584607355448,84090.0,3348.077,0.2432717555264939,2.209182296492298,29.54062363519354,Moyen-Faible,Semi-urbain,Mixte-Fossile,Moyenne,0,Post-COVID,OUI
SRB,RS,Belgrade,2021,pm25,24.574745432867378,19.11542,19.24478334602185,0.54333,167.46167,17026,2021-01-01 00:00:00+00:00,2021-12-31 22:00:00+00:00,1197714.0,44.8178,20.4569,Serbia,Europe & Central Asia,Upper middle income,97.9231088276216,5.15586469879064,4950.21270488321,7.94905650472278,-0.714143222262138,81.2739445831847,4.831,62.2989407610828,5034.14674687745,2355.24230805463,27.2,72.780487804878,32.3812581757641,33.1,24.3847589364029,1276465.0,11.7196286125278,9680.52798074468,66159884072.5308,61.363899230957,6834326.0,92.3795013427734,54.2584607355448,84090.0,3348.077,0.2432717555264939,2.209182296492298,29.54062363519354,Moyen-Faible,Semi-urbain,Mixte-Fossile,Moyenne,0,Post-COVID,OUI
SRB,RS,Belgrade,2021,so2,15.132542737873136,12.641925,11.818967034794554,1.15707,188.5799,6432,2021-01-01 00:00:00+00:00,2021-12-31 22:00:00+00:00,1197714.0,44.8178,20.4569,Serbia,Europe & Central Asia,Upper middle income,97.9231088276216,5.15586469879064,4950.21270488321,7.94905650472278,-0.714143222262138,81.2739445831847,4.831,62.2989407610828,5034.14674687745,2355.24230805463,27.2,72.780487804878,32.3812581757641,33.1,24.3847589364029,1276465.0,11.7196286125278,9680.52798074468,66159884072.5308,61.363899230957,6834326.0,92.3795013427734,54.2584607355448,84090.0,3348.077,0.2432717555264939,2.209182296492298,29.54062363519354,Moyen-Faible,Semi-urbain,Mixte-Fossile,Moyenne,0,Post-COVID,OUI
SRB,RS,Belgrade,2022,no2,40.02633473896088,34.46089,24.062466654252365,3.72059,202.49959,7949,2022-01-01 00:00:00+00:00,2022-12-31 22:00:00+00:00,1197714.0,44.8178,20.4569,Serbia,Europe & Central Asia,Upper middle income,97.9283883905418,5.33794223775032,5252.78832408601,2.70347705543654,-1.64497990270082,79.2537638244738,5.091,66.3080822303576,5113.70107266182,2440.9165854049,,75.2365853658537,32.3858163872042,32.8,25.2215655826672,2406000.0,11.7741481272881,10024.8191112596,66809895701.2152,61.9013813540396,6664449.0,91.9540023803711,54.2740773134141,84090.0,,0.2434630585608315,,30.55950782041752,Moyen-Faible,Semi-urbain,,Moyenne,0,Post-COVID,OUI
SRB,RS,Belgrade,2022,o3,48.63968452448786,45.42615,34.488677672987976,0.0,201.2024,7371,2022-01-01 00:00:00+00:00,2022-12-31 22:00:00+00:00,1197714.0,44.8178,20.4569,Serbia,Europe & Central Asia,Upper middle income,97.9283883905418,5.33794223775032,5252.78832408601,2.70347705543654,-1.64497990270082,79.2537638244738,5.091,66.3080822303576,5113.70107266182,2440.9165854049,,75.2365853658537,32.3858163872042,32.8,25.2215655826672,2406000.0,11.7741481272881,10024.8191112596,66809895701.2152,61.9013813540396,6664449.0,91.9540023803711,54.2740773134141,84090.0,,0.2434630585608315,,30.55950782041752,Moyen-Faible,Semi-urbain,,Moyenne,0,Post-COVID,OUI
SRB,RS,Belgrade,2022,pm10,29.863321219574036,23.38333,24.73774317613433,0.0,821.22069,23664,2022-01-01 00:00:00+00:00,2022-12-31 22:00:00+00:00,1197714.0,44.8178,20.4569,Serbia,Europe & Central Asia,Upper middle income,97.9283883905418,5.33794223775032,5252.78832408601,2.70347705543654,-1.64497990270082,79.2537638244738,5.091,66.3080822303576,5113.70107266182,2440.9165854049,,75.2365853658537,32.3858163872042,32.8,25.2215655826672,2406000.0,11.7741481272881,10024.8191112596,66809895701.2152,61.9013813540396,6664449.0,91.9540023803711,54.2740773134141,84090.0,,0.2434630585608315,,30.55950782041752,Moyen-Faible,Semi-urbain,,Moyenne,0,Post-COVID,OUI
SRB,RS,Belgrade,2022,pm25,20.99145279621653,15.289829999999998,18.46549246010364,0.0,160.76167,23682,2022-01-01 00:00:00+00:00,2022-12-31 22:00:00+00:00,1197714.0,44.8178,20.4569,Serbia,Europe & Central Asia,Upper middle income,97.9283883905418,5.33794223775032,5252.78832408601,2.70347705543654,-1.64497990270082,79.2537638244738,5.091,66.3080822303576,5113.70107266182,2440.9165854049,,75.2365853658537,32.3858163872042,32.8,25.2215655826672,2406000.0,11.7741481272881,10024.8191112596,66809895701.2152,61.9013813540396,6664449.0,91.9540023803711,54.2740773134141,84090.0,,0.2434630585608315,,30.55950782041752,Moyen-Faible,Semi-urbain,,Moyenne,0,Post-COVID,OUI
SRB,RS,Belgrade,2022,so2,14.1991927814988,10.88723,13.865374448346133,0.0719,356.40616,7913,2022-01-01 00:00:00+00:00,2022-12-31 22:00:00+00:00,1197714.0,44.8178,20.4569,Serbia,Europe & Central Asia,Upper middle income,97.9283883905418,5.33794223775032,5252.78832408601,2.70347705543654,-1.64497990270082,79.2537638244738,5.091,66.3080822303576,5113.70107266182,2440.9165854049,,75.2365853658537,32.3858163872042,32.8,25.2215655826672,2406000.0,11.7741481272881,10024.8191112596,66809895701.2152,61.9013813540396,6664449.0,91.9540023803711,54.2740773134141,84090.0,,0.2434630585608315,,30.55950782041752,Moyen-Faible,Semi-urbain,,Moyenne,0,Post-COVID,OUI
SRB,RS,Belgrade,2023,no2,29.70370800268632,26.2417999166665,22.29828069604051,0.38896,139.9190705,7228,2023-01-01 00:00:00+00:00,2023-12-31 22:00:00+00:00,1197714.0,44.8178,20.4569,Serbia,Europe & Central Asia,Upper middle income,97.9347704722446,3.78653396097272,5311.63027353821,3.74793303561771,-0.230814294620839,78.7630277084077,,58.9102355909761,5089.5468236345,2378.08281785261,,76.2209756097561,32.3896349149721,,23.7759430141513,3868570.0,10.3155370125166,12281.707946167,81343999280.0179,62.1434649229738,6623183.0,,57.7862970567227,84090.0,,0.193612257840481,,27.562476975124017,Moyen-Faible,Semi-urbain,,Moyenne,0,Post-COVID,OUI
SRB,RS,Belgrade,2023,o3,33.29243834634433,28.77123,24.335595061230368,1.47298,125.75815,7245,2023-01-01 00:00:00+00:00,2023-12-31 22:00:00+00:00,1197714.0,44.8178,20.4569,Serbia,Europe & Central Asia,Upper middle income,97.9347704722446,3.78653396097272,5311.63027353821,3.74793303561771,-0.230814294620839,78.7630277084077,,58.9102355909761,5089.5468236345,2378.08281785261,,76.2209756097561,32.3896349149721,,23.7759430141513,3868570.0,10.3155370125166,12281.707946167,81343999280.0179,62.1434649229738,6623183.0,,57.7862970567227,84090.0,,0.193612257840481,,27.562476975124017,Moyen-Faible,Semi-urbain,,Moyenne,0,Post-COVID,OUI
SRB,RS,Belgrade,2023,pm10,25.55254930659133,19.68217,21.906428705536594,0.0,561.17583,21685,2023-01-01 00:00:00+00:00,2023-12-31 22:00:00+00:00,1197714.0,44.8178,20.4569,Serbia,Europe & Central Asia,Upper middle income,97.9347704722446,3.78653396097272,5311.63027353821,3.74793303561771,-0.230814294620839,78.7630277084077,,58.9102355909761,5089.5468236345,2378.08281785261,,76.2209756097561,32.3896349149721,,23.7759430141513,3868570.0,10.3155370125166,12281.707946167,81343999280.0179,62.1434649229738,6623183.0,,57.7862970567227,84090.0,,0.193612257840481,,27.562476975124017,Moyen-Faible,Semi-urbain,,Moyenne,0,Post-COVID,OUI
SRB,RS,Belgrade,2023,pm25,17.93263103005499,12.7085,17.205020108558617,0.0,190.38966,21690,2023-01-01 00:00:00+00:00,2023-12-31 22:00:00+00:00,1197714.0,44.8178,20.4569,Serbia,Europe & Central Asia,Upper middle income,97.9347704722446,3.78653396097272,5311.63027353821,3.74793303561771,-0.230814294620839,78.7630277084077,,58.9102355909761,5089.5468236345,2378.08281785261,,76.2209756097561,32.3896349149721,,23.7759430141513,3868570.0,10.3155370125166,12281.707946167,81343999280.0179,62.1434649229738,6623183.0,,57.7862970567227,84090.0,,0.193612257840481,,27.562476975124017,Moyen-Faible,Semi-urbain,,Moyenne,0,Post-COVID,OUI
SRB,RS,Belgrade,2023,so2,16.27440791597318,13.117715,15.945813569996425,0.0,328.99519,7146,2023-01-01 00:00:00+00:00,2023-12-31 22:00:00+00:00,1197714.0,44.8178,20.4569,Serbia,Europe & Central Asia,Upper middle income,97.9347704722446,3.78653396097272,5311.63027353821,3.74793303561771,-0.230814294620839,78.7630277084077,,58.9102355909761,5089.5468236345,2378.08281785261,,76.2209756097561,32.3896349149721,,23.7759430141513,3868570.0,10.3155370125166,12281.707946167,81343999280.0179,62.1434649229738,6623183.0,,57.7862970567227,84090.0,,0.193612257840481,,27.562476975124017,Moyen-Faible,Semi-urbain,,Moyenne,0,Post-COVID,OUI
SVK,SK,Bratislava,2019,pm10,21.433177791414984,19.1675,13.089988498322905,0.0891,194.7,15562,2019-01-01 11:00:00+00:00,2019-12-31 22:00:00+00:00,475503.0,48.1447,17.1128,Slovak Republic,Europe & Central Asia,High income,97.5318474506964,1.6170097133415,10191.2609453018,2.27589910019393,-0.0920661602068446,113.43899750416,0.5586,9.51325877470634,5213.46417689146,3128.36337933814,17.6,77.6658536585366,40.05615640599,23.2,29.1467840646082,,5.97524090877119,19406.0589683582,105843498304.094,53.3666558664583,5454147.0,91.3246917724609,58.6553990162234,48080.0,3629.154,0.1611971903851433,0.5114655255218462,30.7637937779497,Moyen-Élevé,Semi-urbain,Mixte-Fossile,Petite,0,Pre-COVID,OUI
SVK,SK,Bratislava,2019,pm25,13.90690917469337,11.32,10.266212263451658,0.0011,89.172,14431,2019-01-01 11:00:00+00:00,2019-12-31 22:00:00+00:00,475503.0,48.1447,17.1128,Slovak Republic,Europe & Central Asia,High income,97.5318474506964,1.6170097133415,10191.2609453018,2.27589910019393,-0.0920661602068446,113.43899750416,0.5586,9.51325877470634,5213.46417689146,3128.36337933814,17.6,77.6658536585366,40.05615640599,23.2,29.1467840646082,,5.97524090877119,19406.0589683582,105843498304.094,53.3666558664583,5454147.0,91.3246917724609,58.6553990162234,48080.0,3629.154,0.1611971903851433,0.5114655255218462,30.7637937779497,Moyen-Élevé,Semi-urbain,Mixte-Fossile,Petite,0,Pre-COVID,OUI
SVK,SK,Bratislava,2019,so2,5.510294319464034,3.738095,18.005044219325836,0.0,657.845,5672,2019-01-07 08:00:00+00:00,2019-12-31 11:00:00+00:00,475503.0,48.1447,17.1128,Slovak Republic,Europe & Central Asia,High income,97.5318474506964,1.6170097133415,10191.2609453018,2.27589910019393,-0.0920661602068446,113.43899750416,0.5586,9.51325877470634,5213.46417689146,3128.36337933814,17.6,77.6658536585366,40.05615640599,23.2,29.1467840646082,,5.97524090877119,19406.0589683582,105843498304.094,53.3666558664583,5454147.0,91.3246917724609,58.6553990162234,48080.0,3629.154,0.1611971903851433,0.5114655255218462,30.7637937779497,Moyen-Élevé,Semi-urbain,Mixte-Fossile,Petite,0,Pre-COVID,OUI
SVK,SK,Bratislava,2020,o3,56.996201408760726,53.298,30.727680741317894,3.795,158.265,4543,2020-03-16 19:00:00+00:00,2020-12-31 21:00:00+00:00,475503.0,48.1447,17.1128,Slovak Republic,Europe & Central Asia,High income,97.5326284865492,1.72917824309886,10068.0388303491,-2.58551241733207,-0.136452192519956,113.536335274542,0.555,7.64616131493169,5050.16920301742,3032.64269516845,17.6,76.8658536585366,40.05615640599,24.2,28.5377275498817,2669.0,5.5100908523476,19735.4858280801,107732602896.441,53.2481998906526,5458827.0,90.813346862793,59.4854550464346,48080.0,3626.856,0.1536566702697273,0.411083941662994,30.26690579298056,Moyen-Élevé,Semi-urbain,Mixte-Fossile,Petite,1,COVID,OUI
SVK,SK,Bratislava,2020,pm10,19.440831417001807,16.926649745,12.487109690076265,0.0,147.1,18818,2020-01-01 00:00:00+00:00,2020-12-31 22:00:00+00:00,475503.0,48.1447,17.1128,Slovak Republic,Europe & Central Asia,High income,97.5326284865492,1.72917824309886,10068.0388303491,-2.58551241733207,-0.136452192519956,113.536335274542,0.555,7.64616131493169,5050.16920301742,3032.64269516845,17.6,76.8658536585366,40.05615640599,24.2,28.5377275498817,2669.0,5.5100908523476,19735.4858280801,107732602896.441,53.2481998906526,5458827.0,90.813346862793,59.4854550464346,48080.0,3626.856,0.1536566702697273,0.411083941662994,30.26690579298056,Moyen-Élevé,Semi-urbain,Mixte-Fossile,Petite,1,COVID,OUI
SVK,SK,Bratislava,2020,pm25,15.393998799970552,12.786,11.263518254626588,0.0,159.48,13583,2020-01-01 00:00:00+00:00,2020-12-31 22:00:00+00:00,475503.0,48.1447,17.1128,Slovak Republic,Europe & Central Asia,High income,97.5326284865492,1.72917824309886,10068.0388303491,-2.58551241733207,-0.136452192519956,113.536335274542,0.555,7.64616131493169,5050.16920301742,3032.64269516845,17.6,76.8658536585366,40.05615640599,24.2,28.5377275498817,2669.0,5.5100908523476,19735.4858280801,107732602896.441,53.2481998906526,5458827.0,90.813346862793,59.4854550464346,48080.0,3626.856,0.1536566702697273,0.411083941662994,30.26690579298056,Moyen-Élevé,Semi-urbain,Mixte-Fossile,Petite,1,COVID,OUI
SVK,SK,Bratislava,2020,so2,2.765521799712532,2.27145004,2.840432075975229,0.0,64.8375,9775,2020-01-02 10:00:00+00:00,2020-12-31 22:00:00+00:00,475503.0,48.1447,17.1128,Slovak Republic,Europe & Central Asia,High income,97.5326284865492,1.72917824309886,10068.0388303491,-2.58551241733207,-0.136452192519956,113.536335274542,0.555,7.64616131493169,5050.16920301742,3032.64269516845,17.6,76.8658536585366,40.05615640599,24.2,28.5377275498817,2669.0,5.5100908523476,19735.4858280801,107732602896.441,53.2481998906526,5458827.0,90.813346862793,59.4854550464346,48080.0,3626.856,0.1536566702697273,0.411083941662994,30.26690579298056,Moyen-Élevé,Semi-urbain,Mixte-Fossile,Petite,1,COVID,OUI
SVK,SK,Bratislava,2021,o3,52.38508397218755,49.838,29.102021480307357,2.519,169.87,5609,2021-01-01 00:00:00+00:00,2021-12-31 22:00:00+00:00,475503.0,48.1447,17.1128,Slovak Republic,Europe & Central Asia,High income,97.5341310938748,1.87136287988656,10346.8608611998,5.6558588065555,-0.321426792975625,113.295486688852,0.5662731,7.38606076759062,5404.56491141305,3305.89912789281,17.9,74.6146341463415,40.05615640599,24.1,27.4130374810501,8900.0,4.4976012793177,22123.3342114545,120511265913.343,53.1901479870605,5447247.0,91.0899124145508,60.1256272734401,48080.0,3626.457,0.1494236660998023,0.3907968660100857,29.28440036093666,Moyen-Élevé,Semi-urbain,Mixte-Fossile,Petite,0,Post-COVID,OUI
SVK,SK,Bratislava,2021,pm10,19.069042403946707,16.485,13.69049473722686,0.00035001,394.62,19102,2021-01-01 00:00:00+00:00,2021-12-31 22:00:00+00:00,475503.0,48.1447,17.1128,Slovak Republic,Europe & Central Asia,High income,97.5341310938748,1.87136287988656,10346.8608611998,5.6558588065555,-0.321426792975625,113.295486688852,0.5662731,7.38606076759062,5404.56491141305,3305.89912789281,17.9,74.6146341463415,40.05615640599,24.1,27.4130374810501,8900.0,4.4976012793177,22123.3342114545,120511265913.343,53.1901479870605,5447247.0,91.0899124145508,60.1256272734401,48080.0,3626.457,0.1494236660998023,0.3907968660100857,29.28440036093666,Moyen-Élevé,Semi-urbain,Mixte-Fossile,Petite,0,Post-COVID,OUI
SVK,SK,Bratislava,2021,pm25,14.483157865778054,11.773,11.64403731751764,0.0046,292.51,12904,2021-01-01 00:00:00+00:00,2021-12-31 22:00:00+00:00,475503.0,48.1447,17.1128,Slovak Republic,Europe & Central Asia,High income,97.5341310938748,1.87136287988656,10346.8608611998,5.6558588065555,-0.321426792975625,113.295486688852,0.5662731,7.38606076759062,5404.56491141305,3305.89912789281,17.9,74.6146341463415,40.05615640599,24.1,27.4130374810501,8900.0,4.4976012793177,22123.3342114545,120511265913.343,53.1901479870605,5447247.0,91.0899124145508,60.1256272734401,48080.0,3626.457,0.1494236660998023,0.3907968660100857,29.28440036093666,Moyen-Élevé,Semi-urbain,Mixte-Fossile,Petite,0,Post-COVID,OUI
SVK,SK,Bratislava,2021,so2,3.757586887700715,3.16194,4.6206261066353,0.0,296.803,11895,2021-01-01 00:00:00+00:00,2021-12-31 22:00:00+00:00,475503.0,48.1447,17.1128,Slovak Republic,Europe & Central Asia,High income,97.5341310938748,1.87136287988656,10346.8608611998,5.6558588065555,-0.321426792975625,113.295486688852,0.5662731,7.38606076759062,5404.56491141305,3305.89912789281,17.9,74.6146341463415,40.05615640599,24.1,27.4130374810501,8900.0,4.4976012793177,22123.3342114545,120511265913.343,53.1901479870605,5447247.0,91.0899124145508,60.1256272734401,48080.0,3626.457,0.1494236660998023,0.3907968660100857,29.28440036093666,Moyen-Élevé,Semi-urbain,Mixte-Fossile,Petite,0,Post-COVID,OUI
SVK,SK,Bratislava,2022,o3,57.36054939242316,55.213,31.570087233974736,1.699,163.682,6995,2022-01-01 00:00:00+00:00,2022-12-31 22:00:00+00:00,475503.0,48.1447,17.1128,Slovak Republic,Europe & Central Asia,High income,97.5363631509113,1.930396226685,11011.2383850833,0.544591632137454,-0.284625106800357,112.973211314476,0.56362352,7.65332737163723,4957.70057248564,3089.1457459111,,76.9658536585366,40.05615640599,24.1,26.5461918036068,1925.454,4.92212534466056,21317.7943982363,115792972358.209,53.1902831072528,5431752.0,92.2043075561523,60.6244300812706,48080.0,,0.1449024596891213,,28.4765880302918,Moyen-Élevé,Semi-urbain,,Petite,0,Post-COVID,OUI
SVK,SK,Bratislava,2022,pm10,18.12529605641909,15.849,11.434690067342846,0.0442,131.14270019,22673,2022-01-01 00:00:00+00:00,2022-12-31 22:00:00+00:00,475503.0,48.1447,17.1128,Slovak Republic,Europe & Central Asia,High income,97.5363631509113,1.930396226685,11011.2383850833,0.544591632137454,-0.284625106800357,112.973211314476,0.56362352,7.65332737163723,4957.70057248564,3089.1457459111,,76.9658536585366,40.05615640599,24.1,26.5461918036068,1925.454,4.92212534466056,21317.7943982363,115792972358.209,53.1902831072528,5431752.0,92.2043075561523,60.6244300812706,48080.0,,0.1449024596891213,,28.4765880302918,Moyen-Élevé,Semi-urbain,,Petite,0,Post-COVID,OUI
SVK,SK,Bratislava,2022,pm25,11.991991336764318,9.73875,9.114309221282651,0.0089,178.65,15156,2022-01-01 00:00:00+00:00,2022-12-31 22:00:00+00:00,475503.0,48.1447,17.1128,Slovak Republic,Europe & Central Asia,High income,97.5363631509113,1.930396226685,11011.2383850833,0.544591632137454,-0.284625106800357,112.973211314476,0.56362352,7.65332737163723,4957.70057248564,3089.1457459111,,76.9658536585366,40.05615640599,24.1,26.5461918036068,1925.454,4.92212534466056,21317.7943982363,115792972358.209,53.1902831072528,5431752.0,92.2043075561523,60.6244300812706,48080.0,,0.1449024596891213,,28.4765880302918,Moyen-Élevé,Semi-urbain,,Petite,0,Post-COVID,OUI
SVK,SK,Bratislava,2022,so2,3.6876993669186975,2.98824,4.0525256118245245,0.03149999,180.109,14231,2022-01-01 00:00:00+00:00,2022-12-31 22:00:00+00:00,475503.0,48.1447,17.1128,Slovak Republic,Europe & Central Asia,High income,97.5363631509113,1.930396226685,11011.2383850833,0.544591632137454,-0.284625106800357,112.973211314476,0.56362352,7.65332737163723,4957.70057248564,3089.1457459111,,76.9658536585366,40.05615640599,24.1,26.5461918036068,1925.454,4.92212534466056,21317.7943982363,115792972358.209,53.1902831072528,5431752.0,92.2043075561523,60.6244300812706,48080.0,,0.1449024596891213,,28.4765880302918,Moyen-Élevé,Semi-urbain,,Petite,0,Post-COVID,OUI
SVK,SK,Bratislava,2023,o3,57.80491257738185,57.151,32.42095916856725,0.805,171.674,6623,2023-01-01 00:00:00+00:00,2023-12-31 22:00:00+00:00,475503.0,48.1447,17.1128,Slovak Republic,Europe & Central Asia,High income,97.5393256080188,2.12570153523878,10673.6457163897,2.11263633214959,-0.0913137556435059,112.868968386023,,5.62485369360934,4673.89261324478,3054.72438218715,,78.0170731707317,40.05615640599,23.8,29.2081158245654,,3.73541116275959,24614.8734642794,133578518423.544,53.190805019646,5426740.0,92.6436767578125,60.0252424547974,48080.0,,0.1240957135492235,,31.33381735980418,Moyen-Élevé,Semi-urbain,,Petite,0,Post-COVID,OUI
SVK,SK,Bratislava,2023,pm10,15.572443529431716,14.298,9.295187033454036,0.0074,82.484,20166,2023-01-01 00:00:00+00:00,2023-12-31 22:00:00+00:00,475503.0,48.1447,17.1128,Slovak Republic,Europe & Central Asia,High income,97.5393256080188,2.12570153523878,10673.6457163897,2.11263633214959,-0.0913137556435059,112.868968386023,,5.62485369360934,4673.89261324478,3054.72438218715,,78.0170731707317,40.05615640599,23.8,29.2081158245654,,3.73541116275959,24614.8734642794,133578518423.544,53.190805019646,5426740.0,92.6436767578125,60.0252424547974,48080.0,,0.1240957135492235,,31.33381735980418,Moyen-Élevé,Semi-urbain,,Petite,0,Post-COVID,OUI
SVK,SK,Bratislava,2023,pm25,11.236071951410658,9.88005,7.887745442829906,0.0,71.605,12760,2023-01-01 00:00:00+00:00,2023-12-31 22:00:00+00:00,475503.0,48.1447,17.1128,Slovak Republic,Europe & Central Asia,High income,97.5393256080188,2.12570153523878,10673.6457163897,2.11263633214959,-0.0913137556435059,112.868968386023,,5.62485369360934,4673.89261324478,3054.72438218715,,78.0170731707317,40.05615640599,23.8,29.2081158245654,,3.73541116275959,24614.8734642794,133578518423.544,53.190805019646,5426740.0,92.6436767578125,60.0252424547974,48080.0,,0.1240957135492235,,31.33381735980418,Moyen-Élevé,Semi-urbain,,Petite,0,Post-COVID,OUI
SVK,SK,Bratislava,2023,so2,3.2485811849549124,2.68327498,3.266585891389061,0.0,93.75944519,12642,2023-01-01 00:00:00+00:00,2023-12-31 22:00:00+00:00,475503.0,48.1447,17.1128,Slovak Republic,Europe & Central Asia,High income,97.5393256080188,2.12570153523878,10673.6457163897,2.11263633214959,-0.0913137556435059,112.868968386023,,5.62485369360934,4673.89261324478,3054.72438218715,,78.0170731707317,40.05615640599,23.8,29.2081158245654,,3.73541116275959,24614.8734642794,133578518423.544,53.190805019646,5426740.0,92.6436767578125,60.0252424547974,48080.0,,0.1240957135492235,,31.33381735980418,Moyen-Élevé,Semi-urbain,,Petite,0,Post-COVID,OUI
SWE,SE,Gothenburg,2020,no2,15.976922007130348,11.9,13.751248729343,0.0,103.9,7994,2020-05-06 20:00:00+00:00,2020-12-31 22:00:00+00:00,674529.0,57.7075,11.9675,Sweden,Europe & Central Asia,High income,98.8147945547194,1.19622450679304,23421.4764766768,-1.93379704032216,0.988642012430427,25.4209438224317,2.483,0.402238865185891,12607.4980668265,4284.99805555044,57.8,82.3560975609756,68.6996660773915,28.9,21.8184248297627,14105839.7975,5.06918630556725,52568.5726980146,544265668451.678,87.9424046895699,10353442.0,136.426132202148,65.6476199690595,407280.0,9711.0,0.0815109926832688,0.0068407970269709,23.014649336555745,Élevé,Très urbain,Mixte-Renouvelable,Petite,1,COVID,OUI
SWE,SE,Gothenburg,2020,o3,47.574869821145576,49.6,23.57951746099612,0.1,133.7,4417,2020-05-08 07:00:00+00:00,2020-12-31 22:00:00+00:00,674529.0,57.7075,11.9675,Sweden,Europe & Central Asia,High income,98.8147945547194,1.19622450679304,23421.4764766768,-1.93379704032216,0.988642012430427,25.4209438224317,2.483,0.402238865185891,12607.4980668265,4284.99805555044,57.8,82.3560975609756,68.6996660773915,28.9,21.8184248297627,14105839.7975,5.06918630556725,52568.5726980146,544265668451.678,87.9424046895699,10353442.0,136.426132202148,65.6476199690595,407280.0,9711.0,0.0815109926832688,0.0068407970269709,23.014649336555745,Élevé,Très urbain,Mixte-Renouvelable,Petite,1,COVID,OUI
SWE,SE,Gothenburg,2020,pm10,17.219098906323012,13.5209,17.872618294338338,0.0,546.925,7362,2020-05-06 21:00:00+00:00,2020-12-31 22:00:00+00:00,674529.0,57.7075,11.9675,Sweden,Europe & Central Asia,High income,98.8147945547194,1.19622450679304,23421.4764766768,-1.93379704032216,0.988642012430427,25.4209438224317,2.483,0.402238865185891,12607.4980668265,4284.99805555044,57.8,82.3560975609756,68.6996660773915,28.9,21.8184248297627,14105839.7975,5.06918630556725,52568.5726980146,544265668451.678,87.9424046895699,10353442.0,136.426132202148,65.6476199690595,407280.0,9711.0,0.0815109926832688,0.0068407970269709,23.014649336555745,Élevé,Très urbain,Mixte-Renouvelable,Petite,1,COVID,OUI
SWE,SE,Gothenburg,2020,pm25,6.569818549093932,5.61305,4.781001127522215,0.0,49.3358,3609,2020-05-06 21:00:00+00:00,2020-12-31 22:00:00+00:00,674529.0,57.7075,11.9675,Sweden,Europe & Central Asia,High income,98.8147945547194,1.19622450679304,23421.4764766768,-1.93379704032216,0.988642012430427,25.4209438224317,2.483,0.402238865185891,12607.4980668265,4284.99805555044,57.8,82.3560975609756,68.6996660773915,28.9,21.8184248297627,14105839.7975,5.06918630556725,52568.5726980146,544265668451.678,87.9424046895699,10353442.0,136.426132202148,65.6476199690595,407280.0,9711.0,0.0815109926832688,0.0068407970269709,23.014649336555745,Élevé,Très urbain,Mixte-Renouvelable,Petite,1,COVID,OUI
SWE,SE,Gothenburg,2021,no2,20.930119383586312,15.2,17.92280599981641,0.1,132.8,11661,2021-01-01 00:00:00+00:00,2021-12-31 22:00:00+00:00,674529.0,57.7075,11.9675,Sweden,Europe & Central Asia,High income,98.7911500544417,1.15942751247748,24753.8384370764,5.2258643028773,0.863775743315115,25.5740792575133,2.483,0.433648820125962,13017.9973503743,4558.74420693219,57.9,83.0560975609756,68.6996660773915,29.8,22.5774120669797,20067143.633,6.19157382507363,60647.5416365347,631693331300.776,88.1741651958315,10415811.0,138.688186645508,64.8989803904197,407280.0,9714.0,0.075166592368414,0.0073624587457718,23.736839579457182,Élevé,Très urbain,Mixte-Renouvelable,Petite,0,Post-COVID,OUI
SWE,SE,Gothenburg,2021,o3,51.74800773119239,54.7,24.602039110046984,0.5,139.0,6726,2021-01-01 00:00:00+00:00,2021-12-31 22:00:00+00:00,674529.0,57.7075,11.9675,Sweden,Europe & Central Asia,High income,98.7911500544417,1.15942751247748,24753.8384370764,5.2258643028773,0.863775743315115,25.5740792575133,2.483,0.433648820125962,13017.9973503743,4558.74420693219,57.9,83.0560975609756,68.6996660773915,29.8,22.5774120669797,20067143.633,6.19157382507363,60647.5416365347,631693331300.776,88.1741651958315,10415811.0,138.688186645508,64.8989803904197,407280.0,9714.0,0.075166592368414,0.0073624587457718,23.736839579457182,Élevé,Très urbain,Mixte-Renouvelable,Petite,0,Post-COVID,OUI
SWE,SE,Gothenburg,2021,pm10,19.939013036426932,13.40505,27.332554724560183,0.0,399.4,10484,2021-01-01 00:00:00+00:00,2021-12-31 22:00:00+00:00,674529.0,57.7075,11.9675,Sweden,Europe & Central Asia,High income,98.7911500544417,1.15942751247748,24753.8384370764,5.2258643028773,0.863775743315115,25.5740792575133,2.483,0.433648820125962,13017.9973503743,4558.74420693219,57.9,83.0560975609756,68.6996660773915,29.8,22.5774120669797,20067143.633,6.19157382507363,60647.5416365347,631693331300.776,88.1741651958315,10415811.0,138.688186645508,64.8989803904197,407280.0,9714.0,0.075166592368414,0.0073624587457718,23.736839579457182,Élevé,Très urbain,Mixte-Renouvelable,Petite,0,Post-COVID,OUI
SWE,SE,Gothenburg,2021,pm25,5.890613561836735,4.37875,5.120099361654332,0.0,36.5247,3969,2021-01-01 00:00:00+00:00,2021-12-31 20:00:00+00:00,674529.0,57.7075,11.9675,Sweden,Europe & Central Asia,High income,98.7911500544417,1.15942751247748,24753.8384370764,5.2258643028773,0.863775743315115,25.5740792575133,2.483,0.433648820125962,13017.9973503743,4558.74420693219,57.9,83.0560975609756,68.6996660773915,29.8,22.5774120669797,20067143.633,6.19157382507363,60647.5416365347,631693331300.776,88.1741651958315,10415811.0,138.688186645508,64.8989803904197,407280.0,9714.0,0.075166592368414,0.0073624587457718,23.736839579457182,Élevé,Très urbain,Mixte-Renouvelable,Petite,0,Post-COVID,OUI
SWE,SE,Gothenburg,2022,no2,16.48332453051741,12.3101,14.09499563561748,0.301844,113.6,14418,2022-01-01 00:00:00+00:00,2022-12-31 22:00:00+00:00,674529.0,57.7075,11.9675,Sweden,Europe & Central Asia,High income,98.767447686991,1.23876992958721,25157.3900760257,1.25543620445816,0.940742830784127,25.7487256923983,2.483,0.365559976668842,12418.3973191038,4323.66572139304,,83.0585365853659,68.6996660773915,31.6,23.7592056275214,15229955.0,5.60698548732668,54836.8907235124,575071237640.921,88.4038576504809,10486941.0,139.406524658203,63.6853972765011,407280.0,,0.0788444935490419,,24.99797555710861,Élevé,Très urbain,,Petite,0,Post-COVID,OUI
SWE,SE,Gothenburg,2022,o3,54.44030958168096,57.3,24.15745594308559,0.4,151.4,7817,2022-01-01 00:00:00+00:00,2022-12-31 22:00:00+00:00,674529.0,57.7075,11.9675,Sweden,Europe & Central Asia,High income,98.767447686991,1.23876992958721,25157.3900760257,1.25543620445816,0.940742830784127,25.7487256923983,2.483,0.365559976668842,12418.3973191038,4323.66572139304,,83.0585365853659,68.6996660773915,31.6,23.7592056275214,15229955.0,5.60698548732668,54836.8907235124,575071237640.921,88.4038576504809,10486941.0,139.406524658203,63.6853972765011,407280.0,,0.0788444935490419,,24.99797555710861,Élevé,Très urbain,,Petite,0,Post-COVID,OUI
SWE,SE,Gothenburg,2022,pm10,20.694440377965037,15.0828,22.37290763313967,0.0,376.0,14300,2022-01-01 00:00:00+00:00,2022-12-31 22:00:00+00:00,674529.0,57.7075,11.9675,Sweden,Europe & Central Asia,High income,98.767447686991,1.23876992958721,25157.3900760257,1.25543620445816,0.940742830784127,25.7487256923983,2.483,0.365559976668842,12418.3973191038,4323.66572139304,,83.0585365853659,68.6996660773915,31.6,23.7592056275214,15229955.0,5.60698548732668,54836.8907235124,575071237640.921,88.4038576504809,10486941.0,139.406524658203,63.6853972765011,407280.0,,0.0788444935490419,,24.99797555710861,Élevé,Très urbain,,Petite,0,Post-COVID,OUI
SWE,SE,Gothenburg,2022,pm25,6.758237344397715,5.88804,4.8277977006699215,0.0,50.5554,6301,2022-01-01 00:00:00+00:00,2022-12-31 21:00:00+00:00,674529.0,57.7075,11.9675,Sweden,Europe & Central Asia,High income,98.767447686991,1.23876992958721,25157.3900760257,1.25543620445816,0.940742830784127,25.7487256923983,2.483,0.365559976668842,12418.3973191038,4323.66572139304,,83.0585365853659,68.6996660773915,31.6,23.7592056275214,15229955.0,5.60698548732668,54836.8907235124,575071237640.921,88.4038576504809,10486941.0,139.406524658203,63.6853972765011,407280.0,,0.0788444935490419,,24.99797555710861,Élevé,Très urbain,,Petite,0,Post-COVID,OUI
SWE,SE,Gothenburg,2023,no2,14.989404883844694,11.5,12.34246394840022,0.0533429,108.7,12646,2023-01-01 00:00:00+00:00,2023-12-31 22:00:00+00:00,674529.0,57.7075,11.9675,Sweden,Europe & Central Asia,High income,98.7436812461122,1.28228230721285,24401.3563158478,-0.204061304891439,0.729572724546331,25.8713678886243,,0.398571884426195,12149.5179863926,4288.83333908122,,83.309756097561,68.7013529108454,29.3,22.5872661861018,19554551.0,5.77146538385122,54950.2834725622,578990915246.07,88.631216160938,10536632.0,134.244293212891,65.4646684204795,407270.0,,0.0780479193215329,,23.86954849331465,Élevé,Très urbain,,Petite,0,Post-COVID,OUI
SWE,SE,Gothenburg,2023,o3,57.32996331621423,59.4,25.356815906732464,0.0,175.6,6815,2023-01-01 00:00:00+00:00,2023-12-31 22:00:00+00:00,674529.0,57.7075,11.9675,Sweden,Europe & Central Asia,High income,98.7436812461122,1.28228230721285,24401.3563158478,-0.204061304891439,0.729572724546331,25.8713678886243,,0.398571884426195,12149.5179863926,4288.83333908122,,83.309756097561,68.7013529108454,29.3,22.5872661861018,19554551.0,5.77146538385122,54950.2834725622,578990915246.07,88.631216160938,10536632.0,134.244293212891,65.4646684204795,407270.0,,0.0780479193215329,,23.86954849331465,Élevé,Très urbain,,Petite,0,Post-COVID,OUI
SWE,SE,Gothenburg,2023,pm10,16.99911717167279,13.3976,17.354903583833746,0.0,377.651,12518,2023-01-01 00:00:00+00:00,2023-12-31 22:00:00+00:00,674529.0,57.7075,11.9675,Sweden,Europe & Central Asia,High income,98.7436812461122,1.28228230721285,24401.3563158478,-0.204061304891439,0.729572724546331,25.8713678886243,,0.398571884426195,12149.5179863926,4288.83333908122,,83.309756097561,68.7013529108454,29.3,22.5872661861018,19554551.0,5.77146538385122,54950.2834725622,578990915246.07,88.631216160938,10536632.0,134.244293212891,65.4646684204795,407270.0,,0.0780479193215329,,23.86954849331465,Élevé,Très urbain,,Petite,0,Post-COVID,OUI
SWE,SE,Gothenburg,2023,pm25,6.182310490577331,5.127875,8.763042093072583,0.0,412.51,5664,2023-01-01 00:00:00+00:00,2023-12-31 22:00:00+00:00,674529.0,57.7075,11.9675,Sweden,Europe & Central Asia,High income,98.7436812461122,1.28228230721285,24401.3563158478,-0.204061304891439,0.729572724546331,25.8713678886243,,0.398571884426195,12149.5179863926,4288.83333908122,,83.309756097561,68.7013529108454,29.3,22.5872661861018,19554551.0,5.77146538385122,54950.2834725622,578990915246.07,88.631216160938,10536632.0,134.244293212891,65.4646684204795,407270.0,,0.0780479193215329,,23.86954849331465,Élevé,Très urbain,,Petite,0,Post-COVID,OUI
SWE,SE,Stockholm,2020,no2,20.79578062953757,17.985,13.353160370548803,0.0232014,83.6801,6920,2020-08-02 00:00:00+00:00,2020-12-31 22:00:00+00:00,995574.0,59.3275,18.0547,Sweden,Europe & Central Asia,High income,98.8147945547194,1.19622450679304,23421.4764766768,-1.93379704032216,0.988642012430427,25.4209438224317,2.483,0.402238865185891,12607.4980668265,4284.99805555044,57.8,82.3560975609756,68.6996660773915,28.9,21.8184248297627,14105839.7975,5.06918630556725,52568.5726980146,544265668451.678,87.9424046895699,10353442.0,136.426132202148,65.6476199690595,407280.0,9711.0,0.0815109926832688,0.0068407970269709,23.014649336555745,Élevé,Très urbain,Mixte-Renouvelable,Petite,1,COVID,OUI
SWE,SE,Stockholm,2020,pm10,13.547244734631851,10.6366,12.77989297391767,0.0,179.6,6913,2020-08-02 00:00:00+00:00,2020-12-31 22:00:00+00:00,995574.0,59.3275,18.0547,Sweden,Europe & Central Asia,High income,98.8147945547194,1.19622450679304,23421.4764766768,-1.93379704032216,0.988642012430427,25.4209438224317,2.483,0.402238865185891,12607.4980668265,4284.99805555044,57.8,82.3560975609756,68.6996660773915,28.9,21.8184248297627,14105839.7975,5.06918630556725,52568.5726980146,544265668451.678,87.9424046895699,10353442.0,136.426132202148,65.6476199690595,407280.0,9711.0,0.0815109926832688,0.0068407970269709,23.014649336555745,Élevé,Très urbain,Mixte-Renouvelable,Petite,1,COVID,OUI
SWE,SE,Stockholm,2020,pm25,6.439795297375252,4.61463,6.173468204036453,0.474814,59.4203,3467,2020-08-02 00:00:00+00:00,2020-12-31 22:00:00+00:00,995574.0,59.3275,18.0547,Sweden,Europe & Central Asia,High income,98.8147945547194,1.19622450679304,23421.4764766768,-1.93379704032216,0.988642012430427,25.4209438224317,2.483,0.402238865185891,12607.4980668265,4284.99805555044,57.8,82.3560975609756,68.6996660773915,28.9,21.8184248297627,14105839.7975,5.06918630556725,52568.5726980146,544265668451.678,87.9424046895699,10353442.0,136.426132202148,65.6476199690595,407280.0,9711.0,0.0815109926832688,0.0068407970269709,23.014649336555745,Élevé,Très urbain,Mixte-Renouvelable,Petite,1,COVID,OUI
SWE,SE,Stockholm,2021,no2,19.262962307116105,15.6986,14.167526075597651,0.0,100.588,10146,2021-01-01 00:00:00+00:00,2021-12-31 22:00:00+00:00,995574.0,59.3275,18.0547,Sweden,Europe & Central Asia,High income,98.7911500544417,1.15942751247748,24753.8384370764,5.2258643028773,0.863775743315115,25.5740792575133,2.483,0.433648820125962,13017.9973503743,4558.74420693219,57.9,83.0560975609756,68.6996660773915,29.8,22.5774120669797,20067143.633,6.19157382507363,60647.5416365347,631693331300.776,88.1741651958315,10415811.0,138.688186645508,64.8989803904197,407280.0,9714.0,0.075166592368414,0.0073624587457718,23.736839579457182,Élevé,Très urbain,Mixte-Renouvelable,Petite,0,Post-COVID,OUI
SWE,SE,Stockholm,2021,pm10,18.607122707199213,11.56285,22.68192030843692,0.0,369.172,10140,2021-01-01 00:00:00+00:00,2021-12-31 22:00:00+00:00,995574.0,59.3275,18.0547,Sweden,Europe & Central Asia,High income,98.7911500544417,1.15942751247748,24753.8384370764,5.2258643028773,0.863775743315115,25.5740792575133,2.483,0.433648820125962,13017.9973503743,4558.74420693219,57.9,83.0560975609756,68.6996660773915,29.8,22.5774120669797,20067143.633,6.19157382507363,60647.5416365347,631693331300.776,88.1741651958315,10415811.0,138.688186645508,64.8989803904197,407280.0,9714.0,0.075166592368414,0.0073624587457718,23.736839579457182,Élevé,Très urbain,Mixte-Renouvelable,Petite,0,Post-COVID,OUI
SWE,SE,Stockholm,2021,pm25,6.232339141537252,5.26852,4.636269982768289,0.0,56.4148,5087,2021-01-01 00:00:00+00:00,2021-12-31 22:00:00+00:00,995574.0,59.3275,18.0547,Sweden,Europe & Central Asia,High income,98.7911500544417,1.15942751247748,24753.8384370764,5.2258643028773,0.863775743315115,25.5740792575133,2.483,0.433648820125962,13017.9973503743,4558.74420693219,57.9,83.0560975609756,68.6996660773915,29.8,22.5774120669797,20067143.633,6.19157382507363,60647.5416365347,631693331300.776,88.1741651958315,10415811.0,138.688186645508,64.8989803904197,407280.0,9714.0,0.075166592368414,0.0073624587457718,23.736839579457182,Élevé,Très urbain,Mixte-Renouvelable,Petite,0,Post-COVID,OUI
SWE,SE,Stockholm,2022,no2,15.189380261071124,13.4,9.38314467325412,0.0,69.6,16394,2022-01-01 00:00:00+00:00,2022-12-31 22:00:00+00:00,995574.0,59.3275,18.0547,Sweden,Europe & Central Asia,High income,98.767447686991,1.23876992958721,25157.3900760257,1.25543620445816,0.940742830784127,25.7487256923983,2.483,0.365559976668842,12418.3973191038,4323.66572139304,,83.0585365853659,68.6996660773915,31.6,23.7592056275214,15229955.0,5.60698548732668,54836.8907235124,575071237640.921,88.4038576504809,10486941.0,139.406524658203,63.6853972765011,407280.0,,0.0788444935490419,,24.99797555710861,Élevé,Très urbain,,Petite,0,Post-COVID,OUI
SWE,SE,Stockholm,2022,pm10,13.617433207270954,9.7,13.910065199006883,0.0,138.8,16394,2022-01-01 00:00:00+00:00,2022-12-31 22:00:00+00:00,995574.0,59.3275,18.0547,Sweden,Europe & Central Asia,High income,98.767447686991,1.23876992958721,25157.3900760257,1.25543620445816,0.940742830784127,25.7487256923983,2.483,0.365559976668842,12418.3973191038,4323.66572139304,,83.0585365853659,68.6996660773915,31.6,23.7592056275214,15229955.0,5.60698548732668,54836.8907235124,575071237640.921,88.4038576504809,10486941.0,139.406524658203,63.6853972765011,407280.0,,0.0788444935490419,,24.99797555710861,Élevé,Très urbain,,Petite,0,Post-COVID,OUI
SWE,SE,Stockholm,2022,pm25,5.417738196901305,4.6,4.0197745236951095,0.0,29.2,8197,2022-01-01 00:00:00+00:00,2022-12-31 22:00:00+00:00,995574.0,59.3275,18.0547,Sweden,Europe & Central Asia,High income,98.767447686991,1.23876992958721,25157.3900760257,1.25543620445816,0.940742830784127,25.7487256923983,2.483,0.365559976668842,12418.3973191038,4323.66572139304,,83.0585365853659,68.6996660773915,31.6,23.7592056275214,15229955.0,5.60698548732668,54836.8907235124,575071237640.921,88.4038576504809,10486941.0,139.406524658203,63.6853972765011,407280.0,,0.0788444935490419,,24.99797555710861,Élevé,Très urbain,,Petite,0,Post-COVID,OUI
SWE,SE,Stockholm,2023,no2,14.318467532467531,12.4,9.18499084810156,0.0,70.4,7700,2023-01-01 00:00:00+00:00,2023-12-31 13:00:00+00:00,995574.0,59.3275,18.0547,Sweden,Europe & Central Asia,High income,98.7436812461122,1.28228230721285,24401.3563158478,-0.204061304891439,0.729572724546331,25.8713678886243,,0.398571884426195,12149.5179863926,4288.83333908122,,83.309756097561,68.7013529108454,29.3,22.5872661861018,19554551.0,5.77146538385122,54950.2834725622,578990915246.07,88.631216160938,10536632.0,134.244293212891,65.4646684204795,407270.0,,0.0780479193215329,,23.86954849331465,Élevé,Très urbain,,Petite,0,Post-COVID,OUI
SWE,SE,Stockholm,2023,pm10,17.314389610389608,10.6,24.96658352632903,0.0,404.5,7700,2023-01-01 00:00:00+00:00,2023-12-31 13:00:00+00:00,995574.0,59.3275,18.0547,Sweden,Europe & Central Asia,High income,98.7436812461122,1.28228230721285,24401.3563158478,-0.204061304891439,0.729572724546331,25.8713678886243,,0.398571884426195,12149.5179863926,4288.83333908122,,83.309756097561,68.7013529108454,29.3,22.5872661861018,19554551.0,5.77146538385122,54950.2834725622,578990915246.07,88.631216160938,10536632.0,134.244293212891,65.4646684204795,407270.0,,0.0780479193215329,,23.86954849331465,Élevé,Très urbain,,Petite,0,Post-COVID,OUI
SWE,SE,Stockholm,2023,pm25,5.932285714285714,4.7,4.136306336335085,0.0,37.4,3850,2023-01-01 00:00:00+00:00,2023-12-31 13:00:00+00:00,995574.0,59.3275,18.0547,Sweden,Europe & Central Asia,High income,98.7436812461122,1.28228230721285,24401.3563158478,-0.204061304891439,0.729572724546331,25.8713678886243,,0.398571884426195,12149.5179863926,4288.83333908122,,83.309756097561,68.7013529108454,29.3,22.5872661861018,19554551.0,5.77146538385122,54950.2834725622,578990915246.07,88.631216160938,10536632.0,134.244293212891,65.4646684204795,407270.0,,0.0780479193215329,,23.86954849331465,Élevé,Très urbain,,Petite,0,Post-COVID,OUI
TCD,TD,N'Djamena,2020,pm25,49.52217602217602,26.5,72.85507582210668,1.0,985.0,2886,2020-08-02 19:00:00+00:00,2020-12-31 22:00:00+00:00,807000.0,12.1053,15.0447,Chad,Sub-Saharan Africa ,Low income,12.5503209104072,40.687470063118,592.270864999055,-0.393646583111035,5.06372185820467,13.6790652795426,0.8796,0.0,13.9334962352564,193.032680479683,71.9,53.082,3.42519059720457,,23.903002699075,,28.9940828402367,866.947814890409,14932897821.2387,24.7341921795416,17224679.0,,32.1091259774243,1259200.0,,0.2224012517435235,0.0,64.590472762193,Faible,Rural,Renouvelable,Petite,1,COVID,OUI
TCD,TD,N'Djamena,2021,pm25,93.3704769736842,44.0,140.44154477357483,0.0,985.0,7296,2021-01-01 00:00:00+00:00,2021-12-31 22:00:00+00:00,807000.0,12.1053,15.0447,Chad,Sub-Saharan Africa ,Low income,12.823518442494,37.4420946884713,596.227894592524,0.29344264815208,5.43382373867708,14.1584124841169,0.8796,0.0,16.5467513314386,195.892702847717,69.9,53.136,3.33650992693774,,28.6098546099848,,28.9156626506024,946.358500208374,16871937697.5854,25.2312246423075,17828273.0,23.1541767734797,30.7213002298951,1259200.0,,0.2067777961612524,0.0,66.0519492984561,Faible,Rural,Renouvelable,Petite,0,Post-COVID,OUI
TCD,TD,N'Djamena,2022,pm25,89.0772504091653,40.0,142.15717207053956,0.0,985.0,6110,2022-01-01 00:00:00+00:00,2022-12-31 07:00:00+00:00,807000.0,12.1053,15.0447,Chad,Sub-Saharan Africa ,Low income,12.9220668166821,35.2279823985979,598.500061635163,4.12969897676332,5.54455079440034,14.6563818297332,0.8796,,14.467376229158,198.544774520873,70.0,54.528,3.24924110546379,37.4,33.0636052300641,,28.9893617021277,966.036468278568,17828508289.6049,25.7635558629694,18455316.0,,28.3478520444522,1259200.0,,0.2053126030234461,,68.291587628662,Faible,Rural,Renouvelable,Petite,0,Post-COVID,OUI
TCD,TD,N'Djamena,2023,pm25,108.54283548142531,62.0,137.61643474372454,2.0,985.0,3957,2023-01-01 00:00:00+00:00,2023-12-31 03:00:00+00:00,807000.0,12.1053,15.0447,Chad,Sub-Saharan Africa ,Low income,13.0279538007946,35.2160714364369,582.272140070346,3.98004368401293,6.7508424266823,15.342331639136,,,,,,55.069,3.16103105146125,,30.749163725071,,,949.333453674592,18340233748.8805,26.3305395171046,19319064.0,24.1941648001316,30.3203225347429,1259200.0,,,,65.9652351615079,Faible,Rural,,Petite,0,Post-COVID,OUI
THA,TH,Chiang Mai,2021,co,0.847339489885664,0.89,0.4794367221788568,0.0,1.85,2274,2021-09-21 16:00:00+00:00,2021-12-31 22:00:00+00:00,1198000.0,18.7953,98.9986,Thailand,East Asia & Pacific,Upper middle income,98.3663780543942,8.69291293050797,3306.27992536403,1.55216608426647,2.31934361435892,140.396821233534,57.307,19.2039471096301,2722.00282034748,1848.06336093307,19.0,77.606,38.8283192076572,34.9,35.0317119667993,12734583.0,7.92231656673391,7057.20754802279,506194668789.937,58.5087776184082,71727332.0,84.6644528199547,56.2753751026927,510890.0,,0.261831824632412,0.960197355481505,43.72462489730727,Moyen-Faible,Semi-urbain,Mixte-Fossile,Moyenne,0,Post-COVID,OUI
THA,TH,Chiang Mai,2021,no2,0.0039634641407307,0.003,0.0036094012376355,0.0,0.026,1478,2021-04-29 18:00:00+00:00,2021-12-31 22:00:00+00:00,1198000.0,18.7953,98.9986,Thailand,East Asia & Pacific,Upper middle income,98.3663780543942,8.69291293050797,3306.27992536403,1.55216608426647,2.31934361435892,140.396821233534,57.307,19.2039471096301,2722.00282034748,1848.06336093307,19.0,77.606,38.8283192076572,34.9,35.0317119667993,12734583.0,7.92231656673391,7057.20754802279,506194668789.937,58.5087776184082,71727332.0,84.6644528199547,56.2753751026927,510890.0,,0.261831824632412,0.960197355481505,43.72462489730727,Moyen-Faible,Semi-urbain,Mixte-Fossile,Moyenne,0,Post-COVID,OUI
THA,TH,Chiang Mai,2021,o3,0.0252959001782531,0.023,0.0147805665048053,0.0,0.074,3927,2021-04-29 18:00:00+00:00,2021-12-31 22:00:00+00:00,1198000.0,18.7953,98.9986,Thailand,East Asia & Pacific,Upper middle income,98.3663780543942,8.69291293050797,3306.27992536403,1.55216608426647,2.31934361435892,140.396821233534,57.307,19.2039471096301,2722.00282034748,1848.06336093307,19.0,77.606,38.8283192076572,34.9,35.0317119667993,12734583.0,7.92231656673391,7057.20754802279,506194668789.937,58.5087776184082,71727332.0,84.6644528199547,56.2753751026927,510890.0,,0.261831824632412,0.960197355481505,43.72462489730727,Moyen-Faible,Semi-urbain,Mixte-Fossile,Moyenne,0,Post-COVID,OUI
THA,TH,Chiang Mai,2021,pm10,24.998951415588955,22.0,8.968920230502542,7.0,62.0,5722,2021-04-29 18:00:00+00:00,2021-12-31 22:00:00+00:00,1198000.0,18.7953,98.9986,Thailand,East Asia & Pacific,Upper middle income,98.3663780543942,8.69291293050797,3306.27992536403,1.55216608426647,2.31934361435892,140.396821233534,57.307,19.2039471096301,2722.00282034748,1848.06336093307,19.0,77.606,38.8283192076572,34.9,35.0317119667993,12734583.0,7.92231656673391,7057.20754802279,506194668789.937,58.5087776184082,71727332.0,84.6644528199547,56.2753751026927,510890.0,,0.261831824632412,0.960197355481505,43.72462489730727,Moyen-Faible,Semi-urbain,Mixte-Fossile,Moyenne,0,Post-COVID,OUI
THA,TH,Chiang Mai,2021,pm25,15.373746674851647,14.0,7.141920604349685,2.0,42.0,9774,2021-04-29 18:00:00+00:00,2021-12-31 22:00:00+00:00,1198000.0,18.7953,98.9986,Thailand,East Asia & Pacific,Upper middle income,98.3663780543942,8.69291293050797,3306.27992536403,1.55216608426647,2.31934361435892,140.396821233534,57.307,19.2039471096301,2722.00282034748,1848.06336093307,19.0,77.606,38.8283192076572,34.9,35.0317119667993,12734583.0,7.92231656673391,7057.20754802279,506194668789.937,58.5087776184082,71727332.0,84.6644528199547,56.2753751026927,510890.0,,0.261831824632412,0.960197355481505,43.72462489730727,Moyen-Faible,Semi-urbain,Mixte-Fossile,Moyenne,0,Post-COVID,OUI
THA,TH,Chiang Mai,2022,co,0.8644761787516928,0.73,0.5714603745083036,0.01,3.36,8123,2022-01-01 00:00:00+00:00,2022-12-31 22:00:00+00:00,1198000.0,18.7953,98.9986,Thailand,East Asia & Pacific,Upper middle income,98.7010762721829,8.71945138441444,3510.09110223362,2.58037874709827,2.09762633697923,140.412474309538,57.307,18.3986854962415,2828.55049009394,1867.46968312053,,75.291,38.7578539411615,34.3,35.1217577031461,34390036.0,7.47323772975157,6909.35281815827,495644697587.661,59.742374420166,71735329.0,88.0661686868399,56.1587909124394,510890.0,,0.2702423063281801,,43.84120908756054,Moyen-Faible,Semi-urbain,,Moyenne,0,Post-COVID,OUI
THA,TH,Chiang Mai,2022,no2,0.0019879748043519,0.0,0.0037160642779126,0.0,0.031,5239,2022-01-01 00:00:00+00:00,2022-09-07 05:00:00+00:00,1198000.0,18.7953,98.9986,Thailand,East Asia & Pacific,Upper middle income,98.7010762721829,8.71945138441444,3510.09110223362,2.58037874709827,2.09762633697923,140.412474309538,57.307,18.3986854962415,2828.55049009394,1867.46968312053,,75.291,38.7578539411615,34.3,35.1217577031461,34390036.0,7.47323772975157,6909.35281815827,495644697587.661,59.742374420166,71735329.0,88.0661686868399,56.1587909124394,510890.0,,0.2702423063281801,,43.84120908756054,Moyen-Faible,Semi-urbain,,Moyenne,0,Post-COVID,OUI
THA,TH,Chiang Mai,2022,o3,0.0184693024139897,0.008,0.0220691028980837,0.0,0.096,5261,2022-01-01 00:00:00+00:00,2022-09-07 05:00:00+00:00,1198000.0,18.7953,98.9986,Thailand,East Asia & Pacific,Upper middle income,98.7010762721829,8.71945138441444,3510.09110223362,2.58037874709827,2.09762633697923,140.412474309538,57.307,18.3986854962415,2828.55049009394,1867.46968312053,,75.291,38.7578539411615,34.3,35.1217577031461,34390036.0,7.47323772975157,6909.35281815827,495644697587.661,59.742374420166,71735329.0,88.0661686868399,56.1587909124394,510890.0,,0.2702423063281801,,43.84120908756054,Moyen-Faible,Semi-urbain,,Moyenne,0,Post-COVID,OUI
THA,TH,Chiang Mai,2022,pm10,31.36756266988825,27.0,17.832314625658654,5.0,105.0,13244,2022-01-01 00:00:00+00:00,2022-12-31 22:00:00+00:00,1198000.0,18.7953,98.9986,Thailand,East Asia & Pacific,Upper middle income,98.7010762721829,8.71945138441444,3510.09110223362,2.58037874709827,2.09762633697923,140.412474309538,57.307,18.3986854962415,2828.55049009394,1867.46968312053,,75.291,38.7578539411615,34.3,35.1217577031461,34390036.0,7.47323772975157,6909.35281815827,495644697587.661,59.742374420166,71735329.0,88.0661686868399,56.1587909124394,510890.0,,0.2702423063281801,,43.84120908756054,Moyen-Faible,Semi-urbain,,Moyenne,0,Post-COVID,OUI
THA,TH,Chiang Mai,2022,pm25,20.57339537561163,17.0,13.822732718146897,2.0,92.0,20846,2022-01-01 00:00:00+00:00,2022-12-31 22:00:00+00:00,1198000.0,18.7953,98.9986,Thailand,East Asia & Pacific,Upper middle income,98.7010762721829,8.71945138441444,3510.09110223362,2.58037874709827,2.09762633697923,140.412474309538,57.307,18.3986854962415,2828.55049009394,1867.46968312053,,75.291,38.7578539411615,34.3,35.1217577031461,34390036.0,7.47323772975157,6909.35281815827,495644697587.661,59.742374420166,71735329.0,88.0661686868399,56.1587909124394,510890.0,,0.2702423063281801,,43.84120908756054,Moyen-Faible,Semi-urbain,,Moyenne,0,Post-COVID,OUI
THA,TH,Chiang Mai,2023,co,0.3045502645502645,0.24,0.2358963819866301,0.0,1.09,567,2023-01-01 00:00:00+00:00,2023-02-15 23:00:00+00:00,1198000.0,18.7953,98.9986,Thailand,East Asia & Pacific,Upper middle income,99.0385374392322,8.5627759867239,3752.79103432361,2.01775095328327,1.92942621671871,140.348088629646,,14.6169457645787,2965.2131060821,1851.27231424167,,76.412,38.6873886746658,33.5,32.9804093286492,51920692.0,7.16136006690191,7195.10130919449,515906283940.933,60.9341926574707,71702435.0,93.3356315272258,58.4568146846269,510890.0,,0.2572604573918784,,41.5431853153731,Moyen-Faible,Semi-urbain,,Moyenne,0,Post-COVID,OUI
THA,TH,Chiang Mai,2023,pm10,74.52819262419995,55.0,52.98500605377884,9.0,267.0,3281,2023-01-01 00:00:00+00:00,2023-06-02 01:00:00+00:00,1198000.0,18.7953,98.9986,Thailand,East Asia & Pacific,Upper middle income,99.0385374392322,8.5627759867239,3752.79103432361,2.01775095328327,1.92942621671871,140.348088629646,,14.6169457645787,2965.2131060821,1851.27231424167,,76.412,38.6873886746658,33.5,32.9804093286492,51920692.0,7.16136006690191,7195.10130919449,515906283940.933,60.9341926574707,71702435.0,93.3356315272258,58.4568146846269,510890.0,,0.2572604573918784,,41.5431853153731,Moyen-Faible,Semi-urbain,,Moyenne,0,Post-COVID,OUI
THA,TH,Chiang Mai,2023,pm25,40.78341131907309,23.0,43.749170389199605,4.0,245.0,8976,2023-01-01 00:00:00+00:00,2023-12-31 13:00:00+00:00,1198000.0,18.7953,98.9986,Thailand,East Asia & Pacific,Upper middle income,99.0385374392322,8.5627759867239,3752.79103432361,2.01775095328327,1.92942621671871,140.348088629646,,14.6169457645787,2965.2131060821,1851.27231424167,,76.412,38.6873886746658,33.5,32.9804093286492,51920692.0,7.16136006690191,7195.10130919449,515906283940.933,60.9341926574707,71702435.0,93.3356315272258,58.4568146846269,510890.0,,0.2572604573918784,,41.5431853153731,Moyen-Faible,Semi-urbain,,Moyenne,0,Post-COVID,OUI
TJK,TJ,Dushanbe,2019,pm25,70.91161455009572,59.0,48.660153826856735,7.0,372.0,3134,2019-10-20 22:00:00+00:00,2019-12-31 22:00:00+00:00,1564700.0,38.5367,68.78,Tajikistan,Europe & Central Asia,Lower middle income,95.9706194331764,20.8670733588,799.441469795297,7.40000016310556,1.96739384148484,68.6646444268319,10.602,7.03822111943503,1640.50952542748,370.778875737531,40.1,70.962,3.0463289862382,,33.0621490637064,539094.616,11.5903993892256,871.022372934846,8300813599.3084,26.1300735473633,9529966.0,,37.0798560987387,138790.0,620.0,0.4251942235032932,0.1712462559473243,53.9292224225064,Faible,Rural,Mixte-Renouvelable,Moyenne,0,Pre-COVID,OUI
TJK,TJ,Dushanbe,2020,pm25,52.80828282828283,35.0,52.75185920087476,2.0,977.0,14850,2020-01-01 00:00:00+00:00,2020-12-31 22:00:00+00:00,1564700.0,38.5367,68.78,Tajikistan,Europe & Central Asia,Lower middle income,95.9796685499025,22.6904308448361,807.220379735791,4.40000111553493,2.51431873780364,70.2450464730888,10.602,8.23880597014925,1647.1934936934,375.367379182413,38.8,68.605,3.0535341162908,,33.7965394725715,260316.0,12.681592039801,834.311715460625,8133963550.65742,26.1925442328719,9749310.0,90.9012072790342,35.2521430281461,138790.0,662.0,0.4493740147956863,0.2070051751293782,56.4869703174076,Faible,Rural,Mixte-Renouvelable,Moyenne,1,COVID,OUI
TJK,TJ,Dushanbe,2021,pm25,63.1321431081746,42.0,65.31753408887586,2.0,963.0,14227,2021-01-01 00:00:00+00:00,2021-12-31 22:00:00+00:00,1564700.0,38.5367,68.78,Tajikistan,Europe & Central Asia,Lower middle income,95.98782600032,22.4490805460825,825.927186461905,9.39999955037523,2.23261236586738,71.8128683622739,10.602,8.46083305178821,1427.12263422116,367.769041949913,34.9,69.594,3.0607392463434,32.4,35.177682602153,125163.504,19.6486316907187,896.748053372182,8937805347.13963,26.1991525151375,9966908.0,91.2751683038557,33.3755786470221,138790.0,620.0,0.4096572981344532,0.2356778008854654,57.6267631482355,Faible,Rural,Mixte-Renouvelable,Moyenne,0,Post-COVID,OUI
TJK,TJ,Dushanbe,2022,pm25,44.98461320286464,33.0,44.93538093605593,0.0,943.0,14103,2022-01-01 00:00:00+00:00,2022-12-31 22:00:00+00:00,1564700.0,38.5367,68.78,Tajikistan,Europe & Central Asia,Lower middle income,95.9951184722517,22.9348537040845,933.489074176296,8.00000033846364,2.12418551812488,73.3642337344189,10.602,5.94202224186869,1475.70932945677,375.197095148471,,71.562,3.06794437639599,39.5,34.702580856427,479769.61,18.2401935694011,1052.17949484894,10713525200.3998,26.1957126615618,10182222.0,90.888637681585,34.1105264182187,138790.0,,0.3562518041640057,,57.63743456051149,Faible,Rural,,Moyenne,0,Post-COVID,OUI
TJK,TJ,Dushanbe,2023,pm25,62.932438210895405,37.0,76.11424929083009,2.0,893.0,11693,2023-01-01 00:00:00+00:00,2023-12-31 22:00:00+00:00,1564700.0,38.5367,68.78,Tajikistan,Europe & Central Asia,Lower middle income,95.9857039731115,22.8588621065173,997.473889981338,8.29999921651935,1.99253403443671,74.8598530153469,,,,,,71.79,3.07514950644859,38.0,33.6387708593471,690677.377,,1178.47990060249,12244169292.7998,26.1890127571429,10389799.0,88.4022015902249,34.7082666200741,138790.0,,,,56.4976329658644,Faible,Rural,,Moyenne,0,Post-COVID,OUI
TKM,TM,Ashgabat,2019,pm25,22.77667657746944,19.0,13.709176414592314,0.0,126.0,3027,2019-10-20 21:00:00+00:00,2019-12-31 22:00:00+00:00,1030063.0,37.9375,58.38,Turkmenistan,Europe & Central Asia,Upper middle income,98.960474453072,10.8113571045068,,6.30000004226711,2.22054224818463,14.4786329878918,27.7081,0.0,2577.18170519922,3465.56523671972,0.1,69.405,8.78215904496414,,42.4122793165524,2081424.32,14.3733333333333,5998.0017434754,40810067974.509,47.0494562466485,6803944.0,84.1078318050495,46.7763635789407,469930.0,,0.5776903199751389,0.0,53.2236364210592,Moyen-Faible,Rural,Fossile,Moyenne,0,Pre-COVID,OUI
TKM,TM,Ashgabat,2020,pm25,17.182938540332906,14.0,11.172079051809453,0.0,172.0,12496,2020-01-01 00:00:00+00:00,2020-12-31 20:00:00+00:00,1030063.0,37.9375,58.38,Turkmenistan,Europe & Central Asia,Upper middle income,99.3549516187618,11.4920524061037,,5.900000048526,2.1337817684305,14.7892494626859,26.245,0.0,2618.73819409512,3395.82680039957,0.1,68.846,8.78215904496414,,37.3826880265398,1084543.419,12.1030975855912,5972.72356566861,41509903181.7231,47.0546961907259,6949912.0,86.8120225282998,51.1252595673566,469930.0,,0.5684606532373903,0.0,48.87474043264351,Moyen-Faible,Rural,Fossile,Moyenne,1,COVID,OUI
TKM,TM,Ashgabat,2021,pm25,21.744421608925425,19.0,14.907643631986849,0.0,279.0,13624,2021-01-08 06:00:00+00:00,2021-12-31 22:00:00+00:00,1030063.0,37.9375,58.38,Turkmenistan,Europe & Central Asia,Upper middle income,99.7409287319658,11.8079599602345,,6.20000001747076,2.03177741163203,15.0917008916222,26.245,0.0,2659.17733437318,5128.82417624964,0.1,69.353,8.78215904496414,,37.1241986904803,648370.136,10.7816901408451,5723.30227157906,40589905812.0364,47.0581410301711,7092043.0,89.9339065551758,51.0678413492852,469930.0,,0.8959736807949598,0.0,48.9321586507148,Moyen-Faible,Rural,Fossile,Moyenne,0,Post-COVID,OUI
TKM,TM,Ashgabat,2022,pm25,21.4141933473553,18.0,16.093091444418043,0.0,318.0,12837,2022-01-01 00:00:00+00:00,2022-12-31 22:00:00+00:00,1030063.0,37.9375,58.38,Turkmenistan,Europe & Central Asia,Upper middle income,99.7391494278379,10.9344870689238,,6.19999993621698,1.93149596983823,15.3856808460835,26.245,,2829.2467434825,5625.64523686666,,69.913,8.78215904496414,,40.4477669790021,707317.932,9.6441717791411,5837.84224538947,42208726137.7192,47.0592103414926,7230193.0,92.451789855957,48.6177459520741,469930.0,,0.9634864242665304,,51.3822540479259,Moyen-Faible,Rural,,Moyenne,0,Post-COVID,OUI
TKM,TM,Ashgabat,2023,pm25,28.21336176261549,22.0,31.223143122951367,2.0,677.0,7035,2023-01-01 00:00:00+00:00,2023-11-18 11:00:00+00:00,1030063.0,37.9375,58.38,Turkmenistan,Europe & Central Asia,Upper middle income,99.7373196526799,11.291652725482,,6.30015758549871,1.85811889979246,15.6713510522844,,,,,,70.073,8.78215904496414,,39.272199471256,1078118.391,,6231.91323839698,45894538665.5538,47.0678875054171,7364438.0,102.546752929688,49.436147803262,469930.0,,,,50.563852196738,Moyen-Faible,Rural,,Moyenne,0,Post-COVID,OUI
TUR,TR,Ankara,2021,co,253.24,253.24,,253.24,253.24,1,2021-11-29 13:00:00+00:00,2021-11-29 13:00:00+00:00,5864049.0,39.93,32.85,Turkiye,Europe & Central Asia,Upper middle income,99.2429248259355,5.70488171636816,7997.87532144051,11.811094450607,1.18656449306975,109.334768655068,58.4,30.8858369457731,3587.45836676577,1894.62719281739,12.0,75.722,29.0741785013578,44.4,30.8205598235418,69065868.0,9.26019425017104,9981.76398411336,839938668172.134,89.1762048153239,84147318.0,114.147331237793,53.1953606066903,769630.0,10546.0,0.1897898413538087,2.375833611213316,36.52544153990996,Moyen-Faible,Très urbain,Mixte-Fossile,Grande,0,Post-COVID,OUI
TUR,TR,Ankara,2021,no2,43.11752910737387,45.18,18.741603362759253,7.27,101.95,773,2021-11-23 19:00:00+00:00,2021-12-31 22:00:00+00:00,5864049.0,39.93,32.85,Turkiye,Europe & Central Asia,Upper middle income,99.2429248259355,5.70488171636816,7997.87532144051,11.811094450607,1.18656449306975,109.334768655068,58.4,30.8858369457731,3587.45836676577,1894.62719281739,12.0,75.722,29.0741785013578,44.4,30.8205598235418,69065868.0,9.26019425017104,9981.76398411336,839938668172.134,89.1762048153239,84147318.0,114.147331237793,53.1953606066903,769630.0,10546.0,0.1897898413538087,2.375833611213316,36.52544153990996,Moyen-Faible,Très urbain,Mixte-Fossile,Grande,0,Post-COVID,OUI
TUR,TR,Ankara,2021,pm10,54.25021992238033,49.03,39.06019703035324,0.0,273.67,773,2021-11-23 19:00:00+00:00,2021-12-31 22:00:00+00:00,5864049.0,39.93,32.85,Turkiye,Europe & Central Asia,Upper middle income,99.2429248259355,5.70488171636816,7997.87532144051,11.811094450607,1.18656449306975,109.334768655068,58.4,30.8858369457731,3587.45836676577,1894.62719281739,12.0,75.722,29.0741785013578,44.4,30.8205598235418,69065868.0,9.26019425017104,9981.76398411336,839938668172.134,89.1762048153239,84147318.0,114.147331237793,53.1953606066903,769630.0,10546.0,0.1897898413538087,2.375833611213316,36.52544153990996,Moyen-Faible,Très urbain,Mixte-Fossile,Grande,0,Post-COVID,OUI
TUR,TR,Ankara,2021,so2,11.506831275720163,10.77,2.854817929820934,3.68,26.76,729,2021-11-23 19:00:00+00:00,2021-12-31 22:00:00+00:00,5864049.0,39.93,32.85,Turkiye,Europe & Central Asia,Upper middle income,99.2429248259355,5.70488171636816,7997.87532144051,11.811094450607,1.18656449306975,109.334768655068,58.4,30.8858369457731,3587.45836676577,1894.62719281739,12.0,75.722,29.0741785013578,44.4,30.8205598235418,69065868.0,9.26019425017104,9981.76398411336,839938668172.134,89.1762048153239,84147318.0,114.147331237793,53.1953606066903,769630.0,10546.0,0.1897898413538087,2.375833611213316,36.52544153990996,Moyen-Faible,Très urbain,Mixte-Fossile,Grande,0,Post-COVID,OUI
TUR,TR,Ankara,2022,co,757.82,757.82,,757.82,757.82,1,2022-02-28 20:00:00+00:00,2022-02-28 20:00:00+00:00,5864049.0,39.93,32.85,Turkiye,Europe & Central Asia,Upper middle income,99.2548217497769,6.69360961922604,9199.44874591381,5.44122511322401,0.829617003400882,110.416580694619,64.46964,34.3746098258415,3554.2281621305,1841.55630679263,,77.591,29.2768733027559,44.5,30.890102398727,104672089.362,8.8516622561126,10897.8397861365,926097476913.818,89.0381164550781,84979913.0,116.040176391602,52.1784720579494,769630.0,,0.1689681051312562,,37.58371201795304,Moyen-Faible,Très urbain,,Grande,0,Post-COVID,OUI
TUR,TR,Ankara,2022,no2,60.625001533272005,48.69,44.38188997448226,0.0,333.84,3261,2022-01-01 00:00:00+00:00,2022-12-31 22:00:00+00:00,5864049.0,39.93,32.85,Turkiye,Europe & Central Asia,Upper middle income,99.2548217497769,6.69360961922604,9199.44874591381,5.44122511322401,0.829617003400882,110.416580694619,64.46964,34.3746098258415,3554.2281621305,1841.55630679263,,77.591,29.2768733027559,44.5,30.890102398727,104672089.362,8.8516622561126,10897.8397861365,926097476913.818,89.0381164550781,84979913.0,116.040176391602,52.1784720579494,769630.0,,0.1689681051312562,,37.58371201795304,Moyen-Faible,Très urbain,,Grande,0,Post-COVID,OUI
TUR,TR,Ankara,2022,pm10,45.789119677790566,43.085,28.405688910144768,1.64,396.16,3476,2022-01-01 00:00:00+00:00,2022-12-31 22:00:00+00:00,5864049.0,39.93,32.85,Turkiye,Europe & Central Asia,Upper middle income,99.2548217497769,6.69360961922604,9199.44874591381,5.44122511322401,0.829617003400882,110.416580694619,64.46964,34.3746098258415,3554.2281621305,1841.55630679263,,77.591,29.2768733027559,44.5,30.890102398727,104672089.362,8.8516622561126,10897.8397861365,926097476913.818,89.0381164550781,84979913.0,116.040176391602,52.1784720579494,769630.0,,0.1689681051312562,,37.58371201795304,Moyen-Faible,Très urbain,,Grande,0,Post-COVID,OUI
TUR,TR,Ankara,2022,pm25,35.2571850340136,13.208,160.33616903563438,0.724,1321.058,1470,2022-10-25 13:00:00+00:00,2022-12-31 22:00:00+00:00,5864049.0,39.93,32.85,Turkiye,Europe & Central Asia,Upper middle income,99.2548217497769,6.69360961922604,9199.44874591381,5.44122511322401,0.829617003400882,110.416580694619,64.46964,34.3746098258415,3554.2281621305,1841.55630679263,,77.591,29.2768733027559,44.5,30.890102398727,104672089.362,8.8516622561126,10897.8397861365,926097476913.818,89.0381164550781,84979913.0,116.040176391602,52.1784720579494,769630.0,,0.1689681051312562,,37.58371201795304,Moyen-Faible,Très urbain,,Grande,0,Post-COVID,OUI
TUR,TR,Ankara,2022,so2,10.05054013341941,9.44,5.03760176920292,2.91,194.19,4647,2022-01-01 00:00:00+00:00,2022-12-31 22:00:00+00:00,5864049.0,39.93,32.85,Turkiye,Europe & Central Asia,Upper middle income,99.2548217497769,6.69360961922604,9199.44874591381,5.44122511322401,0.829617003400882,110.416580694619,64.46964,34.3746098258415,3554.2281621305,1841.55630679263,,77.591,29.2768733027559,44.5,30.890102398727,104672089.362,8.8516622561126,10897.8397861365,926097476913.818,89.0381164550781,84979913.0,116.040176391602,52.1784720579494,769630.0,,0.1689681051312562,,37.58371201795304,Moyen-Faible,Très urbain,,Grande,0,Post-COVID,OUI
TUR,TR,Ankara,2023,no2,50.58846732954545,37.993,40.328590125857566,0.007,300.881,4928,2023-01-01 00:00:00+00:00,2023-10-11 09:00:00+00:00,5864049.0,39.93,32.85,Turkiye,Europe & Central Asia,Upper middle income,99.2664132586442,6.38984597795627,10121.9778367685,5.04512369812289,0.388112437971746,110.866214934449,,35.9537125394084,3581.25454543643,1849.53592344542,,77.156,29.4795681041539,,28.1932800305474,125940241.0,8.93648761278945,13375.0947282864,1141242864657.45,89.0218446796121,85325965.0,,54.3519824455967,769630.0,,0.1382717423146092,,34.58312600850367,Moyen-Faible,Très urbain,,Grande,0,Post-COVID,OUI
TUR,TR,Ankara,2023,pm10,31.170728975463568,29.566,16.283493240646386,1.987,81.812,5339,2023-01-01 00:00:00+00:00,2023-10-11 09:00:00+00:00,5864049.0,39.93,32.85,Turkiye,Europe & Central Asia,Upper middle income,99.2664132586442,6.38984597795627,10121.9778367685,5.04512369812289,0.388112437971746,110.866214934449,,35.9537125394084,3581.25454543643,1849.53592344542,,77.156,29.4795681041539,,28.1932800305474,125940241.0,8.93648761278945,13375.0947282864,1141242864657.45,89.0218446796121,85325965.0,,54.3519824455967,769630.0,,0.1382717423146092,,34.58312600850367,Moyen-Faible,Très urbain,,Grande,0,Post-COVID,OUI
TUR,TR,Ankara,2023,pm25,8.521921610169493,6.4095,6.987798271565007,0.039,45.609,5192,2023-01-01 00:00:00+00:00,2023-10-11 09:00:00+00:00,5864049.0,39.93,32.85,Turkiye,Europe & Central Asia,Upper middle income,99.2664132586442,6.38984597795627,10121.9778367685,5.04512369812289,0.388112437971746,110.866214934449,,35.9537125394084,3581.25454543643,1849.53592344542,,77.156,29.4795681041539,,28.1932800305474,125940241.0,8.93648761278945,13375.0947282864,1141242864657.45,89.0218446796121,85325965.0,,54.3519824455967,769630.0,,0.1382717423146092,,34.58312600850367,Moyen-Faible,Très urbain,,Grande,0,Post-COVID,OUI
TUR,TR,Ankara,2023,so2,6.873212905144217,6.16,3.049874943359047,0.27,39.79,6726,2023-01-01 00:00:00+00:00,2023-10-11 09:00:00+00:00,5864049.0,39.93,32.85,Turkiye,Europe & Central Asia,Upper middle income,99.2664132586442,6.38984597795627,10121.9778367685,5.04512369812289,0.388112437971746,110.866214934449,,35.9537125394084,3581.25454543643,1849.53592344542,,77.156,29.4795681041539,,28.1932800305474,125940241.0,8.93648761278945,13375.0947282864,1141242864657.45,89.0218446796121,85325965.0,,54.3519824455967,769630.0,,0.1382717423146092,,34.58312600850367,Moyen-Faible,Très urbain,,Grande,0,Post-COVID,OUI
TWN,TW,Kaohsiung,2019,co,0.444483286552692,0.42,0.1837760086285398,0.07,2.73,15676,2019-01-02 23:00:00+00:00,2019-12-31 22:00:00+00:00,2737660.0,22.615,120.2975,,,,,,,,,,,,,,,,,,,,,,,,,,,,,,,,,,,Moyenne,0,Pre-COVID,OUI
TWN,TW,Kaohsiung,2019,pm10,46.5242129961546,43.0,26.497327776160365,0.0,296.0,15343,2019-01-02 23:00:00+00:00,2019-12-31 22:00:00+00:00,2737660.0,22.615,120.2975,,,,,,,,,,,,,,,,,,,,,,,,,,,,,,,,,,,Moyenne,0,Pre-COVID,OUI
TWN,TW,Kaohsiung,2019,pm25,23.228935545979645,22.0,14.209558492615164,1.0,94.0,21814,2019-01-02 23:00:00+00:00,2019-12-31 22:00:00+00:00,2737660.0,22.615,120.2975,,,,,,,,,,,,,,,,,,,,,,,,,,,,,,,,,,,Moyenne,0,Pre-COVID,OUI
TWN,TW,Kaohsiung,2019,so2,0.0028934125614976,0.0026,0.0016299385675146,0.0,0.027,15651,2019-01-02 23:00:00+00:00,2019-12-31 22:00:00+00:00,2737660.0,22.615,120.2975,,,,,,,,,,,,,,,,,,,,,,,,,,,,,,,,,,,Moyenne,0,Pre-COVID,OUI
TWN,TW,Kaohsiung,2020,co,0.4106031655496934,0.39,0.1673163445692984,0.04,1.65,14026,2020-01-01 00:00:00+00:00,2020-12-31 22:00:00+00:00,2737660.0,22.615,120.2975,,,,,,,,,,,,,,,,,,,,,,,,,,,,,,,,,,,Moyenne,1,COVID,OUI
TWN,TW,Kaohsiung,2020,pm10,41.403506281496206,41.0,22.46962279440478,0.0,489.0,14089,2020-01-01 00:00:00+00:00,2020-12-31 22:00:00+00:00,2737660.0,22.615,120.2975,,,,,,,,,,,,,,,,,,,,,,,,,,,,,,,,,,,Moyenne,1,COVID,OUI
TWN,TW,Kaohsiung,2020,pm25,20.651527784589728,21.0,12.56933898674622,1.0,445.0,20389,2020-01-01 00:00:00+00:00,2020-12-31 22:00:00+00:00,2737660.0,22.615,120.2975,,,,,,,,,,,,,,,,,,,,,,,,,,,,,,,,,,,Moyenne,1,COVID,OUI
TWN,TW,Kaohsiung,2020,so2,0.0026324521813883,0.0023,0.0014073828210761,0.0,0.048,13959,2020-01-01 00:00:00+00:00,2020-12-31 15:00:00+00:00,2737660.0,22.615,120.2975,,,,,,,,,,,,,,,,,,,,,,,,,,,,,,,,,,,Moyenne,1,COVID,OUI
TWN,TW,Kaohsiung,2021,co,0.5392880873279544,0.48,0.246335817488894,0.05,2.13,4214,2021-01-01 00:00:00+00:00,2021-05-17 04:00:00+00:00,2737660.0,22.615,120.2975,,,,,,,,,,,,,,,,,,,,,,,,,,,,,,,,,,,Moyenne,0,Post-COVID,OUI
TWN,TW,Kaohsiung,2021,pm10,59.73327305605787,58.0,24.210879543446435,5.0,190.0,4424,2021-01-01 00:00:00+00:00,2021-05-17 04:00:00+00:00,2737660.0,22.615,120.2975,,,,,,,,,,,,,,,,,,,,,,,,,,,,,,,,,,,Moyenne,0,Post-COVID,OUI
TWN,TW,Kaohsiung,2021,pm25,32.94420131291029,31.0,15.737862986594578,1.0,107.0,6398,2021-01-01 00:00:00+00:00,2021-05-17 04:00:00+00:00,2737660.0,22.615,120.2975,,,,,,,,,,,,,,,,,,,,,,,,,,,,,,,,,,,Moyenne,0,Post-COVID,OUI
TWN,TW,Kaohsiung,2021,so2,0.0027203443258971,0.0025,0.0013687463890119,0.0,0.0173,4124,2021-01-01 07:00:00+00:00,2021-05-17 04:00:00+00:00,2737660.0,22.615,120.2975,,,,,,,,,,,,,,,,,,,,,,,,,,,,,,,,,,,Moyenne,0,Post-COVID,OUI
TWN,TW,Taichung,2019,co,0.374559713579405,0.33,0.2677108233574523,0.0,9.47,23462,2019-01-02 23:00:00+00:00,2019-12-31 22:00:00+00:00,2850285.0,24.1439,120.6794,,,,,,,,,,,,,,,,,,,,,,,,,,,,,,,,,,,Moyenne,0,Pre-COVID,OUI
TWN,TW,Taichung,2019,no2,0.0124009975596181,0.01,0.0076630122954028,0.0,0.066,23357,2019-01-02 23:00:00+00:00,2019-12-31 22:00:00+00:00,2850285.0,24.1439,120.6794,,,,,,,,,,,,,,,,,,,,,,,,,,,,,,,,,,,Moyenne,0,Pre-COVID,OUI
TWN,TW,Taichung,2019,o3,0.0315277784866658,0.028,0.0179081824681865,0.0012,0.135,7837,2019-01-02 23:00:00+00:00,2019-12-31 22:00:00+00:00,2850285.0,24.1439,120.6794,,,,,,,,,,,,,,,,,,,,,,,,,,,,,,,,,,,Moyenne,0,Pre-COVID,OUI
TWN,TW,Taichung,2019,pm25,17.304735668372032,15.0,10.87634210143866,1.0,80.0,7623,2019-01-03 00:00:00+00:00,2019-12-31 22:00:00+00:00,2850285.0,24.1439,120.6794,,,,,,,,,,,,,,,,,,,,,,,,,,,,,,,,,,,Moyenne,0,Pre-COVID,OUI
TWN,TW,Taichung,2019,so2,0.0021752325581395,0.002,0.0013044954963457,0.0,0.026,7740,2019-01-02 23:00:00+00:00,2019-12-31 22:00:00+00:00,2850285.0,24.1439,120.6794,,,,,,,,,,,,,,,,,,,,,,,,,,,,,,,,,,,Moyenne,0,Pre-COVID,OUI
TWN,TW,Taichung,2020,co,0.3475076603969264,0.3,0.2610354793845267,0.04,9.44,21213,2020-01-01 00:00:00+00:00,2020-12-31 22:00:00+00:00,2850285.0,24.1439,120.6794,,,,,,,,,,,,,,,,,,,,,,,,,,,,,,,,,,,Moyenne,1,COVID,OUI
TWN,TW,Taichung,2020,no2,0.0114446232487694,0.0093,0.0076340573298494,0.0,0.088,21128,2020-01-01 00:00:00+00:00,2020-12-31 22:00:00+00:00,2850285.0,24.1439,120.6794,,,,,,,,,,,,,,,,,,,,,,,,,,,,,,,,,,,Moyenne,1,COVID,OUI
TWN,TW,Taichung,2020,o3,0.0319759327303561,0.02905,0.0172705363241835,0.0017,0.109,7076,2020-01-01 00:00:00+00:00,2020-12-31 22:00:00+00:00,2850285.0,24.1439,120.6794,,,,,,,,,,,,,,,,,,,,,,,,,,,,,,,,,,,Moyenne,1,COVID,OUI
TWN,TW,Taichung,2020,pm25,17.409434231152915,15.0,11.158804293610428,1.0,92.0,7017,2020-01-01 00:00:00+00:00,2020-12-31 22:00:00+00:00,2850285.0,24.1439,120.6794,,,,,,,,,,,,,,,,,,,,,,,,,,,,,,,,,,,Moyenne,1,COVID,OUI
TWN,TW,Taichung,2020,so2,0.0018092903225806,0.0016,0.0012153118082952,0.0,0.018,6975,2020-01-01 00:00:00+00:00,2020-12-31 22:00:00+00:00,2850285.0,24.1439,120.6794,,,,,,,,,,,,,,,,,,,,,,,,,,,,,,,,,,,Moyenne,1,COVID,OUI
TWN,TW,Taichung,2021,co,0.3995808104331625,0.35,0.2700225054423575,0.05,10.88,6441,2021-01-01 00:00:00+00:00,2021-05-17 04:00:00+00:00,2850285.0,24.1439,120.6794,,,,,,,,,,,,,,,,,,,,,,,,,,,,,,,,,,,Moyenne,0,Post-COVID,OUI
TWN,TW,Taichung,2021,no2,0.0133022461246441,0.0109,0.0090959207397049,0.0,0.0822,6322,2021-01-01 00:00:00+00:00,2021-05-17 04:00:00+00:00,2850285.0,24.1439,120.6794,,,,,,,,,,,,,,,,,,,,,,,,,,,,,,,,,,,Moyenne,0,Post-COVID,OUI
TWN,TW,Taichung,2021,o3,0.0347114349775784,0.0328,0.0169767214331344,0.0017,0.1002,2230,2021-01-01 00:00:00+00:00,2021-05-17 04:00:00+00:00,2850285.0,24.1439,120.6794,,,,,,,,,,,,,,,,,,,,,,,,,,,,,,,,,,,Moyenne,0,Post-COVID,OUI
TWN,TW,Taichung,2021,pm25,27.400407539480387,26.0,15.22088939056923,1.0,102.0,1963,2021-01-01 00:00:00+00:00,2021-05-17 04:00:00+00:00,2850285.0,24.1439,120.6794,,,,,,,,,,,,,,,,,,,,,,,,,,,,,,,,,,,Moyenne,0,Post-COVID,OUI
TWN,TW,Taichung,2021,so2,0.0015530247479376,0.0013,0.0017788861839153,0.0,0.037,2182,2021-01-01 00:00:00+00:00,2021-05-17 04:00:00+00:00,2850285.0,24.1439,120.6794,,,,,,,,,,,,,,,,,,,,,,,,,,,,,,,,,,,Moyenne,0,Post-COVID,OUI
UGA,UG,Kampala,2019,pm25,60.50058647204483,51.0,33.164416948485,11.0,325.0,7673,2019-01-01 00:00:00+00:00,2019-12-31 22:00:00+00:00,1680600.0,0.3136,32.5811,Uganda,Sub-Saharan Africa ,Low income,22.0428914452572,22.9455088065564,682.864849687286,6.43874503276439,5.97104151085438,214.440639337722,0.637,0.0,80.7448676834179,455.421313903164,90.5,66.354,11.8649012567325,42.7,26.6204366953482,19822.5,17.8313253012048,822.171150036357,35353061003.4359,27.8369781799403,42999637.0,,42.9981110493193,200520.0,,0.5532522779534358,0.0,49.5659455019046,Faible,Rural,Renouvelable,Moyenne,0,Pre-COVID,OUI
UGA,UG,Kampala,2020,pm25,57.89655716993051,50.0,33.05326432069007,13.0,985.0,6332,2020-01-01 00:00:00+00:00,2020-11-10 11:00:00+00:00,1680600.0,0.3136,32.5811,Uganda,Sub-Saharan Africa ,Low income,22.4171466106688,23.9290337205103,674.255410480948,2.95130642218098,5.82745827664575,221.709315778975,0.637,0.0,78.8849452164637,475.325187025973,91.6,66.41,11.6591861160981,,26.4905245869762,4946.0,19.180470793374,845.766463890124,37600368241.6657,28.5399752271502,44457152.0,,42.8380040896187,200520.0,,0.5613415354716398,0.0,50.4195583074865,Faible,Rural,Renouvelable,Moyenne,1,COVID,OUI
UGA,UG,Kampala,2021,pm25,53.57910662824207,46.0,28.62162673573474,14.0,718.0,6940,2021-01-28 09:00:00+00:00,2021-12-31 22:00:00+00:00,1680600.0,0.3136,32.5811,Uganda,Sub-Saharan Africa ,Low income,22.789614286416,23.8418038272172,691.824196740657,3.53658034070898,5.62825572631813,228.959355675244,0.637,0.0,84.2500903379653,483.425019132137,91.0,66.45,11.4534375623379,,27.149441688847,16490.0,19.6208530805687,882.791717542504,40529788748.6737,29.2362957789022,45910930.0,,41.8463858299692,200520.0,,0.5469897596193389,0.0,50.9912455160642,Faible,Rural,Renouvelable,Moyenne,0,Post-COVID,OUI
UGA,UG,Kampala,2022,pm25,50.51007821901324,43.0,26.844305132226747,14.0,469.0,6648,2022-01-01 00:00:00+00:00,2022-12-31 22:00:00+00:00,1680600.0,0.3136,32.5811,Uganda,Sub-Saharan Africa ,Low income,23.1603896161507,24.0117220529553,699.743492498532,4.58802192181773,5.33658316141316,235.950124675843,0.637,,89.8701256209773,482.821621536668,90.9,67.675,11.2477114502294,,26.7661486333726,35153.299,19.3246753246753,963.067314117178,45565333210.9108,29.9251969709665,47312719.0,,41.6521408721143,200520.0,,0.5008173334647286,,50.7778706863279,Faible,Rural,Renouvelable,Moyenne,0,Post-COVID,OUI
UGA,UG,Kampala,2023,pm25,42.02173913043478,34.0,31.65020864911732,2.0,985.0,3818,2023-01-01 00:00:00+00:00,2023-12-31 22:00:00+00:00,1680600.0,0.3136,32.5811,Uganda,Sub-Saharan Africa ,Low income,23.5293222340079,24.0895746897278,705.722259970456,5.33697295511469,5.05014804626893,242.65210951526,,,,,,68.252,11.0419703770197,,25.7532114394482,21650.2,,1002.30913917142,48768955863.3175,30.6059359395495,48656601.0,,42.5125306078843,200520.0,,,,49.842786129176005,Faible,Rural,,Moyenne,0,Post-COVID,OUI
UGA,UG,Nansana,2019,pm25,60.50058647204483,51.0,33.164416948485,11.0,325.0,7673,2019-01-01 00:00:00+00:00,2019-12-31 22:00:00+00:00,532800.0,0.3639,32.5286,Uganda,Sub-Saharan Africa ,Low income,22.0428914452572,22.9455088065564,682.864849687286,6.43874503276439,5.97104151085438,214.440639337722,0.637,0.0,80.7448676834179,455.421313903164,90.5,66.354,11.8649012567325,42.7,26.6204366953482,19822.5,17.8313253012048,822.171150036357,35353061003.4359,27.8369781799403,42999637.0,,42.9981110493193,200520.0,,0.5532522779534358,0.0,49.5659455019046,Faible,Rural,Renouvelable,Petite,0,Pre-COVID,OUI
UGA,UG,Nansana,2020,pm25,57.89655716993051,50.0,33.05326432069007,13.0,985.0,6332,2020-01-01 00:00:00+00:00,2020-11-10 11:00:00+00:00,532800.0,0.3639,32.5286,Uganda,Sub-Saharan Africa ,Low income,22.4171466106688,23.9290337205103,674.255410480948,2.95130642218098,5.82745827664575,221.709315778975,0.637,0.0,78.8849452164637,475.325187025973,91.6,66.41,11.6591861160981,,26.4905245869762,4946.0,19.180470793374,845.766463890124,37600368241.6657,28.5399752271502,44457152.0,,42.8380040896187,200520.0,,0.5613415354716398,0.0,50.4195583074865,Faible,Rural,Renouvelable,Petite,1,COVID,OUI
UGA,UG,Nansana,2021,pm25,53.57910662824207,46.0,28.62162673573474,14.0,718.0,6940,2021-01-28 09:00:00+00:00,2021-12-31 22:00:00+00:00,532800.0,0.3639,32.5286,Uganda,Sub-Saharan Africa ,Low income,22.789614286416,23.8418038272172,691.824196740657,3.53658034070898,5.62825572631813,228.959355675244,0.637,0.0,84.2500903379653,483.425019132137,91.0,66.45,11.4534375623379,,27.149441688847,16490.0,19.6208530805687,882.791717542504,40529788748.6737,29.2362957789022,45910930.0,,41.8463858299692,200520.0,,0.5469897596193389,0.0,50.9912455160642,Faible,Rural,Renouvelable,Petite,0,Post-COVID,OUI
UGA,UG,Nansana,2022,pm25,50.51007821901324,43.0,26.844305132226747,14.0,469.0,6648,2022-01-01 00:00:00+00:00,2022-12-31 22:00:00+00:00,532800.0,0.3639,32.5286,Uganda,Sub-Saharan Africa ,Low income,23.1603896161507,24.0117220529553,699.743492498532,4.58802192181773,5.33658316141316,235.950124675843,0.637,,89.8701256209773,482.821621536668,90.9,67.675,11.2477114502294,,26.7661486333726,35153.299,19.3246753246753,963.067314117178,45565333210.9108,29.9251969709665,47312719.0,,41.6521408721143,200520.0,,0.5008173334647286,,50.7778706863279,Faible,Rural,Renouvelable,Petite,0,Post-COVID,OUI
UGA,UG,Nansana,2023,pm25,42.02173913043478,34.0,31.65020864911732,2.0,985.0,3818,2023-01-01 00:00:00+00:00,2023-12-31 22:00:00+00:00,532800.0,0.3639,32.5286,Uganda,Sub-Saharan Africa ,Low income,23.5293222340079,24.0895746897278,705.722259970456,5.33697295511469,5.05014804626893,242.65210951526,,,,,,68.252,11.0419703770197,,25.7532114394482,21650.2,,1002.30913917142,48768955863.3175,30.6059359395495,48656601.0,,42.5125306078843,200520.0,,,,49.842786129176005,Faible,Rural,,Petite,0,Post-COVID,OUI
USA,US,New York,2019,o3,0.0238327638190954,0.022,0.014220821957279,0.0,0.104,4975,2019-01-01 00:00:00+00:00,2019-12-31 22:00:00+00:00,18832416.0,40.6943,-73.9249,United States,North America,High income,99.6844358089122,0.838812891431208,41038.7954891299,2.58382533412825,0.328117138669072,36.1004771837305,444.29,24.3530384173999,12678.2540503665,6700.93033990565,10.2,78.7878048780488,33.8669264120375,41.9,18.2804280414808,926737000.0,5.55840938484799,64746.4506778863,21380976119000.0,80.1304793353594,330226227.0,100.063430786133,77.181114155661,9147420.0,149488.6469,0.1034933463750144,2.174378430124991,19.119240932912007,Élevé,Urbain,Mixte-Fossile,Mégapole,0,Pre-COVID,OUI
USA,US,New York,2019,pm25,7.383188465078229,6.5,5.2448234536831375,0.0,63.1,9779,2019-01-01 00:00:00+00:00,2019-12-31 22:00:00+00:00,18832416.0,40.6943,-73.9249,United States,North America,High income,99.6844358089122,0.838812891431208,41038.7954891299,2.58382533412825,0.328117138669072,36.1004771837305,444.29,24.3530384173999,12678.2540503665,6700.93033990565,10.2,78.7878048780488,33.8669264120375,41.9,18.2804280414808,926737000.0,5.55840938484799,64746.4506778863,21380976119000.0,80.1304793353594,330226227.0,100.063430786133,77.181114155661,9147420.0,149488.6469,0.1034933463750144,2.174378430124991,19.119240932912007,Élevé,Urbain,Mixte-Fossile,Mégapole,0,Pre-COVID,OUI
USA,US,New York,2020,o3,0.024330169089291,0.024,0.0138483481262255,0.0,0.097,6742,2020-01-01 00:00:00+00:00,2020-12-31 22:00:00+00:00,18832416.0,40.6943,-73.9249,United States,North America,High income,99.6662725669219,0.948847431791134,39840.6610401929,-2.16302914036166,0.242275902012485,36.248222996211,444.29,20.0882948834085,12393.4382563461,6141.53125755889,11.0,76.9804878048781,33.8669264120375,40.0,17.5084284843618,369501000.0,4.64711271693736,63515.9491807833,21060473613000.0,79.997451762548,331577720.0,100.509819030762,78.137486413611,9147420.0,148749.68684,0.0966912192221123,1.6740245736173751,18.45727591615293,Élevé,Urbain,Mixte-Fossile,Mégapole,1,COVID,OUI
USA,US,New York,2020,pm25,7.064366536820627,6.4,4.674701351574429,0.0,86.0,10782,2020-01-01 00:00:00+00:00,2020-12-31 22:00:00+00:00,18832416.0,40.6943,-73.9249,United States,North America,High income,99.6662725669219,0.948847431791134,39840.6610401929,-2.16302914036166,0.242275902012485,36.248222996211,444.29,20.0882948834085,12393.4382563461,6141.53125755889,11.0,76.9804878048781,33.8669264120375,40.0,17.5084284843618,369501000.0,4.64711271693736,63515.9491807833,21060473613000.0,79.997451762548,331577720.0,100.509819030762,78.137486413611,9147420.0,148749.68684,0.0966912192221123,1.6740245736173751,18.45727591615293,Élevé,Urbain,Mixte-Fossile,Mégapole,1,COVID,OUI
USA,US,New York,2021,o3,0.0239571865443425,0.023,0.0138933748323672,0.0,0.102,5886,2021-01-01 00:00:00+00:00,2021-12-31 22:00:00+00:00,18832416.0,40.6943,-73.9249,United States,North America,High income,99.6486733885848,0.959566656543433,43121.5186755931,6.05505293244555,0.16984763362711,36.3052926398919,444.29,22.6659071437519,12556.0915792291,6445.83409243358,10.9,76.3292682926829,33.8669264120375,39.7,17.8846533610262,666153000.0,5.58011610459837,70205.050916026,23315080560000.0,80.0074765140272,332099760.0,101.192489624023,77.5992103112853,9147420.0,148553.34734,0.0918130846035406,1.9046980793068824,18.844220017569636,Élevé,Urbain,Mixte-Fossile,Mégapole,0,Post-COVID,OUI
USA,US,New York,2021,pm25,7.660325732899023,6.8,5.469968582858813,0.0,97.9,10745,2021-01-01 00:00:00+00:00,2021-12-31 22:00:00+00:00,18832416.0,40.6943,-73.9249,United States,North America,High income,99.6486733885848,0.959566656543433,43121.5186755931,6.05505293244555,0.16984763362711,36.3052926398919,444.29,22.6659071437519,12556.0915792291,6445.83409243358,10.9,76.3292682926829,33.8669264120375,39.7,17.8846533610262,666153000.0,5.58011610459837,70205.050916026,23315080560000.0,80.0074765140272,332099760.0,101.192489624023,77.5992103112853,9147420.0,148553.34734,0.0918130846035406,1.9046980793068824,18.844220017569636,Élevé,Urbain,Mixte-Fossile,Mégapole,0,Post-COVID,OUI
USA,US,New York,2022,o3,0.0254586180713743,0.025,0.0137248992767934,0.0,0.086,7902,2022-01-01 00:00:00+00:00,2022-12-31 22:00:00+00:00,18832416.0,40.6943,-73.9249,United States,North America,High income,99.6316127279868,,43959.4618088683,2.51237531986017,0.607013468343226,36.5149212564854,444.29,20.3164902183759,12968.1628097364,6511.68841394546,,77.4341463414634,33.8669264120375,41.7,,852828000.0,4.56000487613028,76657.2488844403,25604848907611.0,80.0324978239707,334017321.0,97.4734878540039,,9147420.0,,0.0849443929219099,,,Élevé,Urbain,,Mégapole,0,Post-COVID,OUI
USA,US,New York,2022,pm25,7.096384747328144,6.2,5.048093187504147,0.0,77.1,15158,2022-01-01 00:00:00+00:00,2022-12-31 22:00:00+00:00,18832416.0,40.6943,-73.9249,United States,North America,High income,99.6316127279868,,43959.4618088683,2.51237531986017,0.607013468343226,36.5149212564854,444.29,20.3164902183759,12968.1628097364,6511.68841394546,,77.4341463414634,33.8669264120375,41.7,,852828000.0,4.56000487613028,76657.2488844403,25604848907611.0,80.0324978239707,334017321.0,97.4734878540039,,9147420.0,,0.0849443929219099,,,Élevé,Urbain,,Mégapole,0,Post-COVID,OUI
USA,US,New York,2023,o3,0.0263802432026233,0.025,0.015016347032937,0.0,0.094,7319,2023-01-01 00:00:00+00:00,2023-12-31 22:00:00+00:00,18832416.0,40.6943,-73.9249,United States,North America,High income,99.6151178147694,,,2.88755600749487,0.880290591487868,36.8198061311277,,16.6638854819688,12551.2256333524,6363.50015820072,,78.3853658536585,33.8669264120375,41.8,,941557000.0,5.48253479643862,81032.262117545,27292170793214.4,80.071561119178,336806231.0,,,9147420.0,,0.078529482732288,,,Élevé,Urbain,,Mégapole,0,Post-COVID,OUI
USA,US,New York,2023,pm25,8.799806654314025,6.6,10.956760294897522,0.0,257.2,12413,2023-01-01 00:00:00+00:00,2023-12-31 22:00:00+00:00,18832416.0,40.6943,-73.9249,United States,North America,High income,99.6151178147694,,,2.88755600749487,0.880290591487868,36.8198061311277,,16.6638854819688,12551.2256333524,6363.50015820072,,78.3853658536585,33.8669264120375,41.8,,941557000.0,5.48253479643862,81032.262117545,27292170793214.4,80.071561119178,336806231.0,,,9147420.0,,0.078529482732288,,,Élevé,Urbain,,Mégapole,0,Post-COVID,OUI
UZB,UZ,Tashkent,2019,o3,0.0213788375197184,0.015,0.021458503839889,0.0,0.162,8241,2019-01-01 00:00:00+00:00,2019-12-31 22:00:00+00:00,3095498.0,41.3111,69.2797,Uzbekistan,Europe & Central Asia,Lower middle income,95.9392204824787,21.8419117411197,2150.97511911645,6.77992399655236,1.83052681601385,74.8253929702307,52.948,6.00651650375407,1824.40605179461,1285.18444128817,1.6,72.093,8.31637366503615,,31.9991183695607,3685192.0,7.40268530323779,2041.38480729431,67293639798.3996,50.5920104980469,32964701.0,96.2074737548828,38.5474434831914,440555.0,4735.0,0.6292567574426603,2.310198655290027,53.8410301106804,Faible,Semi-urbain,Fossile,Moyenne,0,Pre-COVID,OUI
UZB,UZ,Tashkent,2019,pm25,41.89370078740158,34.0,34.88039002455575,0.0,966.0,6858,2019-01-01 00:00:00+00:00,2019-12-31 22:00:00+00:00,3095498.0,41.3111,69.2797,Uzbekistan,Europe & Central Asia,Lower middle income,95.9392204824787,21.8419117411197,2150.97511911645,6.77992399655236,1.83052681601385,74.8253929702307,52.948,6.00651650375407,1824.40605179461,1285.18444128817,1.6,72.093,8.31637366503615,,31.9991183695607,3685192.0,7.40268530323779,2041.38480729431,67293639798.3996,50.5920104980469,32964701.0,96.2074737548828,38.5474434831914,440555.0,4735.0,0.6292567574426603,2.310198655290027,53.8410301106804,Faible,Semi-urbain,Fossile,Moyenne,0,Pre-COVID,OUI
UZB,UZ,Tashkent,2020,o3,0.0204505127888298,0.015,0.0193599557872308,0.0,0.232,8093,2020-01-01 00:00:00+00:00,2020-12-31 22:00:00+00:00,3095498.0,41.3111,69.2797,Uzbekistan,Europe & Central Asia,Lower middle income,96.0621184881157,22.5277110093492,2061.51168260303,1.56334277260515,2.21367285811154,76.2200658118688,50.0,7.82406015037594,1758.03447898451,1351.37520056543,1.0,71.461,8.37322137751049,,32.0252433250071,933769.0,15.0,1978.28051860763,66443265418.3086,50.7670402526855,33586372.0,90.0642970154019,38.806479436163,440650.0,4732.0,0.6827608253912819,3.91203007518797,54.5529543343563,Faible,Semi-urbain,Fossile,Moyenne,1,COVID,OUI
UZB,UZ,Tashkent,2020,pm25,38.09078229998732,30.0,25.43983618285601,6.0,254.0,7887,2020-01-01 00:00:00+00:00,2020-12-31 22:00:00+00:00,3095498.0,41.3111,69.2797,Uzbekistan,Europe & Central Asia,Lower middle income,96.0621184881157,22.5277110093492,2061.51168260303,1.56334277260515,2.21367285811154,76.2200658118688,50.0,7.82406015037594,1758.03447898451,1351.37520056543,1.0,71.461,8.37322137751049,,32.0252433250071,933769.0,15.0,1978.28051860763,66443265418.3086,50.7670402526855,33586372.0,90.0642970154019,38.806479436163,440650.0,4732.0,0.6827608253912819,3.91203007518797,54.5529543343563,Faible,Semi-urbain,Fossile,Moyenne,1,COVID,OUI
UZB,UZ,Tashkent,2021,o3,0.020427299703264,0.017,0.0179775055463135,0.0,0.085,3033,2021-01-01 00:00:00+00:00,2021-06-27 21:00:00+00:00,3095498.0,41.3111,69.2797,Uzbekistan,Europe & Central Asia,Lower middle income,96.1847033375418,22.1547283093166,2257.34732084617,8.03468312640049,2.25278286044501,77.7112512566577,42.5,6.94337401734793,2118.90095041143,1465.19908492256,1.0,71.681,8.43180461723851,32.9,32.3968180112869,2010914.0,3.35187702310721,2258.51964119278,77340060003.0347,50.9269905090332,34243696.0,97.2589036917117,39.1120142077619,440653.0,4732.0,0.6484560072906003,3.471687008673965,54.55154632060351,Faible,Semi-urbain,Fossile,Moyenne,0,Post-COVID,OUI
UZB,UZ,Tashkent,2021,pm25,46.224790483914575,36.0,43.99640375975565,9.0,978.0,7398,2021-01-01 00:00:00+00:00,2021-12-31 22:00:00+00:00,3095498.0,41.3111,69.2797,Uzbekistan,Europe & Central Asia,Lower middle income,96.1847033375418,22.1547283093166,2257.34732084617,8.03468312640049,2.25278286044501,77.7112512566577,42.5,6.94337401734793,2118.90095041143,1465.19908492256,1.0,71.681,8.43180461723851,32.9,32.3968180112869,2010914.0,3.35187702310721,2258.51964119278,77340060003.0347,50.9269905090332,34243696.0,97.2589036917117,39.1120142077619,440653.0,4732.0,0.6484560072906003,3.471687008673965,54.55154632060351,Faible,Semi-urbain,Fossile,Moyenne,0,Post-COVID,OUI
UZB,UZ,Tashkent,2022,o3,0.0058789712556732,0.003,0.0067770018512316,0.0,0.032,661,2022-10-29 00:00:00+00:00,2022-12-28 21:00:00+00:00,3095498.0,41.3111,69.2797,Uzbekistan,Europe & Central Asia,Lower middle income,96.30669347504,20.9737716891415,2461.15100156424,6.00134232203442,2.12332551488887,79.2892236957962,42.9,7.59266988918661,2094.05232640759,1381.80448771676,,72.147,8.49046413042492,31.2,31.4813507507112,4227000.0,4.54967752359666,2578.66689394219,90095926567.4359,50.9847412109375,34938955.0,97.3779819618405,41.5404801361493,440652.0,,0.5356522933102873,,52.4551224398527,Faible,Semi-urbain,,Moyenne,0,Post-COVID,OUI
UZB,UZ,Tashkent,2022,pm25,37.63690922730682,29.0,28.03873923373352,0.0,257.0,5332,2022-01-01 00:00:00+00:00,2022-12-31 22:00:00+00:00,3095498.0,41.3111,69.2797,Uzbekistan,Europe & Central Asia,Lower middle income,96.30669347504,20.9737716891415,2461.15100156424,6.00134232203442,2.12332551488887,79.2892236957962,42.9,7.59266988918661,2094.05232640759,1381.80448771676,,72.147,8.49046413042492,31.2,31.4813507507112,4227000.0,4.54967752359666,2578.66689394219,90095926567.4359,50.9847412109375,34938955.0,97.3779819618405,41.5404801361493,440652.0,,0.5356522933102873,,52.4551224398527,Faible,Semi-urbain,,Moyenne,0,Post-COVID,OUI
UZB,UZ,Tashkent,2023,o3,0.017891069676153,0.011,0.0190037259212013,0.0,0.092,3057,2023-01-01 23:00:00+00:00,2023-12-31 22:00:00+00:00,3095498.0,41.3111,69.2797,Uzbekistan,Europe & Central Asia,Lower middle income,96.4278294703949,20.1676495950561,2580.22587652146,6.29141635082311,2.04417407723884,80.9084466129581,,,,,,72.388,8.54914331101781,34.5,31.0244117605751,4849939.0,,2878.96879292451,102641879248.764,50.9964841114568,35652307.0,97.3839945834102,43.9528453580868,440650.0,,,,51.1920613556312,Faible,Semi-urbain,,Moyenne,0,Post-COVID,OUI
UZB,UZ,Tashkent,2023,pm25,38.82865583456425,24.0,49.5414148586522,0.0,857.0,6770,2023-01-01 00:00:00+00:00,2023-12-31 22:00:00+00:00,3095498.0,41.3111,69.2797,Uzbekistan,Europe & Central Asia,Lower middle income,96.4278294703949,20.1676495950561,2580.22587652146,6.29141635082311,2.04417407723884,80.9084466129581,,,,,,72.388,8.54914331101781,34.5,31.0244117605751,4849939.0,,2878.96879292451,102641879248.764,50.9964841114568,35652307.0,97.3839945834102,43.9528453580868,440650.0,,,,51.1920613556312,Faible,Semi-urbain,,Moyenne,0,Post-COVID,OUI
VNM,VN,Hanoi,2019,pm25,51.869253731343285,41.0,37.97430172499674,0.0,555.0,5025,2019-01-01 00:00:00+00:00,2019-12-31 22:00:00+00:00,8587100.0,21.0,105.85,Viet Nam,East Asia & Pacific,Lower middle income,86.6789932516384,11.7845285540387,1907.19316863785,7.35926270105006,2.96038644426744,310.034412897339,81.862,50.1744205689574,2290.2681069016,987.27147244039,20.4,74.211,46.4768416451573,,36.8031368977554,53227026.0,6.53718156632205,3440.90025375434,334365270496.667,34.6239134999511,97173776.0,94.654621676317,42.4687227777403,313429.0,2481.0,0.2868390713424941,2.344599092007355,48.5876654517941,Faible,Rural,Mixte-Fossile,Grande,0,Pre-COVID,OUI
VNM,VN,Hanoi,2020,pm25,43.468616082682125,34.0,30.7825858113872,0.0,266.0,7934,2020-01-01 00:00:00+00:00,2020-12-31 22:00:00+00:00,8587100.0,21.0,105.85,Viet Nam,East Asia & Pacific,Lower middle income,88.5744092568809,12.6554035685556,1896.76740474564,2.86541320912272,3.6251116340205,312.923153250018,81.862,49.6195668017375,2303.70986644863,991.281232485165,18.9,75.383,46.7190017515929,36.8,36.7437132938801,31771202.0,6.53295630119815,3534.03953482647,346615738537.796,35.5706676299742,98079191.0,93.1921389514105,41.8311604395691,313429.0,3159.0,0.2804158829680035,2.4934455679265075,49.3991168624357,Faible,Rural,Mixte-Fossile,Grande,1,COVID,OUI
VNM,VN,Hanoi,2021,pm25,42.16629941672068,31.0,35.83976749542396,0.0,333.0,7715,2021-01-01 00:00:00+00:00,2021-12-31 22:00:00+00:00,8587100.0,21.0,105.85,Viet Nam,East Asia & Pacific,Lower middle income,90.4559668368841,12.6030904652745,1921.17036581274,2.55372852648131,3.86918418992208,315.653937574379,81.862,45.3896147456564,2403.54540306818,962.199524881189,24.2,74.145,46.9611618580284,,37.3915192469302,14754847.0,6.48890958380851,3704.1935590038,366474752771.009,36.6540656426603,98935098.0,92.7690209240401,41.2574400803721,313429.0,3159.0,0.2596894088145536,1.8011751883196985,49.9946097122047,Faible,Rural,Mixte-Fossile,Grande,0,Post-COVID,OUI
VNM,VN,Hanoi,2022,pm25,41.45812883435583,33.0,29.5406167750366,1.0,286.0,6520,2022-01-01 00:00:00+00:00,2022-12-31 22:00:00+00:00,8587100.0,21.0,105.85,Viet Nam,East Asia & Pacific,Lower middle income,92.3237168322338,11.8802998302585,2057.05698178473,8.53750046755788,3.1599357541504,318.032648542413,81.862,40.1977454271822,2624.40089303185,1023.0571362687,,74.502,47.203321964464,36.1,38.4823612398341,48674423.0,6.19935170178282,4147.69777213621,413445230668.578,37.5478515625,99680655.0,93.4123434096522,41.1356424431376,313429.0,,0.2465971715606356,,50.3626610700926,Faible,Rural,,Grande,0,Post-COVID,OUI
VNM,VN,Hanoi,2023,pm25,41.96707051879466,36.0,26.669884577008165,0.0,256.0,6438,2023-01-01 00:00:00+00:00,2023-12-27 02:00:00+00:00,8587100.0,21.0,105.85,Viet Nam,East Asia & Pacific,Lower middle income,94.0898634431677,11.8616711588794,2113.39556425954,5.06502391455075,2.20966454551038,320.175197572656,,,,,,74.588,47.4454820708996,,37.5815697548824,55114832.0,,4323.35031982451,433857681378.291,38.1298904418945,100352192.0,,42.2942279625883,313429.0,,,,49.4432409137618,Faible,Rural,,Grande,0,Post-COVID,OUI
VNM,VN,Ho Chi Minh City,2019,pm25,57.02875184737337,22.0,169.07484473975154,0.0,985.0,7443,2019-01-01 00:00:00+00:00,2019-12-31 22:00:00+00:00,15136000.0,10.7756,106.7019,Viet Nam,East Asia & Pacific,Lower middle income,86.6789932516384,11.7845285540387,1907.19316863785,7.35926270105006,2.96038644426744,310.034412897339,81.862,50.1744205689574,2290.2681069016,987.27147244039,20.4,74.211,46.4768416451573,,36.8031368977554,53227026.0,6.53718156632205,3440.90025375434,334365270496.667,34.6239134999511,97173776.0,94.654621676317,42.4687227777403,313429.0,2481.0,0.2868390713424941,2.344599092007355,48.5876654517941,Faible,Rural,Mixte-Fossile,Mégapole,0,Pre-COVID,OUI
VNM,VN,Ho Chi Minh City,2020,pm25,25.41670773780187,20.0,48.53607597354279,0.0,985.0,8116,2020-01-01 00:00:00+00:00,2020-12-31 22:00:00+00:00,15136000.0,10.7756,106.7019,Viet Nam,East Asia & Pacific,Lower middle income,88.5744092568809,12.6554035685556,1896.76740474564,2.86541320912272,3.6251116340205,312.923153250018,81.862,49.6195668017375,2303.70986644863,991.281232485165,18.9,75.383,46.7190017515929,36.8,36.7437132938801,31771202.0,6.53295630119815,3534.03953482647,346615738537.796,35.5706676299742,98079191.0,93.1921389514105,41.8311604395691,313429.0,3159.0,0.2804158829680035,2.4934455679265075,49.3991168624357,Faible,Rural,Mixte-Fossile,Mégapole,1,COVID,OUI
VNM,VN,Ho Chi Minh City,2021,pm25,29.594327176781004,19.0,83.78451393806021,0.0,985.0,7580,2021-01-01 00:00:00+00:00,2021-12-31 22:00:00+00:00,15136000.0,10.7756,106.7019,Viet Nam,East Asia & Pacific,Lower middle income,90.4559668368841,12.6030904652745,1921.17036581274,2.55372852648131,3.86918418992208,315.653937574379,81.862,45.3896147456564,2403.54540306818,962.199524881189,24.2,74.145,46.9611618580284,,37.3915192469302,14754847.0,6.48890958380851,3704.1935590038,366474752771.009,36.6540656426603,98935098.0,92.7690209240401,41.2574400803721,313429.0,3159.0,0.2596894088145536,1.8011751883196985,49.9946097122047,Faible,Rural,Mixte-Fossile,Mégapole,0,Post-COVID,OUI
VNM,VN,Ho Chi Minh City,2022,pm25,146.49362017804154,21.0,322.4499143756328,0.0,985.0,6740,2022-01-01 00:00:00+00:00,2022-12-31 07:00:00+00:00,15136000.0,10.7756,106.7019,Viet Nam,East Asia & Pacific,Lower middle income,92.3237168322338,11.8802998302585,2057.05698178473,8.53750046755788,3.1599357541504,318.032648542413,81.862,40.1977454271822,2624.40089303185,1023.0571362687,,74.502,47.203321964464,36.1,38.4823612398341,48674423.0,6.19935170178282,4147.69777213621,413445230668.578,37.5478515625,99680655.0,93.4123434096522,41.1356424431376,313429.0,,0.2465971715606356,,50.3626610700926,Faible,Rural,,Mégapole,0,Post-COVID,OUI
VNM,VN,Ho Chi Minh City,2023,pm25,394.2152889707575,31.0,462.9971735388148,2.0,985.0,4343,2023-01-01 00:00:00+00:00,2023-11-02 12:00:00+00:00,15136000.0,10.7756,106.7019,Viet Nam,East Asia & Pacific,Lower middle income,94.0898634431677,11.8616711588794,2113.39556425954,5.06502391455075,2.20966454551038,320.175197572656,,,,,,74.588,47.4454820708996,,37.5815697548824,55114832.0,,4323.35031982451,433857681378.291,38.1298904418945,100352192.0,,42.2942279625883,313429.0,,,,49.4432409137618,Faible,Rural,,Mégapole,0,Post-COVID,OUI
ZAF,ZA,Cape Town,2021,no2,0.0051865940594059,0.003566,0.0047857260707834,8.6e-05,0.044184,3232,2021-04-29 12:00:00+00:00,2021-12-31 22:00:00+00:00,4770313.0,-33.9253,18.4239,South Africa,Sub-Saharan Africa ,Upper middle income,75.5483071505453,2.45787199667371,3822.61527120818,4.85864865060148,1.56117901568083,50.6991261983859,20.89,83.1709379710998,3518.45270679031,2124.62297436572,9.7,62.01,14.0250847010527,,24.9006017482132,9321575.836,10.1363303959179,6828.75624590017,419986284375.368,63.4503925883909,61502603.0,106.443303990911,62.7445288151422,1213090.0,20953.0,0.3110832799693413,7.772984857112132,27.35847374488691,Moyen-Faible,Semi-urbain,Fossile,Moyenne,0,Post-COVID,OUI
ZAF,ZA,Cape Town,2021,pm10,33.137778605641294,27.493,23.035439515123173,1.963,290.237,1879,2021-04-29 12:00:00+00:00,2021-12-14 10:00:00+00:00,4770313.0,-33.9253,18.4239,South Africa,Sub-Saharan Africa ,Upper middle income,75.5483071505453,2.45787199667371,3822.61527120818,4.85864865060148,1.56117901568083,50.6991261983859,20.89,83.1709379710998,3518.45270679031,2124.62297436572,9.7,62.01,14.0250847010527,,24.9006017482132,9321575.836,10.1363303959179,6828.75624590017,419986284375.368,63.4503925883909,61502603.0,106.443303990911,62.7445288151422,1213090.0,20953.0,0.3110832799693413,7.772984857112132,27.35847374488691,Moyen-Faible,Semi-urbain,Fossile,Moyenne,0,Post-COVID,OUI
ZAF,ZA,Cape Town,2021,pm25,7.00878783269962,5.7145,5.750612995839946,0.0,59.044,2630,2021-04-29 12:00:00+00:00,2021-11-16 06:00:00+00:00,4770313.0,-33.9253,18.4239,South Africa,Sub-Saharan Africa ,Upper middle income,75.5483071505453,2.45787199667371,3822.61527120818,4.85864865060148,1.56117901568083,50.6991261983859,20.89,83.1709379710998,3518.45270679031,2124.62297436572,9.7,62.01,14.0250847010527,,24.9006017482132,9321575.836,10.1363303959179,6828.75624590017,419986284375.368,63.4503925883909,61502603.0,106.443303990911,62.7445288151422,1213090.0,20953.0,0.3110832799693413,7.772984857112132,27.35847374488691,Moyen-Faible,Semi-urbain,Fossile,Moyenne,0,Post-COVID,OUI
ZAF,ZA,Cape Town,2021,so2,0.0027016978536048,0.002586,0.008667012595096,0.0,0.600928,5451,2021-04-29 12:00:00+00:00,2021-12-31 22:00:00+00:00,4770313.0,-33.9253,18.4239,South Africa,Sub-Saharan Africa ,Upper middle income,75.5483071505453,2.45787199667371,3822.61527120818,4.85864865060148,1.56117901568083,50.6991261983859,20.89,83.1709379710998,3518.45270679031,2124.62297436572,9.7,62.01,14.0250847010527,,24.9006017482132,9321575.836,10.1363303959179,6828.75624590017,419986284375.368,63.4503925883909,61502603.0,106.443303990911,62.7445288151422,1213090.0,20953.0,0.3110832799693413,7.772984857112132,27.35847374488691,Moyen-Faible,Semi-urbain,Fossile,Moyenne,0,Post-COVID,OUI
ZAF,ZA,Cape Town,2022,no2,0.0032603442728442,0.0019605,0.003992874097539,0.0,0.035587,1554,2022-01-01 00:00:00+00:00,2022-07-06 12:00:00+00:00,4770313.0,-33.9253,18.4239,South Africa,Sub-Saharan Africa ,Upper middle income,76.169562634684,2.60577484985618,3868.54739395135,2.05813661692193,1.45537677352059,51.4210899438624,21.11,82.7050466220564,3404.62349072379,1938.30644693274,,65.454,13.9950786833623,,24.9820287872223,12133966.35,10.0431942732889,6534.24867783397,407596043067.885,63.4766699210327,62378410.0,104.535066506498,62.2719610043357,1213090.0,,0.2965926076397093,,27.58780363707848,Moyen-Faible,Semi-urbain,,Moyenne,0,Post-COVID,OUI
ZAF,ZA,Cape Town,2022,pm10,30.07580572941743,25.5415,22.56596541382804,0.0,533.86,4154,2022-01-04 19:00:00+00:00,2022-12-31 22:00:00+00:00,4770313.0,-33.9253,18.4239,South Africa,Sub-Saharan Africa ,Upper middle income,76.169562634684,2.60577484985618,3868.54739395135,2.05813661692193,1.45537677352059,51.4210899438624,21.11,82.7050466220564,3404.62349072379,1938.30644693274,,65.454,13.9950786833623,,24.9820287872223,12133966.35,10.0431942732889,6534.24867783397,407596043067.885,63.4766699210327,62378410.0,104.535066506498,62.2719610043357,1213090.0,,0.2965926076397093,,27.58780363707848,Moyen-Faible,Semi-urbain,,Moyenne,0,Post-COVID,OUI
ZAF,ZA,Cape Town,2022,so2,0.001530620614035,0.00052,0.0084725300139117,0.0,0.224117,2736,2022-01-01 00:00:00+00:00,2022-07-06 12:00:00+00:00,4770313.0,-33.9253,18.4239,South Africa,Sub-Saharan Africa ,Upper middle income,76.169562634684,2.60577484985618,3868.54739395135,2.05813661692193,1.45537677352059,51.4210899438624,21.11,82.7050466220564,3404.62349072379,1938.30644693274,,65.454,13.9950786833623,,24.9820287872223,12133966.35,10.0431942732889,6534.24867783397,407596043067.885,63.4766699210327,62378410.0,104.535066506498,62.2719610043357,1213090.0,,0.2965926076397093,,27.58780363707848,Moyen-Faible,Semi-urbain,,Moyenne,0,Post-COVID,OUI
ZAF,ZA,Cape Town,2023,no2,0.0066537732406602,0.004262,0.006527312589008,8e-06,0.033989,1151,2023-02-14 00:00:00+00:00,2023-12-05 09:00:00+00:00,4770313.0,-33.9253,18.4239,South Africa,Sub-Saharan Africa ,Upper middle income,76.7816295496925,2.53517112309848,3826.16731319893,0.80610455095804,1.49448180148783,52.1085690262058,,81.599065017073,3247.14853342661,1938.50916018053,,66.139,13.965072665672,,24.5639655120651,15454595.699,10.2490525884287,6034.27208964673,381440724491.232,63.5823705163545,63212384.0,104.133480684239,62.7205686343674,1213090.0,,0.3211966472076653,,27.09913663516358,Moyen-Faible,Semi-urbain,,Moyenne,0,Post-COVID,OUI
ZAF,ZA,Cape Town,2023,pm10,23.25219878603945,21.028,12.56715705760715,0.609,104.665,1977,2023-01-01 00:00:00+00:00,2023-12-29 06:00:00+00:00,4770313.0,-33.9253,18.4239,South Africa,Sub-Saharan Africa ,Upper middle income,76.7816295496925,2.53517112309848,3826.16731319893,0.80610455095804,1.49448180148783,52.1085690262058,,81.599065017073,3247.14853342661,1938.50916018053,,66.139,13.965072665672,,24.5639655120651,15454595.699,10.2490525884287,6034.27208964673,381440724491.232,63.5823705163545,63212384.0,104.133480684239,62.7205686343674,1213090.0,,0.3211966472076653,,27.09913663516358,Moyen-Faible,Semi-urbain,,Moyenne,0,Post-COVID,OUI
ZAF,ZA,Cape Town,2023,pm25,10.51182197496523,9.0,7.251322952316508,0.0,67.0,719,2023-05-07 22:00:00+00:00,2023-12-29 06:00:00+00:00,4770313.0,-33.9253,18.4239,South Africa,Sub-Saharan Africa ,Upper middle income,76.7816295496925,2.53517112309848,3826.16731319893,0.80610455095804,1.49448180148783,52.1085690262058,,81.599065017073,3247.14853342661,1938.50916018053,,66.139,13.965072665672,,24.5639655120651,15454595.699,10.2490525884287,6034.27208964673,381440724491.232,63.5823705163545,63212384.0,104.133480684239,62.7205686343674,1213090.0,,0.3211966472076653,,27.09913663516358,Moyen-Faible,Semi-urbain,,Moyenne,0,Post-COVID,OUI
ZAF,ZA,Cape Town,2023,so2,0.0355477165178571,0.0146205,0.0528550244600771,6.7e-05,0.275058,1344,2023-02-14 00:00:00+00:00,2023-11-12 06:00:00+00:00,4770313.0,-33.9253,18.4239,South Africa,Sub-Saharan Africa ,Upper middle income,76.7816295496925,2.53517112309848,3826.16731319893,0.80610455095804,1.49448180148783,52.1085690262058,,81.599065017073,3247.14853342661,1938.50916018053,,66.139,13.965072665672,,24.5639655120651,15454595.699,10.2490525884287,6034.27208964673,381440724491.232,63.5823705163545,63212384.0,104.133480684239,62.7205686343674,1213090.0,,0.3211966472076653,,27.09913663516358,Moyen-Faible,Semi-urbain,,Moyenne,0,Post-COVID,OUI
ZAF,ZA,Johannesburg,2021,co,0.8539182922340817,0.652,0.8082999049398694,0.0,16.021,2717,2021-04-29 15:00:00+00:00,2021-12-31 22:00:00+00:00,7860781.0,-26.2044,28.0456,South Africa,Sub-Saharan Africa ,Upper middle income,75.5483071505453,2.45787199667371,3822.61527120818,4.85864865060148,1.56117901568083,50.6991261983859,20.89,83.1709379710998,3518.45270679031,2124.62297436572,9.7,62.01,14.0250847010527,,24.9006017482132,9321575.836,10.1363303959179,6828.75624590017,419986284375.368,63.4503925883909,61502603.0,106.443303990911,62.7445288151422,1213090.0,20953.0,0.3110832799693413,7.772984857112132,27.35847374488691,Moyen-Faible,Semi-urbain,Fossile,Grande,0,Post-COVID,OUI
ZAF,ZA,Johannesburg,2021,no2,0.0175319327666151,0.0148405,0.0113090684813042,0.000281,0.175119,3882,2021-04-29 17:00:00+00:00,2021-12-31 22:00:00+00:00,7860781.0,-26.2044,28.0456,South Africa,Sub-Saharan Africa ,Upper middle income,75.5483071505453,2.45787199667371,3822.61527120818,4.85864865060148,1.56117901568083,50.6991261983859,20.89,83.1709379710998,3518.45270679031,2124.62297436572,9.7,62.01,14.0250847010527,,24.9006017482132,9321575.836,10.1363303959179,6828.75624590017,419986284375.368,63.4503925883909,61502603.0,106.443303990911,62.7445288151422,1213090.0,20953.0,0.3110832799693413,7.772984857112132,27.35847374488691,Moyen-Faible,Semi-urbain,Fossile,Grande,0,Post-COVID,OUI
ZAF,ZA,Johannesburg,2021,o3,0.0255283347778981,0.022888,0.0186594685872146,0.0,0.079879,3692,2021-04-29 17:00:00+00:00,2021-12-31 22:00:00+00:00,7860781.0,-26.2044,28.0456,South Africa,Sub-Saharan Africa ,Upper middle income,75.5483071505453,2.45787199667371,3822.61527120818,4.85864865060148,1.56117901568083,50.6991261983859,20.89,83.1709379710998,3518.45270679031,2124.62297436572,9.7,62.01,14.0250847010527,,24.9006017482132,9321575.836,10.1363303959179,6828.75624590017,419986284375.368,63.4503925883909,61502603.0,106.443303990911,62.7445288151422,1213090.0,20953.0,0.3110832799693413,7.772984857112132,27.35847374488691,Moyen-Faible,Semi-urbain,Fossile,Grande,0,Post-COVID,OUI
ZAF,ZA,Johannesburg,2021,pm10,57.73737342091966,51.069500000000005,33.82776470258318,4.516,331.829,3958,2021-04-29 17:00:00+00:00,2021-12-31 22:00:00+00:00,7860781.0,-26.2044,28.0456,South Africa,Sub-Saharan Africa ,Upper middle income,75.5483071505453,2.45787199667371,3822.61527120818,4.85864865060148,1.56117901568083,50.6991261983859,20.89,83.1709379710998,3518.45270679031,2124.62297436572,9.7,62.01,14.0250847010527,,24.9006017482132,9321575.836,10.1363303959179,6828.75624590017,419986284375.368,63.4503925883909,61502603.0,106.443303990911,62.7445288151422,1213090.0,20953.0,0.3110832799693413,7.772984857112132,27.35847374488691,Moyen-Faible,Semi-urbain,Fossile,Grande,0,Post-COVID,OUI
ZAF,ZA,Johannesburg,2021,pm25,30.91620914049276,24.945,23.450137178199466,0.0,209.961,10634,2021-04-29 15:00:00+00:00,2021-12-31 22:00:00+00:00,7860781.0,-26.2044,28.0456,South Africa,Sub-Saharan Africa ,Upper middle income,75.5483071505453,2.45787199667371,3822.61527120818,4.85864865060148,1.56117901568083,50.6991261983859,20.89,83.1709379710998,3518.45270679031,2124.62297436572,9.7,62.01,14.0250847010527,,24.9006017482132,9321575.836,10.1363303959179,6828.75624590017,419986284375.368,63.4503925883909,61502603.0,106.443303990911,62.7445288151422,1213090.0,20953.0,0.3110832799693413,7.772984857112132,27.35847374488691,Moyen-Faible,Semi-urbain,Fossile,Grande,0,Post-COVID,OUI
ZAF,ZA,Johannesburg,2021,so2,0.0068593055555555,0.004806,0.0077178540404402,2e-06,0.186656,7020,2021-04-29 15:00:00+00:00,2021-12-31 22:00:00+00:00,7860781.0,-26.2044,28.0456,South Africa,Sub-Saharan Africa ,Upper middle income,75.5483071505453,2.45787199667371,3822.61527120818,4.85864865060148,1.56117901568083,50.6991261983859,20.89,83.1709379710998,3518.45270679031,2124.62297436572,9.7,62.01,14.0250847010527,,24.9006017482132,9321575.836,10.1363303959179,6828.75624590017,419986284375.368,63.4503925883909,61502603.0,106.443303990911,62.7445288151422,1213090.0,20953.0,0.3110832799693413,7.772984857112132,27.35847374488691,Moyen-Faible,Semi-urbain,Fossile,Grande,0,Post-COVID,OUI
ZAF,ZA,Johannesburg,2022,co,1.0943462940461726,0.967,0.8098849611814204,0.0,4.871,4115,2022-01-01 00:00:00+00:00,2022-12-25 03:00:00+00:00,7860781.0,-26.2044,28.0456,South Africa,Sub-Saharan Africa ,Upper middle income,76.169562634684,2.60577484985618,3868.54739395135,2.05813661692193,1.45537677352059,51.4210899438624,21.11,82.7050466220564,3404.62349072379,1938.30644693274,,65.454,13.9950786833623,,24.9820287872223,12133966.35,10.0431942732889,6534.24867783397,407596043067.885,63.4766699210327,62378410.0,104.535066506498,62.2719610043357,1213090.0,,0.2965926076397093,,27.58780363707848,Moyen-Faible,Semi-urbain,,Grande,0,Post-COVID,OUI
ZAF,ZA,Johannesburg,2022,no2,0.0140591461860549,0.011042,0.0102853526190456,0.0,0.068566,5493,2022-01-01 00:00:00+00:00,2022-12-31 22:00:00+00:00,7860781.0,-26.2044,28.0456,South Africa,Sub-Saharan Africa ,Upper middle income,76.169562634684,2.60577484985618,3868.54739395135,2.05813661692193,1.45537677352059,51.4210899438624,21.11,82.7050466220564,3404.62349072379,1938.30644693274,,65.454,13.9950786833623,,24.9820287872223,12133966.35,10.0431942732889,6534.24867783397,407596043067.885,63.4766699210327,62378410.0,104.535066506498,62.2719610043357,1213090.0,,0.2965926076397093,,27.58780363707848,Moyen-Faible,Semi-urbain,,Grande,0,Post-COVID,OUI
ZAF,ZA,Johannesburg,2022,o3,0.0224389509237875,0.017973,0.0185338965278642,0.0,0.098072,5196,2022-01-01 00:00:00+00:00,2022-12-31 22:00:00+00:00,7860781.0,-26.2044,28.0456,South Africa,Sub-Saharan Africa ,Upper middle income,76.169562634684,2.60577484985618,3868.54739395135,2.05813661692193,1.45537677352059,51.4210899438624,21.11,82.7050466220564,3404.62349072379,1938.30644693274,,65.454,13.9950786833623,,24.9820287872223,12133966.35,10.0431942732889,6534.24867783397,407596043067.885,63.4766699210327,62378410.0,104.535066506498,62.2719610043357,1213090.0,,0.2965926076397093,,27.58780363707848,Moyen-Faible,Semi-urbain,,Grande,0,Post-COVID,OUI
ZAF,ZA,Johannesburg,2022,pm10,49.069630908211,42.492,28.20312370323764,2.035,409.151,6199,2022-01-01 00:00:00+00:00,2022-12-31 22:00:00+00:00,7860781.0,-26.2044,28.0456,South Africa,Sub-Saharan Africa ,Upper middle income,76.169562634684,2.60577484985618,3868.54739395135,2.05813661692193,1.45537677352059,51.4210899438624,21.11,82.7050466220564,3404.62349072379,1938.30644693274,,65.454,13.9950786833623,,24.9820287872223,12133966.35,10.0431942732889,6534.24867783397,407596043067.885,63.4766699210327,62378410.0,104.535066506498,62.2719610043357,1213090.0,,0.2965926076397093,,27.58780363707848,Moyen-Faible,Semi-urbain,,Grande,0,Post-COVID,OUI
ZAF,ZA,Johannesburg,2022,pm25,29.5509166343544,24.1525,21.23022523773501,0.0,298.898,15474,2022-01-01 00:00:00+00:00,2022-12-31 22:00:00+00:00,7860781.0,-26.2044,28.0456,South Africa,Sub-Saharan Africa ,Upper middle income,76.169562634684,2.60577484985618,3868.54739395135,2.05813661692193,1.45537677352059,51.4210899438624,21.11,82.7050466220564,3404.62349072379,1938.30644693274,,65.454,13.9950786833623,,24.9820287872223,12133966.35,10.0431942732889,6534.24867783397,407596043067.885,63.4766699210327,62378410.0,104.535066506498,62.2719610043357,1213090.0,,0.2965926076397093,,27.58780363707848,Moyen-Faible,Semi-urbain,,Grande,0,Post-COVID,OUI
ZAF,ZA,Johannesburg,2022,so2,0.0075922165176513,0.005524,0.0075875431095323,6e-06,0.130105,10849,2022-01-01 00:00:00+00:00,2022-12-31 22:00:00+00:00,7860781.0,-26.2044,28.0456,South Africa,Sub-Saharan Africa ,Upper middle income,76.169562634684,2.60577484985618,3868.54739395135,2.05813661692193,1.45537677352059,51.4210899438624,21.11,82.7050466220564,3404.62349072379,1938.30644693274,,65.454,13.9950786833623,,24.9820287872223,12133966.35,10.0431942732889,6534.24867783397,407596043067.885,63.4766699210327,62378410.0,104.535066506498,62.2719610043357,1213090.0,,0.2965926076397093,,27.58780363707848,Moyen-Faible,Semi-urbain,,Grande,0,Post-COVID,OUI
ZAF,ZA,Johannesburg,2023,co,0.9430247422680412,0.836,0.7040150206626448,0.0,8.39,1455,2023-01-04 14:00:00+00:00,2023-12-26 06:00:00+00:00,7860781.0,-26.2044,28.0456,South Africa,Sub-Saharan Africa ,Upper middle income,76.7816295496925,2.53517112309848,3826.16731319893,0.80610455095804,1.49448180148783,52.1085690262058,,81.599065017073,3247.14853342661,1938.50916018053,,66.139,13.965072665672,,24.5639655120651,15454595.699,10.2490525884287,6034.27208964673,381440724491.232,63.5823705163545,63212384.0,104.133480684239,62.7205686343674,1213090.0,,0.3211966472076653,,27.09913663516358,Moyen-Faible,Semi-urbain,,Grande,0,Post-COVID,OUI
ZAF,ZA,Johannesburg,2023,no2,0.0180195014587891,0.014665,0.0120294963017494,0.00178,0.115516,2742,2023-01-01 00:00:00+00:00,2023-12-20 23:00:00+00:00,7860781.0,-26.2044,28.0456,South Africa,Sub-Saharan Africa ,Upper middle income,76.7816295496925,2.53517112309848,3826.16731319893,0.80610455095804,1.49448180148783,52.1085690262058,,81.599065017073,3247.14853342661,1938.50916018053,,66.139,13.965072665672,,24.5639655120651,15454595.699,10.2490525884287,6034.27208964673,381440724491.232,63.5823705163545,63212384.0,104.133480684239,62.7205686343674,1213090.0,,0.3211966472076653,,27.09913663516358,Moyen-Faible,Semi-urbain,,Grande,0,Post-COVID,OUI
ZAF,ZA,Johannesburg,2023,o3,0.0205040688998857,0.01428,0.0188391661689767,0.0,0.105169,2627,2023-01-01 00:00:00+00:00,2023-12-20 23:00:00+00:00,7860781.0,-26.2044,28.0456,South Africa,Sub-Saharan Africa ,Upper middle income,76.7816295496925,2.53517112309848,3826.16731319893,0.80610455095804,1.49448180148783,52.1085690262058,,81.599065017073,3247.14853342661,1938.50916018053,,66.139,13.965072665672,,24.5639655120651,15454595.699,10.2490525884287,6034.27208964673,381440724491.232,63.5823705163545,63212384.0,104.133480684239,62.7205686343674,1213090.0,,0.3211966472076653,,27.09913663516358,Moyen-Faible,Semi-urbain,,Grande,0,Post-COVID,OUI
ZAF,ZA,Johannesburg,2023,pm10,42.39861689587426,40.236,19.988275233142456,12.385,152.284,509,2023-01-01 00:00:00+00:00,2023-03-27 15:00:00+00:00,7860781.0,-26.2044,28.0456,South Africa,Sub-Saharan Africa ,Upper middle income,76.7816295496925,2.53517112309848,3826.16731319893,0.80610455095804,1.49448180148783,52.1085690262058,,81.599065017073,3247.14853342661,1938.50916018053,,66.139,13.965072665672,,24.5639655120651,15454595.699,10.2490525884287,6034.27208964673,381440724491.232,63.5823705163545,63212384.0,104.133480684239,62.7205686343674,1213090.0,,0.3211966472076653,,27.09913663516358,Moyen-Faible,Semi-urbain,,Grande,0,Post-COVID,OUI
ZAF,ZA,Johannesburg,2023,pm25,29.35051997541488,23.257,24.804876483689743,0.0,272.948,3254,2023-01-01 00:00:00+00:00,2023-12-20 23:00:00+00:00,7860781.0,-26.2044,28.0456,South Africa,Sub-Saharan Africa ,Upper middle income,76.7816295496925,2.53517112309848,3826.16731319893,0.80610455095804,1.49448180148783,52.1085690262058,,81.599065017073,3247.14853342661,1938.50916018053,,66.139,13.965072665672,,24.5639655120651,15454595.699,10.2490525884287,6034.27208964673,381440724491.232,63.5823705163545,63212384.0,104.133480684239,62.7205686343674,1213090.0,,0.3211966472076653,,27.09913663516358,Moyen-Faible,Semi-urbain,,Grande,0,Post-COVID,OUI
ZAF,ZA,Johannesburg,2023,so2,0.0056348747407714,0.003826,0.0070118849702905,0.000171,0.1052879999999999,2411,2023-01-01 00:00:00+00:00,2023-12-26 14:00:00+00:00,7860781.0,-26.2044,28.0456,South Africa,Sub-Saharan Africa ,Upper middle income,76.7816295496925,2.53517112309848,3826.16731319893,0.80610455095804,1.49448180148783,52.1085690262058,,81.599065017073,3247.14853342661,1938.50916018053,,66.139,13.965072665672,,24.5639655120651,15454595.699,10.2490525884287,6034.27208964673,381440724491.232,63.5823705163545,63212384.0,104.133480684239,62.7205686343674,1213090.0,,0.3211966472076653,,27.09913663516358,Moyen-Faible,Semi-urbain,,Grande,0,Post-COVID,OUI
