city_ascii_wc,parameter,value_mean_mean,value_median_median,value_std_mean,value_min_min,value_max_max,value_count_sum,annee_debut,annee_fin,nb_annees,inclut_covid,population_wc_first,lat_wc_first,lon_wc_first,country_iso3_wc_first,country_iso2_wc_first,country_name_first,region_first,income_level_first,acces_eau_potable_pct_mean,agriculture_pct_pib_mean,consommation_privee_mean,croissance_pib_mean,croissance_urbaine_mean,densite_population_mean,eau_douce_km3_mean,electricite_charbon_pct_mean,electricite_par_habitant_mean,energie_par_habitant_mean,energie_renouvelable_pct_mean,esperance_vie_mean,foret_pct_mean,indice_gini_mean,industrie_pct_pib_mean,passagers_aeriens_mean,pertes_electricite_pct_mean,pib_par_habitant_mean,pib_total_mean,pop_urbaine_pct_mean,population_totale_mean,scolarisation_secondaire_pct_mean,services_pct_pib_mean,superficie_km2_mean,voies_ferrees_km_mean,intensite_energetique_mean,ratio_charbon_renouvelables_mean,secteur_secondaire_pct_mean,niveau_developpement_first,niveau_urbanisation_first,mix_energetique_first,taille_ville_first,periode,robustesse,controle_covid,mesures_par_jour,qualite_donnees,coeff_variation
Abidjan,pm25,21.686304071101066,18.0,13.795490430845765,0.0,360.0,19813,2020,2023,4,1,4980000.0,5.3364,-4.0267,CIV,CI,Cote d'Ivoire,Sub-Saharan Africa ,Lower middle income,38.1909901808959,16.41063987338255,1375.4799775230051,5.190735443747849,3.487511262300135,94.4306926100629,1.162,0.0,307.2741405919783,438.5023687749437,60.0,60.984,8.387995047169813,35.3,22.437604562291774,556574.0,15.109140615682135,2390.26195314133,71881406710.56863,52.60272185237717,30028960.25,57.651541495214246,53.727480769795974,318000.0,639.0,0.18828405868435924,0.0,38.848244435674324,Faible,Semi-urbain,Renouvelable,Moyenne,2019-2023,Maximale (5 ans),OUI,10.850492880613363,Élevée,0.6358451829231603
Addis Ababa,pm25,25.19190653742002,21.0,19.108468708027207,0.0,985.0,44530,2019,2023,5,1,5704000.0,9.03,38.74,ETH,ET,Ethiopia,Sub-Saharan Africa ,Not classified,9.34775603032442,36.03988322214084,555.5007982927443,6.396230638772782,4.737496145449586,108.25954642647821,10.5481,0.0,90.5030805616265,379.6794831761705,90.2,66.2504,15.059866166551199,31.1,23.39517898481002,10136066.2,21.69065441834865,910.8376285279046,111719337282.87651,22.15536003112792,122173924.2,,36.80943589127262,1128529.1,,0.43674719158212827,0.0,59.43506220695086,Faible,Rural,Renouvelable,Grande,2019-2023,Maximale (5 ans),OUI,24.386637458926614,Élevée,0.7582152040622314
Algiers,pm25,19.293960605895595,18.0,11.290347753629295,0.0,265.0,28494,2019,2023,5,1,2364230.0,36.7325,3.0872,DZA,DZ,Algeria,"Middle East, North Africa, Afghanistan & Pakistan",Upper middle income,85.91632180680878,11.91301854675534,1833.053309809864,1.4800000000298075,2.423047510565604,18.78788986203362,10.3165833325,0.0,1701.8354338026122,1458.311484152576,0.13333333333333333,75.3074,0.8222217874327175,,36.1038336341108,4388805.67,10.562741897690614,4540.667043381118,203613962919.0366,73.61377703862074,44747868.8,102.9075813293455,48.013239172878,2381740.0,4010.375,0.3250398424010429,0.0,48.01685218086614,Faible,Urbain,Fossile,Moyenne,2019-2023,Maximale (5 ans),OUI,15.60460021905805,Élevée,0.5848720883827915
Almaty,pm25,33.79076857864183,17.0,42.34596938312543,0.0,421.0,21870,2020,2023,4,1,2228675.0,43.24,76.915,KAZ,KZ,Kazakhstan,Europe & Central Asia,Upper middle income,97.95042017213315,4.873358138582195,6031.46995428906,2.5250000001145776,2.5235037271505925,7.3703034596436625,24.689333333333334,62.96546187568677,5261.37177706658,3521.4703331804426,1.9,72.30775,1.2958992110234449,28.95,33.9431521264446,8921953.39125,8.07064190472775,10724.96904580775,213882762801.863,61.05440572790057,19897608.25,93.88554737177202,54.75263131056995,2699700.0,16034.3,0.3338331532683446,22.703800485042937,38.8165102650268,Moyen-Faible,Semi-urbain,Fossile,Moyenne,2019-2023,Maximale (5 ans),OUI,11.976998904709749,Élevée,1.2528108431795595
Amman,o3,0.03440574487952755,0.036,0.015636469731701498,0.0,0.1,5332,2022,2023,2,0,4007526.0,31.9497,35.9328,JOR,JO,Jordan,"Middle East, North Africa, Afghanistan & Pakistan",Lower middle income,96.5731686364341,4.814911379639425,,2.7657592709687053,1.9622188314806401,127.7984773745975,0.94987,,1790.64757104556,754.305503117865,,77.451,1.09804716534901,,24.64225779570825,3455640.5,10.958904109589,4399.16737053253,49926719859.15495,92.54353738747615,11347738.0,91.4804751340448,60.609981761520245,88794.0,,0.1740737840598825,,29.457169175347673,Faible,Très urbain,,Moyenne,2019-2023,Maximale (5 ans),OUI,2.9200438116100766,Moyenne,0.35212718025839046
Amman,pm25,18.80311939535219,14.5,11.606165591517076,0.0,727.0,19788,2019,2023,4,1,4007526.0,31.9497,35.9328,JOR,JO,Jordan,"Middle East, North Africa, Afghanistan & Pakistan",Lower middle income,96.73214244432853,4.662083783902485,,1.5450018593773,2.0954198003857427,124.53711680969451,0.9497433333333333,0.0,1743.37163219108,773.610782286135,9.6,76.83749999999999,1.09804716534901,,24.237503411658473,2801494.5,10.957955811420367,4247.622319256265,47014207288.73242,92.1061783916728,11058148.75,90.66768176091432,61.0548545427566,88794.0,,0.18543368935673063,0.0,28.89958719556096,Faible,Très urbain,Fossile,Moyenne,2019-2023,Maximale (5 ans),OUI,10.836801752464403,Élevée,0.6169187229197299
Amsterdam,co,0.343132346871251,0.3243,0.12198854558184587,0.1117,1.4123,11011,2019,2023,5,1,1477213.0,52.3728,4.8936,NLD,NL,Netherlands,Europe & Central Asia,High income,97.67828294345902,1.708853022293574,20875.13947496646,1.8236214592308433,1.313621135055157,522.1117730917732,8.222475,12.411352072792328,6530.177578475314,3830.1671087494624,10.5,81.66195121951222,11.00195841995842,26.96666666666667,17.80374881656628,31494437.0022,4.017821558117418,57960.74764323186,1019590531165.3757,94.61605899337988,17579503.4,132.6665466308594,69.72817361477823,33670.0,3065.6666666666665,0.0666242336213261,1.165768568272117,19.512601838859855,Élevé,Très urbain,Fossile,Moyenne,2019-2023,Maximale (5 ans),OUI,6.030120481927711,Moyenne,0.3454471012430981
Amsterdam,no2,26.369931003515795,22.2,17.47963876944865,0.0,346.8,22485,2019,2023,5,1,1477213.0,52.3728,4.8936,NLD,NL,Netherlands,Europe & Central Asia,High income,97.67828294345902,1.708853022293574,20875.13947496646,1.8236214592308433,1.313621135055157,522.1117730917732,8.222475,12.411352072792328,6530.177578475314,3830.1671087494624,10.5,81.66195121951222,11.00195841995842,26.96666666666667,17.80374881656628,31494437.0022,4.017821558117418,57960.74764323186,1019590531165.3757,94.61605899337988,17579503.4,132.6665466308594,69.72817361477823,33670.0,3065.6666666666665,0.0666242336213261,1.165768568272117,19.512601838859855,Élevé,Très urbain,Fossile,Moyenne,2019-2023,Maximale (5 ans),OUI,12.31380065717415,Élevée,0.6626112390938036
Amsterdam,o3,45.932928719442224,42.4,24.216457778475686,0.0,176.0,11090,2019,2023,5,1,1477213.0,52.3728,4.8936,NLD,NL,Netherlands,Europe & Central Asia,High income,97.67828294345902,1.708853022293574,20875.13947496646,1.8236214592308433,1.313621135055157,522.1117730917732,8.222475,12.411352072792328,6530.177578475314,3830.1671087494624,10.5,81.66195121951222,11.00195841995842,26.96666666666667,17.80374881656628,31494437.0022,4.017821558117418,57960.74764323186,1019590531165.3757,94.61605899337988,17579503.4,132.6665466308594,69.72817361477823,33670.0,3065.6666666666665,0.0666242336213261,1.165768568272117,19.512601838859855,Élevé,Très urbain,Fossile,Moyenne,2019-2023,Maximale (5 ans),OUI,6.073384446878423,Moyenne,0.5270986951301543
Amsterdam,pm10,18.454302843859324,15.8,13.373883085290071,0.0,287.1,11157,2019,2023,5,1,1477213.0,52.3728,4.8936,NLD,NL,Netherlands,Europe & Central Asia,High income,97.67828294345902,1.708853022293574,20875.13947496646,1.8236214592308433,1.313621135055157,522.1117730917732,8.222475,12.411352072792328,6530.177578475314,3830.1671087494624,10.5,81.66195121951222,11.00195841995842,26.96666666666667,17.80374881656628,31494437.0022,4.017821558117418,57960.74764323186,1019590531165.3757,94.61605899337988,17579503.4,132.6665466308594,69.72817361477823,33670.0,3065.6666666666665,0.0666242336213261,1.165768568272117,19.512601838859855,Élevé,Très urbain,Fossile,Moyenne,2019-2023,Maximale (5 ans),OUI,6.110076670317635,Moyenne,0.7243102108097097
Ankara,co,505.53000000000003,505.53000000000003,,253.24,757.82,2,2021,2022,2,0,5864049.0,39.93,32.85,TUR,TR,Turkiye,Europe & Central Asia,Upper middle income,99.2488732878562,6.1992456677971,8598.66203367716,8.626159781915504,1.008090748235316,109.87567467484351,61.43482,32.6302233858073,3570.843264448135,1868.09174980501,12.0,76.6565,29.175525902056847,44.45,30.855331111134397,86868978.681,9.05592825314182,10439.801885124929,883018072542.9761,89.107160635201,84563615.5,115.0937538146975,52.68691633231985,769630.0,10546.0,0.17937897324253244,2.375833611213316,37.054576778931505,Moyen-Faible,Très urbain,Mixte-Fossile,Grande,2019-2023,Maximale (5 ans),OUI,0.001095290251916758,Faible,
Ankara,no2,51.44366599006378,45.18,34.48402782103303,0.0,333.84,8962,2021,2023,3,0,5864049.0,39.93,32.85,TUR,TR,Turkiye,Europe & Central Asia,Upper middle income,99.25471994478555,6.262779104516824,9106.43396804094,7.432481087317967,0.8014313114807927,110.20585476137866,61.43482,33.73805310367433,3574.313691444233,1861.9064743518131,12.0,76.823,29.276873302755863,44.45,29.967980750938732,99892732.78733332,9.016114706357698,11418.232832845419,969093003247.8007,89.07872198333803,84817732.0,115.0937538146975,53.2419383700788,769630.0,10546.0,0.16567656293322472,2.375833611213316,36.23075985545555,Moyen-Faible,Très urbain,Mixte-Fossile,Grande,2019-2023,Maximale (5 ans),OUI,4.907995618838992,Moyenne,0.6701957413042687
Ankara,pm10,43.73668952521149,43.085,27.91645972704813,0.0,396.16,9588,2021,2023,3,0,5864049.0,39.93,32.85,TUR,TR,Turkiye,Europe & Central Asia,Upper middle income,99.25471994478555,6.262779104516824,9106.43396804094,7.432481087317967,0.8014313114807927,110.20585476137866,61.43482,33.73805310367433,3574.313691444233,1861.9064743518131,12.0,76.823,29.276873302755863,44.45,29.967980750938732,99892732.78733332,9.016114706357698,11418.232832845419,969093003247.8007,89.07872198333803,84817732.0,115.0937538146975,53.2419383700788,769630.0,10546.0,0.16567656293322472,2.375833611213316,36.23075985545555,Moyen-Faible,Très urbain,Mixte-Fossile,Grande,2019-2023,Maximale (5 ans),OUI,5.2508214676889375,Moyenne,0.6381387947300493
Ankara,pm25,21.889553322091547,9.80875,83.66198365359969,0.039,1321.058,6662,2022,2023,2,0,5864049.0,39.93,32.85,TUR,TR,Turkiye,Europe & Central Asia,Upper middle income,99.26061750421056,6.541727798591155,9660.713291341155,5.24317440567345,0.608864720686314,110.641397814534,64.46964,35.16416118262495,3567.741353783465,1845.546115119025,,77.3735,29.3782207034549,44.5,29.541691214637197,115306165.181,8.894074934451027,12136.46725721145,1033670170785.634,89.02998056734509,85152939.0,116.040176391602,53.26522725177305,769630.0,,0.1536199237229327,,36.08341901322835,Moyen-Faible,Très urbain,,Grande,2019-2023,Maximale (5 ans),OUI,3.6484118291347207,Moyenne,3.8202598209710623
Ankara,so2,9.476861438094597,9.44,3.647431547460967,0.27,194.19,12102,2021,2023,3,0,5864049.0,39.93,32.85,TUR,TR,Turkiye,Europe & Central Asia,Upper middle income,99.25471994478555,6.262779104516824,9106.43396804094,7.432481087317967,0.8014313114807927,110.20585476137866,61.43482,33.73805310367433,3574.313691444233,1861.9064743518131,12.0,76.823,29.276873302755863,44.45,29.967980750938732,99892732.78733332,9.016114706357698,11418.232832845419,969093003247.8007,89.07872198333803,84817732.0,115.0937538146975,53.2419383700788,769630.0,10546.0,0.16567656293322472,2.375833611213316,36.23075985545555,Moyen-Faible,Très urbain,Mixte-Fossile,Grande,2019-2023,Maximale (5 ans),OUI,6.627601314348302,Moyenne,0.3844718900198822
Antananarivo,pm25,17.954089706968222,13.5,16.32024700461907,0.0,281.0,19952,2020,2023,4,1,1275207.0,-18.91,47.525,MDG,MG,Madagascar,Sub-Saharan Africa ,Low income,14.490094867695799,22.79100261048285,326.836058962936,1.46803893834196,3.85197199798261,51.68349604675147,13.457500000000001,15.901093448649235,77.32077554892653,306.45821984614196,83.8,62.9805,21.3303324596081,36.8,22.0030266733356,214898.683,5.28840491453556,486.61850993281377,14650430479.68335,31.3338462427604,30069458.0,34.1320359801924,49.223599102127324,581800.0,673.0,0.6391529849235674,0.18792345951824788,44.794029283818446,Faible,Rural,Renouvelable,Moyenne,2019-2023,Maximale (5 ans),OUI,10.926615553121577,Élevée,0.9084928471654474
Antwerp,no2,19.929704140908523,13.0,17.229799519004807,0.0,124.5,9241,2019,2023,5,1,565039.0,51.2178,4.4003,BEL,BE,Belgium,Europe & Central Asia,High income,99.48620723685653,0.7065006139172194,21584.70604668706,1.9149445864150898,0.7603629969204676,380.88761723617756,4.26141387525,2.2815602834883597,7397.9489992520375,4481.098224215481,11.4,81.72536585365853,22.604446776415,26.6,19.15751502230176,8952083.84999246,3.847617469734452,50035.6747488241,581471923717.0818,87.37278238674791,11614787.0,147.4809478759764,70.07018582326097,30494.0,3614.0,0.0901481743651374,0.18549437779557212,19.86401563621898,Élevé,Très urbain,Mixte-Fossile,Petite,2019-2023,Maximale (5 ans),OUI,5.0607886089813805,Moyenne,0.8640950435997671
Ashgabat,pm25,22.266318367339714,19.0,17.421026733151603,0.0,677.0,49019,2019,2023,5,1,1030063.0,37.9375,58.38,TKM,TM,Turkmenistan,Europe & Central Asia,Upper middle income,99.50656477686348,11.26750185305016,,6.180031525995912,2.03514325957557,15.083323048113561,26.610775,0.0,2671.085994287505,4403.965362558897,0.10000000000000002,69.518,8.78215904496414,,39.32782649676612,1119954.8396,11.725573209727674,5952.756612901904,42202628354.308304,47.05787826289104,7088106.0,91.17046073483402,49.40467165018372,469930.0,,0.7514027695685048,0.0,50.595328349816285,Moyen-Faible,Rural,Fossile,Moyenne,2019-2023,Maximale (5 ans),OUI,26.84501642935378,Élevée,0.7820424562926579
Athens,no2,43.092588867656154,41.5,19.469303880577716,1.0,209.0,25432,2020,2023,4,1,3059764.0,37.9842,23.7281,GRC,GR,Greece,Europe & Central Asia,High income,98.99886557617755,3.74567296521077,13495.57407048875,1.7790408721529802,-0.5570468101815975,81.67579325058185,10.085333333333333,10.88258344418743,4841.74903067357,1899.0612149888325,20.8,80.9237804878049,30.2699767261443,33.325,15.158668867103124,12193473.0,10.98097448829665,20692.91701663415,217650791197.2865,78.50500589814727,10528009.75,104.950588226318,68.744872795009,128900.0,2342.0,0.09250702396383866,0.5403272696940578,18.904341832313897,Moyen-Élevé,Urbain,Mixte-Fossile,Moyenne,2019-2023,Maximale (5 ans),OUI,13.927710843373495,Élevée,0.4516968560834482
Athens,o3,81.79149023885046,80.5,25.567992424023945,1.0,359.0,47256,2020,2023,4,1,3059764.0,37.9842,23.7281,GRC,GR,Greece,Europe & Central Asia,High income,98.99886557617755,3.74567296521077,13495.57407048875,1.7790408721529802,-0.5570468101815975,81.67579325058185,10.085333333333333,10.88258344418743,4841.74903067357,1899.0612149888325,20.8,80.9237804878049,30.2699767261443,33.325,15.158668867103124,12193473.0,10.98097448829665,20692.91701663415,217650791197.2865,78.50500589814727,10528009.75,104.950588226318,68.744872795009,128900.0,2342.0,0.09250702396383866,0.5403272696940578,18.904341832313897,Moyen-Élevé,Urbain,Mixte-Fossile,Moyenne,2019-2023,Maximale (5 ans),OUI,25.879518072289155,Élevée,0.3125614502788213
Athens,pm10,26.38405625703395,23.0,17.81767235565909,1.0,591.0,73717,2020,2023,4,1,3059764.0,37.9842,23.7281,GRC,GR,Greece,Europe & Central Asia,High income,98.99886557617755,3.74567296521077,13495.57407048875,1.7790408721529802,-0.5570468101815975,81.67579325058185,10.085333333333333,10.88258344418743,4841.74903067357,1899.0612149888325,20.8,80.9237804878049,30.2699767261443,33.325,15.158668867103124,12193473.0,10.98097448829665,20692.91701663415,217650791197.2865,78.50500589814727,10528009.75,104.950588226318,68.744872795009,128900.0,2342.0,0.09250702396383866,0.5403272696940578,18.904341832313897,Moyen-Élevé,Urbain,Mixte-Fossile,Moyenne,2019-2023,Maximale (5 ans),OUI,40.37075575027382,Élevée,0.6750638167224003
Athens,pm25,12.065975142229567,11.0,6.996052849115433,0.0,356.0,23803,2020,2023,4,1,3059764.0,37.9842,23.7281,GRC,GR,Greece,Europe & Central Asia,High income,98.99886557617755,3.74567296521077,13495.57407048875,1.7790408721529802,-0.5570468101815975,81.67579325058185,10.085333333333333,10.88258344418743,4841.74903067357,1899.0612149888325,20.8,80.9237804878049,30.2699767261443,33.325,15.158668867103124,12193473.0,10.98097448829665,20692.91701663415,217650791197.2865,78.50500589814727,10528009.75,104.950588226318,68.744872795009,128900.0,2342.0,0.09250702396383866,0.5403272696940578,18.904341832313897,Moyen-Élevé,Urbain,Mixte-Fossile,Moyenne,2019-2023,Maximale (5 ans),OUI,13.035596933187295,Élevée,0.5793364731805637
Athens,so2,4.981524445772545,3.5,5.013472928955125,2.0,199.0,39598,2020,2023,4,1,3059764.0,37.9842,23.7281,GRC,GR,Greece,Europe & Central Asia,High income,98.99886557617755,3.74567296521077,13495.57407048875,1.7790408721529802,-0.5570468101815975,81.67579325058185,10.085333333333333,10.88258344418743,4841.74903067357,1899.0612149888325,20.8,80.9237804878049,30.2699767261443,33.325,15.158668867103124,12193473.0,10.98097448829665,20692.91701663415,217650791197.2865,78.50500589814727,10528009.75,104.950588226318,68.744872795009,128900.0,2342.0,0.09250702396383866,0.5403272696940578,18.904341832313897,Moyen-Élevé,Urbain,Mixte-Fossile,Moyenne,2019-2023,Maximale (5 ans),OUI,21.68565169769989,Élevée,1.0043971502936682
Aves,no2,28.282701790575164,23.1,24.013718142292902,0.0,607.1,79434,2019,2023,5,1,425411.0,41.3703,-8.4101,PRT,PT,Portugal,Europe & Central Asia,High income,99.65134457592389,2.06910182749706,13887.658340833219,2.037125983986248,0.5910853487712502,113.437783279625,6.12953,5.476235827135973,5001.812889533466,1963.7611169425738,30.599999999999998,81.65902439024391,36.154994891142,34.46,18.9417180140477,14055462.256599998,9.518064970481474,24521.871276425438,255002620140.11963,61.12901993955728,10391536.2,119.6920654296878,65.74149801878906,91605.6,2526.450333333333,0.08065289332260847,0.18045910691441222,21.01081984154476,Moyen-Élevé,Semi-urbain,Mixte-Fossile,Petite,2019-2023,Maximale (5 ans),OUI,43.50164293537787,Élevée,0.8487601615442865
Aves,o3,55.265828503076136,58.0,30.70812461221873,0.0,277.0,16596,2019,2023,4,0,425411.0,41.3703,-8.4101,PRT,PT,Portugal,Europe & Central Asia,High income,99.65095017287226,2.051153053070255,14085.511533514125,4.597565378293777,0.7169421274038008,113.69556009676275,6.12953,5.9883844125454,5037.52865379642,1965.3750206957325,30.25,81.74146341463418,36.154994891142,34.4,18.8285141820036,16014445.0555,9.777587995572922,25077.487993977476,261348581819.50525,61.13521075522932,10415150.0,119.94436454772975,65.7851330550252,91605.6,2526.6009999999997,0.07887362778314568,0.20177320129550189,20.879667235073853,Moyen-Élevé,Semi-urbain,Mixte-Fossile,Petite,2019-2023,Maximale (5 ans),OUI,9.088718510405258,Moyenne,0.5555434526053247
Aves,pm10,19.061598864870508,17.05,61.25773692202418,0.0,8849.0,58595,2019,2023,4,0,425411.0,41.3703,-8.4101,PRT,PT,Portugal,Europe & Central Asia,High income,99.65095017287226,2.051153053070255,14085.511533514125,4.597565378293777,0.7169421274038008,113.69556009676275,6.12953,5.9883844125454,5037.52865379642,1965.3750206957325,30.25,81.74146341463418,36.154994891142,34.4,18.8285141820036,16014445.0555,9.777587995572922,25077.487993977476,261348581819.50525,61.13521075522932,10415150.0,119.94436454772975,65.7851330550252,91605.6,2526.6009999999997,0.07887362778314568,0.20177320129550189,20.879667235073853,Moyen-Élevé,Semi-urbain,Mixte-Fossile,Petite,2019-2023,Maximale (5 ans),OUI,32.08926615553121,Élevée,3.211987487575552
Aves,pm25,0.0,0.0,0.0,0.0,0.0,7742,2019,2019,1,0,425411.0,41.3703,-8.4101,PRT,PT,Portugal,Europe & Central Asia,High income,99.6200248701138,1.99991845769704,14100.0951432965,2.74568432648596,0.0100220692411571,112.288582794065,6.12953,10.4074952026188,5016.98235792727,2115.18570481977,28.2,81.6756097560976,36.154994891142,32.8,18.886083188208,22047878.978,9.30691951687549,23343.3628970034,240115970063.019,61.114927250613,10286263.0,119.519371032715,65.5860785423015,91605.6,2526.149,0.0906079859258564,0.3564210685828357,20.88600164590504,Moyen-Élevé,Semi-urbain,Mixte-Fossile,Petite,2019-2023,Maximale (5 ans),OUI,4.23986856516977,Moyenne,0.0
Baghdad,pm25,57.599807017081694,40.0,54.904608742977835,0.0,967.0,48398,2019,2023,5,1,6183000.0,33.3153,44.3661,IRQ,IQ,Iraq,"Middle East, North Africa, Afghanistan & Pakistan",Upper middle income,98.37091595813612,3.6605234715768704,2305.085329131058,0.6911863533772421,2.25381358017641,99.290344827586,46.62635,0.0,1261.141242022305,1287.2914655375976,1.0333333333333334,71.1922,1.90035242899592,29.8,53.370999597592665,2857044.6,61.71301952005065,5464.318104339552,236096024962.35898,69.86829833984373,43104917.4,,43.73770519732372,434130.0,,0.24423691511391757,0.0,57.03152306916953,Moyen-Faible,Semi-urbain,Fossile,Grande,2019-2023,Maximale (5 ans),OUI,26.504928806133627,Élevée,0.9530427471610563
Bamako,pm25,60.155726515883444,41.5,51.97207079169331,0.0,907.0,12104,2020,2023,4,1,4227569.0,12.6458,-7.9922,MLI,ML,Mali,Sub-Saharan Africa ,Low income,44.493020898262124,32.31445830219248,663.227491680156,2.5901085657304375,5.25007486521135,18.633211426089375,5.186,0.0,,,71.7,59.611999999999995,10.896663634352,35.7,25.9351157487025,,,1000.345974675949,22762913629.686073,30.032580148845128,22736058.25,38.9389470920545,35.497541136647726,1220190.0,,,0.0,58.24957405089498,Faible,Rural,Renouvelable,Moyenne,2019-2023,Maximale (5 ans),OUI,6.628696604600219,Moyenne,0.8638152283920806
Barcelona,co,249.00840791245264,200.0,139.36126746764498,0.0,3900.0,21683,2019,2023,5,1,4800000.0,41.3833,2.1833,ESP,ES,Spain,Europe & Central Asia,High income,99.91886039669359,2.6097188750790523,15336.4244282825,1.3070854334923698,0.8032970424579167,95.28997863288538,29.068625,2.834791345744608,5208.416221022371,2400.5041698055343,18.333333333333332,83.25170731707318,37.17863207939672,34.019999999999996,20.318975169223158,66648882.531799994,9.139550733003471,30326.53321388234,1444571553127.286,79.83970766592157,47612075.2,118.4769256591796,68.08225572387383,499654.2012,15843.0,0.07951359592483635,0.1712381932519936,22.928694044302212,Moyen-Élevé,Urbain,Mixte-Fossile,Moyenne,2019-2023,Maximale (5 ans),OUI,11.874589266155532,Élevée,0.559642432203808
Barcelona,no2,19.39203634194296,19.0,16.327982808450397,0.0,151.0,56081,2019,2023,5,1,4800000.0,41.3833,2.1833,ESP,ES,Spain,Europe & Central Asia,High income,99.91886039669359,2.6097188750790523,15336.4244282825,1.3070854334923698,0.8032970424579167,95.28997863288538,29.068625,2.834791345744608,5208.416221022371,2400.5041698055343,18.333333333333332,83.25170731707318,37.17863207939672,34.019999999999996,20.318975169223158,66648882.531799994,9.139550733003471,30326.53321388234,1444571553127.286,79.83970766592157,47612075.2,118.4769256591796,68.08225572387383,499654.2012,15843.0,0.07951359592483635,0.1712381932519936,22.928694044302212,Moyen-Élevé,Urbain,Mixte-Fossile,Moyenne,2019-2023,Maximale (5 ans),OUI,30.712486308871853,Élevée,0.8415602630922234
Barcelona,so2,2.711674823838416,1.0,5.881665241585866,0.0,295.0,34374,2019,2023,5,1,4800000.0,41.3833,2.1833,ESP,ES,Spain,Europe & Central Asia,High income,99.91886039669359,2.6097188750790523,15336.4244282825,1.3070854334923698,0.8032970424579167,95.28997863288538,29.068625,2.834791345744608,5208.416221022371,2400.5041698055343,18.333333333333332,83.25170731707318,37.17863207939672,34.019999999999996,20.318975169223158,66648882.531799994,9.139550733003471,30326.53321388234,1444571553127.286,79.83970766592157,47612075.2,118.4769256591796,68.08225572387383,499654.2012,15843.0,0.07951359592483635,0.1712381932519936,22.928694044302212,Moyen-Élevé,Urbain,Mixte-Fossile,Moyenne,2019-2023,Maximale (5 ans),OUI,18.82475355969332,Élevée,2.1610462756498117
Belgrade,no2,37.47438655797684,34.399519999999995,22.350473461580584,0.38896,202.49959,22964,2020,2023,4,1,1197714.0,44.8178,20.4569,SRB,RS,Serbia,Europe & Central Asia,Upper middle income,97.92627907407795,4.833519647882772,5016.79626309342,3.3626106509813587,-0.7428662802116792,80.33382090617198,5.006666666666667,64.32978360966777,5003.95649952548,2366.46247468121,26.6,74.6790243902439,32.383629741943174,33.63333333333333,24.415930608897675,2086565.75,11.339882447989325,10021.441148714943,67546949180.690475,61.65798681491985,6755271.0,92.19155883789058,55.21251373790335,84090.0,3340.7495,0.24081795196373895,2.39721847891753,29.24945025678045,Moyen-Faible,Semi-urbain,Mixte-Fossile,Moyenne,2019-2023,Maximale (5 ans),OUI,12.576122672508214,Élevée,0.5962608839019218
Belgrade,o3,39.985622196419044,32.021415000000005,29.24371295307042,0.0,677.73,35492,2019,2023,5,1,1197714.0,44.8178,20.4569,SRB,RS,Serbia,Europe & Central Asia,Upper middle income,97.92415139153874,4.81976542129261,4936.851415549708,3.640130108583115,-0.6340599538493752,80.14913996298927,5.1595,65.11169922815975,4963.334293970684,2333.514004033702,24.866666666666664,74.93053658536586,32.13196667944524,33.85,24.6391676603885,2163068.8,11.376161277540401,9568.279516259354,64810498077.463745,61.536234422639,6793263.8,92.76171684265134,54.80782083105746,84764.0,3468.655666666667,0.24942435765804408,2.6136123446076347,29.458933081681106,Moyen-Faible,Semi-urbain,Mixte-Fossile,Moyenne,2019-2023,Maximale (5 ans),OUI,19.437020810514788,Élevée,0.7311728471044694
Belgrade,pm10,31.150393514678257,24.13158,27.423882354930818,0.0,821.22069,91024,2019,2023,5,1,1197714.0,44.8178,20.4569,SRB,RS,Serbia,Europe & Central Asia,Upper middle income,97.92415139153874,4.81976542129261,4936.851415549708,3.640130108583115,-0.6340599538493752,80.14913996298927,5.1595,65.11169922815975,4963.334293970684,2333.514004033702,24.866666666666664,74.93053658536586,32.13196667944524,33.85,24.6391676603885,2163068.8,11.376161277540401,9568.279516259354,64810498077.463745,61.536234422639,6793263.8,92.76171684265134,54.80782083105746,84764.0,3468.655666666667,0.24942435765804408,2.6136123446076347,29.458933081681106,Moyen-Faible,Semi-urbain,Mixte-Fossile,Moyenne,2019-2023,Maximale (5 ans),OUI,49.848849945235486,Élevée,0.880087805759342
Belgrade,pm25,22.197249450561813,15.289829999999998,21.245890831393456,0.0,257.82333,75475,2019,2023,5,1,1197714.0,44.8178,20.4569,SRB,RS,Serbia,Europe & Central Asia,Upper middle income,97.92415139153874,4.81976542129261,4936.851415549708,3.640130108583115,-0.6340599538493752,80.14913996298927,5.1595,65.11169922815975,4963.334293970684,2333.514004033702,24.866666666666664,74.93053658536586,32.13196667944524,33.85,24.6391676603885,2163068.8,11.376161277540401,9568.279516259354,64810498077.463745,61.536234422639,6793263.8,92.76171684265134,54.80782083105746,84764.0,3468.655666666667,0.24942435765804408,2.6136123446076347,29.458933081681106,Moyen-Faible,Semi-urbain,Mixte-Fossile,Moyenne,2019-2023,Maximale (5 ans),OUI,41.33351588170865,Élevée,0.9567096942235664
Belgrade,so2,14.013206253202856,10.88723,13.882354322078296,0.0,574.45194,34644,2019,2023,5,1,1197714.0,44.8178,20.4569,SRB,RS,Serbia,Europe & Central Asia,Upper middle income,97.92415139153874,4.81976542129261,4936.851415549708,3.640130108583115,-0.6340599538493752,80.14913996298927,5.1595,65.11169922815975,4963.334293970684,2333.514004033702,24.866666666666664,74.93053658536586,32.13196667944524,33.85,24.6391676603885,2163068.8,11.376161277540401,9568.279516259354,64810498077.463745,61.536234422639,6793263.8,92.76171684265134,54.80782083105746,84764.0,3468.655666666667,0.24942435765804408,2.6136123446076347,29.458933081681106,Moyen-Faible,Semi-urbain,Mixte-Fossile,Moyenne,2019-2023,Maximale (5 ans),OUI,18.97261774370208,Élevée,0.9899557969424867
Berlin,no2,14.480708373125243,11.695,10.907125096252434,0.0,100.65,31503,2019,2023,5,1,4679500.0,52.52,13.405,DEU,DE,Germany,Europe & Central Asia,High income,99.22592950439362,0.8478952211334432,22334.3826756485,0.3390861504826345,0.278549128270546,238.07928418967722,25.792569,28.701772526924362,6358.698075872454,3315.4328944559556,17.733333333333334,80.8547804878049,32.68248856984466,32.1,25.65803254317346,63542017.5454,4.654679420997782,50536.720795407906,4203954988698.5654,81.6196427363767,83182999.4,101.0168502807618,63.50467853325256,349392.0,33407.666666666664,0.06597159383648668,1.5071669596071364,26.505927764306904,Élevé,Urbain,Mixte-Fossile,Moyenne,2019-2023,Maximale (5 ans),OUI,17.252464403066814,Élevée,0.7526978540594335
Berlin,pm10,16.11752204395406,14.25,10.275797872311363,0.0,208.98,20881,2019,2023,5,1,4679500.0,52.52,13.405,DEU,DE,Germany,Europe & Central Asia,High income,99.22592950439362,0.8478952211334432,22334.3826756485,0.3390861504826345,0.278549128270546,238.07928418967722,25.792569,28.701772526924362,6358.698075872454,3315.4328944559556,17.733333333333334,80.8547804878049,32.68248856984466,32.1,25.65803254317346,63542017.5454,4.654679420997782,50536.720795407906,4203954988698.5654,81.6196427363767,83182999.4,101.0168502807618,63.50467853325256,349392.0,33407.666666666664,0.06597159383648668,1.5071669596071364,26.505927764306904,Élevé,Urbain,Mixte-Fossile,Moyenne,2019-2023,Maximale (5 ans),OUI,11.435377875136911,Élevée,0.6371591273790004
Berlin,pm25,11.923229733229732,10.135000000000002,7.032658386416998,1.3,61.16,8011,2021,2023,3,0,4679500.0,52.52,13.405,DEU,DE,Germany,Europe & Central Asia,High income,99.2262159464914,0.8925635206027324,22391.938825569032,1.616536829257953,0.22749499146473698,238.18538263369166,25.792569,29.527323329640137,6282.030928504556,3219.0278552057603,17.6,80.64658536585367,32.682363936279565,,25.837748736473966,60772629.0,4.688433849613347,52544.17692894853,4372827064126.56,81.77426967090193,83220388.0,100.87463124593098,63.54716193153993,349393.3333333333,33401.0,0.0614217075839229,1.5859153477959032,26.7303122570767,Élevé,Urbain,Mixte-Fossile,Moyenne,2019-2023,Maximale (5 ans),OUI,4.387185104052574,Moyenne,0.5893340314092492
Berlin,so2,1.4256827309236948,0.7,1.995733688011443,0.0,12.9,498,2019,2019,1,0,4679500.0,52.52,13.405,DEU,DE,Germany,Europe & Central Asia,High income,99.2253839958428,0.833126017731138,22927.8746520339,0.977734697038784,0.426317421770722,237.822954291766,25.792569,29.9558259201835,6580.29256436905,3570.88159282488,17.1,81.2926829268293,32.6826755201923,31.8,25.5415743169893,109633750.727,4.52681338634443,47656.199739747,3959894794039.21,81.3053991689039,83092962.0,101.152557373047,63.0067735661299,349390.0,33423.0,0.0749284811597249,1.6550180066399722,26.37470033472044,Élevé,Urbain,Mixte-Fossile,Moyenne,2019-2023,Maximale (5 ans),OUI,0.2727272727272727,Faible,1.3900938174045046
Birmingham,no2,21.106364328539858,16.0,17.202001875639304,0.0,192.0,64927,2019,2023,5,1,2590363.0,52.48,-1.9025,GBR,GB,United Kingdom,Europe & Central Asia,High income,99.10588350297122,0.657637547012113,28887.55928022188,1.0345736278313853,0.8262275516104687,278.142437895259,8.419,2.1695171710861922,4478.044111382568,2318.524704751648,12.4,80.91950243902438,13.22117050386476,32.6,17.36318610117888,82823297.8,8.834338730186031,45732.86218293194,3079262350300.062,82.95883566820366,67291000.0,114.198812866211,72.03224243970368,241930.0,16274.853333333333,0.051085038707455344,0.1787522652730885,18.02082364819099,Élevé,Urbain,Mixte-Fossile,Moyenne,2019-2023,Maximale (5 ans),OUI,35.556955093099674,Élevée,0.8146289582809437
Birmingham,o3,51.82481808263704,51.0,21.896869224371663,0.0,163.0,35673,2019,2023,5,1,2590363.0,52.48,-1.9025,GBR,GB,United Kingdom,Europe & Central Asia,High income,99.10588350297122,0.657637547012113,28887.55928022188,1.0345736278313853,0.8262275516104687,278.142437895259,8.419,2.1695171710861922,4478.044111382568,2318.524704751648,12.4,80.91950243902438,13.22117050386476,32.6,17.36318610117888,82823297.8,8.834338730186031,45732.86218293194,3079262350300.062,82.95883566820366,67291000.0,114.198812866211,72.03224243970368,241930.0,16274.853333333333,0.051085038707455344,0.1787522652730885,18.02082364819099,Élevé,Urbain,Mixte-Fossile,Moyenne,2019-2023,Maximale (5 ans),OUI,19.53614457831325,Élevée,0.4224355372379786
Bishkek,pm25,34.34578541963226,17.0,58.37355953812687,0.0,972.0,61041,2019,2023,5,1,1145044.0,42.8667,74.5667,KGZ,KG,Kyrgyz Republic,Europe & Central Asia,Lower middle income,98.12718739956475,11.088951615016317,1161.2012879146193,4.187890748172753,1.80329882685495,35.70698748696556,7.707,10.452340126697642,1937.06546025435,603.2546520454642,28.633333333333336,71.91951219512195,6.95318039624609,28.22,25.00218786914672,572055.3074,17.43212226645685,1575.891306626406,10841330242.461813,34.77136353145444,6848600.2,91.9014675781076,50.87323751107342,191800.0,421.6666666666667,0.4242797622022869,0.32679999871694904,36.09113948416304,Faible,Rural,Mixte-Fossile,Moyenne,2019-2023,Maximale (5 ans),OUI,33.42880613362541,Élevée,1.6990896533184745
Bogota,no2,0.0175651748665958,0.01715231,0.0085309895269527,0.001586624,0.07774398,8716,2020,2022,3,1,8034649.0,4.7111,-74.0722,COL,CO,Colombia,Latin America & Caribbean ,Upper middle income,93.97079229662764,8.037299405791304,4729.694432219843,3.647853782386333,1.4519616248702636,46.133728105753335,23.489333333333335,7.7326878683423,1504.1597918775467,844.648022256723,30.85,74.65433333333333,53.12539450202794,54.46666666666667,24.7058509503822,25992201.908000004,7.79241980174769,6080.917942033459,311501822872.76935,77.83955790001693,51185371.333333336,102.020408630371,57.74117596627716,1109500.0,,0.139765132267039,0.2666994921578397,32.74315035617351,Moyen-Faible,Urbain,Mixte-Renouvelable,Grande,2019-2023,Maximale (5 ans),OUI,4.773274917853231,Moyenne,0.3094843246320478
Bogota,o3,0.013443711885465951,0.01209445499999995,0.0106413380517195,9.04e-07,0.2813877,5730,2021,2022,2,0,8034649.0,4.7111,-74.0722,COL,CO,Colombia,Latin America & Caribbean ,Upper middle income,94.4068187428705,8.301708875370215,4994.656439575575,9.064737742383794,1.34456402034387,46.3840094637224,23.902865,5.6926093459143505,1521.10237386388,861.9458840886715,29.7,74.603,53.0355861198738,54.95,25.3391571276668,32851333.0,7.816802275501145,6451.533356260476,332078563038.4215,77.94021017317314,51463058.5,102.28088760375951,56.5508508132305,1109500.0,,0.1338098631777126,0.1754339869460371,33.64086600303702,Moyen-Faible,Urbain,Mixte-Fossile,Grande,2019-2023,Maximale (5 ans),OUI,3.1380065717415113,Moyenne,0.45391011899940015
Bogota,pm25,13.759159295918433,11.0,9.577995732823819,0.0,184.4344,34177,2019,2023,5,1,8034649.0,4.7111,-74.0722,COL,CO,Colombia,Latin America & Caribbean ,Upper middle income,93.97007679466331,7.866108397117475,4771.858441217992,2.9685593543177324,1.557508195183202,46.10820207300584,23.0813625,8.703210949344461,1519.42623276277,857.2723634010639,31.066666666666666,75.6962,53.12539516899504,53.720000000000006,24.9607089146708,31481498.544800002,7.656606449658396,6343.2271760715785,324765801189.8128,77.8507596262865,51157050.2,102.01264381408676,57.62004185770244,1109500.0,,0.13598914188518257,0.28190066313329415,32.826817311788275,Moyen-Faible,Urbain,Mixte-Renouvelable,Grande,2019-2023,Maximale (5 ans),OUI,18.716867469879517,Élevée,0.6956122394243058
Bordeaux,no2,15.611828940947285,10.9,13.51953743944446,0.0,113.4,40784,2019,2023,5,1,994920.0,44.84,-0.58,FRA,FR,France,Europe & Central Asia,High income,98.6468020478108,1.50739877366146,20325.53931846568,1.1250231969098021,0.3859745682355194,125.942193153354,24.934739327499997,1.0197730739986564,6751.960956599296,3308.0334398962304,16.166666666666668,82.4770731707317,32.16699137211244,31.28,16.629504532109177,50442826.6,6.970508411654523,41798.40469361652,2837638409499.026,78.73541527913692,67876545.0,104.2890319824218,70.74603966134865,538950.0,27915.0,0.07935818126546454,0.06372782981626636,18.13690330577064,Élevé,Urbain,Mixte-Fossile,Petite,2019-2023,Maximale (5 ans),OUI,22.335158817086526,Élevée,0.8654260324159364
Bordeaux,o3,58.49935531405416,58.6,26.57285783875007,0.1,172.0,5429,2023,2023,1,0,994920.0,44.84,-0.58,FRA,FR,France,Europe & Central Asia,High income,98.6451856910254,1.48475796304424,20669.0890280344,1.43921494437743,0.302058020324431,126.862020595603,,0.584217935547692,6415.02611160317,3136.12237461475,,82.9292682926829,32.4764820484275,31.8,18.1109847493837,64644716.0,6.95849027888749,44700.1384177544,3056250648138.29,78.7804323126547,68372286.0,103.962417602539,70.2119038407892,538950.0,,0.0701575504701049,,19.595742712427946,Élevé,Urbain,,Petite,2019-2023,Maximale (5 ans),OUI,2.9731653888280394,Moyenne,0.45416425623078394
Bordeaux,pm10,16.877921483365665,13.7,13.23406344064816,0.0,517.5,70078,2019,2023,5,1,994920.0,44.84,-0.58,FRA,FR,France,Europe & Central Asia,High income,98.6468020478108,1.50739877366146,20325.53931846568,1.1250231969098021,0.3859745682355194,125.942193153354,24.934739327499997,1.0197730739986564,6751.960956599296,3308.0334398962304,16.166666666666668,82.4770731707317,32.16699137211244,31.28,16.629504532109177,50442826.6,6.970508411654523,41798.40469361652,2837638409499.026,78.73541527913692,67876545.0,104.2890319824218,70.74603966134865,538950.0,27915.0,0.07935818126546454,0.06372782981626636,18.13690330577064,Élevé,Urbain,Mixte-Fossile,Petite,2019-2023,Maximale (5 ans),OUI,38.37787513691128,Élevée,0.7836407490219268
Bordeaux,pm25,8.929001034084814,6.1,23.136360807214544,0.0,985.0,28850,2019,2023,5,1,994920.0,44.84,-0.58,FRA,FR,France,Europe & Central Asia,High income,98.6468020478108,1.50739877366146,20325.53931846568,1.1250231969098021,0.3859745682355194,125.942193153354,24.934739327499997,1.0197730739986564,6751.960956599296,3308.0334398962304,16.166666666666668,82.4770731707317,32.16699137211244,31.28,16.629504532109177,50442826.6,6.970508411654523,41798.40469361652,2837638409499.026,78.73541527913692,67876545.0,104.2890319824218,70.74603966134865,538950.0,27915.0,0.07935818126546454,0.06372782981626636,18.13690330577064,Élevé,Urbain,Mixte-Fossile,Petite,2019-2023,Maximale (5 ans),OUI,15.799561883899234,Élevée,2.5882490357697194
Bordeaux,so2,1.9317226319658023,1.2,6.281429734440591,0.0,987.8,27744,2019,2023,5,1,994920.0,44.84,-0.58,FRA,FR,France,Europe & Central Asia,High income,98.6468020478108,1.50739877366146,20325.53931846568,1.1250231969098021,0.3859745682355194,125.942193153354,24.934739327499997,1.0197730739986564,6751.960956599296,3308.0334398962304,16.166666666666668,82.4770731707317,32.16699137211244,31.28,16.629504532109177,50442826.6,6.970508411654523,41798.40469361652,2837638409499.026,78.73541527913692,67876545.0,104.2890319824218,70.74603966134865,538950.0,27915.0,0.07935818126546454,0.06372782981626636,18.13690330577064,Élevé,Urbain,Mixte-Fossile,Petite,2019-2023,Maximale (5 ans),OUI,15.193866374589266,Élevée,3.234977865031765
Bratislava,o3,56.13668683768832,54.2555,30.95518715604181,0.805,171.674,23770,2020,2023,4,1,475503.0,48.1447,17.1128,SVK,SK,Slovak Republic,Europe & Central Asia,High income,97.53561208483853,1.9141597212273,10524.945948255474,1.4318935883776185,-0.20845446198486098,113.16850041597326,0.5616322066666667,7.07760078694222,5021.581825040223,3120.6029877898773,17.75,76.6158536585366,40.05615640599,24.05,27.926268164776,4498.151333333333,4.666307159771362,21947.871975512575,119403839897.88425,53.204859001152975,5441141.5,91.68781089782715,60.06518871398568,48080.0,3626.6565,0.1430196274019686,0.40094040383653984,29.8404278860033,Moyen-Élevé,Semi-urbain,Mixte-Fossile,Petite,2019-2023,Maximale (5 ans),OUI,13.017524644030669,Élevée,0.5513270488342193
Bratislava,pm10,18.72815823964286,16.485,11.999494005284582,0.0,394.62,96321,2019,2023,5,1,475503.0,48.1447,17.1128,SVK,SK,Slovak Republic,Europe & Central Asia,High income,97.53485915801011,1.85472971965014,10458.20894766474,1.6006946907408808,-0.1851768016292577,113.22259983361059,0.560874155,7.564732384495043,5059.95829541047,3122.15506609953,17.7,76.8258536585366,40.05615640599,23.880000000000003,28.170371344742442,4498.151333333333,4.928093909571328,21439.509374081703,116691771579.12619,53.23721837421404,5443742.6,91.6151870727539,59.78323077443322,48080.0,3627.489,0.14665513999860352,0.43778211106497533,30.02510106439258,Moyen-Élevé,Semi-urbain,Mixte-Fossile,Petite,2019-2023,Maximale (5 ans),OUI,52.74972617743702,Excellente,0.6403774507517066
Bratislava,pm25,13.40242582572339,11.32,10.03516449994169,0.0,292.51,68834,2019,2023,5,1,475503.0,48.1447,17.1128,SVK,SK,Slovak Republic,Europe & Central Asia,High income,97.53485915801011,1.85472971965014,10458.20894766474,1.6006946907408808,-0.1851768016292577,113.22259983361059,0.560874155,7.564732384495043,5059.95829541047,3122.15506609953,17.7,76.8258536585366,40.05615640599,23.880000000000003,28.170371344742442,4498.151333333333,4.928093909571328,21439.509374081703,116691771579.12619,53.23721837421404,5443742.6,91.6151870727539,59.78323077443322,48080.0,3627.489,0.14665513999860352,0.43778211106497533,30.02510106439258,Moyen-Élevé,Semi-urbain,Mixte-Fossile,Petite,2019-2023,Maximale (5 ans),OUI,37.69660460021906,Élevée,0.7481990678148225
Bratislava,so2,3.7939367117501783,2.98824,6.55704278102999,0.0,657.845,54215,2019,2023,5,1,475503.0,48.1447,17.1128,SVK,SK,Slovak Republic,Europe & Central Asia,High income,97.53485915801011,1.85472971965014,10458.20894766474,1.6006946907408808,-0.1851768016292577,113.22259983361059,0.560874155,7.564732384495043,5059.95829541047,3122.15506609953,17.7,76.8258536585366,40.05615640599,23.880000000000003,28.170371344742442,4498.151333333333,4.928093909571328,21439.509374081703,116691771579.12619,53.23721837421404,5443742.6,91.6151870727539,59.78323077443322,48080.0,3627.489,0.14665513999860352,0.43778211106497533,30.02510106439258,Moyen-Élevé,Semi-urbain,Mixte-Fossile,Petite,2019-2023,Maximale (5 ans),OUI,29.690580503833516,Élevée,1.7237518071148763
Brno,no2,36.86717416050085,36.275,8.40493925190438,3.1,104.1,5273,2022,2023,2,0,400566.0,49.1925,16.6083,CZE,CZ,Czechia,Europe & Central Asia,High income,99.0711633262038,2.108784454564515,8928.688310202795,1.4473754946393875,1.7139421772927048,139.538029483858,1.445,41.79886006120735,6164.19828107616,3702.4886690052554,,79.40365853658535,34.7496657762928,25.799999999999997,29.621150634589448,2176281.727,3.9675280626584053,30021.909040917402,323445261992.7335,72.71600133881705,10768080.0,100.2754898071289,59.7207665612586,77169.51999999999,,0.1241116078436892,,31.729935089153965,Moyen-Élevé,Urbain,,Petite,2019-2023,Maximale (5 ans),OUI,2.8877327491785323,Moyenne,0.22791711792567101
Brno,pm10,17.89601264065095,15.0,12.46182111102799,0.0,361.0,79453,2019,2023,5,1,400566.0,49.1925,16.6083,CZE,CZ,Czechia,Europe & Central Asia,High income,99.07213578346064,1.9623889342785859,9114.92322952994,1.0369332672948228,0.40420461281716574,138.397429425968,1.4165,41.99181306332968,6366.231293615688,3845.602413521302,16.7,78.69707317073171,34.70708776405544,25.860000000000003,29.649769727849957,2429329.367,4.443570986238642,27055.17811627304,289153421619.8172,72.72523898928856,10682332.0,100.4371505737304,59.539111928294915,77185.98000000001,9376.666666666666,0.14427224147194342,2.3863260716575545,31.612158662128547,Moyen-Élevé,Urbain,Mixte-Fossile,Petite,2019-2023,Maximale (5 ans),OUI,43.51204819277108,Élevée,0.6959573502554478
Brno,pm25,13.160458225737418,11.0,10.309627893161023,0.0,315.0,76439,2019,2023,5,1,400566.0,49.1925,16.6083,CZE,CZ,Czechia,Europe & Central Asia,High income,99.07213578346064,1.9623889342785859,9114.92322952994,1.0369332672948228,0.40420461281716574,138.397429425968,1.4165,41.99181306332968,6366.231293615688,3845.602413521302,16.7,78.69707317073171,34.70708776405544,25.860000000000003,29.649769727849957,2429329.367,4.443570986238642,27055.17811627304,289153421619.8172,72.72523898928856,10682332.0,100.4371505737304,59.539111928294915,77185.98000000001,9376.666666666666,0.14427224147194342,2.3863260716575545,31.612158662128547,Moyen-Élevé,Urbain,Mixte-Fossile,Petite,2019-2023,Maximale (5 ans),OUI,41.86144578313253,Élevée,0.7827842977409986
Brno,so2,4.488006755480366,4.5,2.1669095359746193,0.0,133.4,28439,2019,2023,5,1,400566.0,49.1925,16.6083,CZE,CZ,Czechia,Europe & Central Asia,High income,99.07213578346064,1.9623889342785859,9114.92322952994,1.0369332672948228,0.40420461281716574,138.397429425968,1.4165,41.99181306332968,6366.231293615688,3845.602413521302,16.7,78.69707317073171,34.70708776405544,25.860000000000003,29.649769727849957,2429329.367,4.443570986238642,27055.17811627304,289153421619.8172,72.72523898928856,10682332.0,100.4371505737304,59.539111928294915,77185.98000000001,9376.666666666666,0.14427224147194342,2.3863260716575545,31.612158662128547,Moyen-Élevé,Urbain,Mixte-Fossile,Petite,2019-2023,Maximale (5 ans),OUI,15.57447973713034,Élevée,0.4817488398243199
Brussels,o3,36.57076688136121,44.5,21.021082845137535,0.0,180.5,7805,2019,2023,5,1,1249597.0,50.8467,4.3525,BEL,BE,Belgium,Europe & Central Asia,High income,99.48620723685653,0.7065006139172194,21584.70604668706,1.9149445864150898,0.7603629969204676,380.88761723617756,4.26141387525,2.2815602834883597,7397.9489992520375,4481.098224215481,11.4,81.72536585365853,22.604446776415,26.6,19.15751502230176,8952083.84999246,3.847617469734452,50035.6747488241,581471923717.0818,87.37278238674791,11614787.0,147.4809478759764,70.07018582326097,30494.0,3614.0,0.0901481743651374,0.18549437779557212,19.86401563621898,Élevé,Très urbain,Mixte-Fossile,Moyenne,2019-2023,Maximale (5 ans),OUI,4.274370208105148,Moyenne,0.5746485007630687
Brussels,pm10,15.148724614979233,14.0,11.987739393890815,0.0,252.5,12571,2019,2023,5,1,1249597.0,50.8467,4.3525,BEL,BE,Belgium,Europe & Central Asia,High income,99.48620723685653,0.7065006139172194,21584.70604668706,1.9149445864150898,0.7603629969204676,380.88761723617756,4.26141387525,2.2815602834883597,7397.9489992520375,4481.098224215481,11.4,81.72536585365853,22.604446776415,26.6,19.15751502230176,8952083.84999246,3.847617469734452,50035.6747488241,581471923717.0818,87.37278238674791,11614787.0,147.4809478759764,70.07018582326097,30494.0,3614.0,0.0901481743651374,0.18549437779557212,19.86401563621898,Élevé,Très urbain,Mixte-Fossile,Moyenne,2019-2023,Maximale (5 ans),OUI,6.884446878422782,Moyenne,0.7908145110074115
Brussels,pm25,10.02165399012787,7.849,11.069479824802615,0.0,1174.859,13152,2019,2023,5,1,1249597.0,50.8467,4.3525,BEL,BE,Belgium,Europe & Central Asia,High income,99.48620723685653,0.7065006139172194,21584.70604668706,1.9149445864150898,0.7603629969204676,380.88761723617756,4.26141387525,2.2815602834883597,7397.9489992520375,4481.098224215481,11.4,81.72536585365853,22.604446776415,26.6,19.15751502230176,8952083.84999246,3.847617469734452,50035.6747488241,581471923717.0818,87.37278238674791,11614787.0,147.4809478759764,70.07018582326097,30494.0,3614.0,0.0901481743651374,0.18549437779557212,19.86401563621898,Élevé,Très urbain,Mixte-Fossile,Moyenne,2019-2023,Maximale (5 ans),OUI,7.2026286966046005,Moyenne,1.1034551067746223
Brussels,so2,1.818195456493785,1.65,0.7398002693499528,0.0,8.05,4666,2023,2023,1,0,1249597.0,50.8467,4.3525,BEL,BE,Belgium,Europe & Central Asia,High income,99.4862165648512,0.774565666013089,22084.5032306155,1.71412195515242,0.921445914026051,386.303731881682,,2.18958037026856,6931.69561218702,4051.07409072709,,82.3975609756098,22.604446776415,26.8,19.4660546903987,11390665.4189623,4.36481851103754,55291.4754541329,651330595110.011,87.551492636772,11779946.0,142.960266113281,70.2566485434437,30494.0,,0.07326628184856,,20.24062035641179,Élevé,Très urbain,,Moyenne,2019-2023,Maximale (5 ans),OUI,2.5553121577217963,Moyenne,0.40466147463728136
Bucharest,co,641.8490788232642,499.973015,638.5758866032988,34.76923,7683.97881,4436,2023,2023,1,0,2412530.0,44.4325,26.1039,ROU,RO,Romania,Europe & Central Asia,High income,90.505532492932,3.32416909916798,8520.18583379451,2.25773416555121,0.0680098161557962,82.8453668289291,,13.954330654341,2585.27043246593,1600.61942333991,,76.6073170731707,30.1158292767733,29.8,27.0872143657574,2806654.333,9.80649166982857,18244.4186876321,347757995758.914,52.1645747011867,19061062.0,81.6316070556641,60.9101722747782,230080.0,,0.0877271961111482,,30.41138346492538,Moyen-Élevé,Semi-urbain,,Moyenne,2019-2023,Maximale (5 ans),OUI,2.429353778751369,Moyenne,0.9948848706386073
Bucharest,no2,35.48708226096106,30.71768816,20.371912701166252,0.70824404,177.66446186,49955,2020,2023,4,1,2412530.0,44.4325,26.1039,ROU,RO,Romania,Europe & Central Asia,High income,89.14847111726488,3.957596503853875,7995.625684788225,2.108693120408355,-0.7508438654086982,83.11986374304593,7.803666666666667,16.961333846495926,2732.5141866206923,1678.147871226625,23.85,74.70609756097562,30.1158292767733,32.65,26.8782978597076,2401716.33325,10.26701468559098,15416.281978691675,294693440433.48724,52.293039101793255,19124218.25,84.31976127624512,60.186647020457826,230080.0,10769.0,0.11067142742673079,0.7083423821485024,30.835894363561476,Moyen-Faible,Semi-urbain,Mixte-Fossile,Moyenne,2019-2023,Maximale (5 ans),OUI,27.357612267250822,Élevée,0.5739038648697854
Bucharest,o3,41.66338488993232,38.3537422175,27.196818560797677,1.01969444,1017.75067465,37765,2020,2023,4,1,2412530.0,44.4325,26.1039,ROU,RO,Romania,Europe & Central Asia,High income,89.14847111726488,3.957596503853875,7995.625684788225,2.108693120408355,-0.7508438654086982,83.11986374304593,7.803666666666667,16.961333846495926,2732.5141866206923,1678.147871226625,23.85,74.70609756097562,30.1158292767733,32.65,26.8782978597076,2401716.33325,10.26701468559098,15416.281978691675,294693440433.48724,52.293039101793255,19124218.25,84.31976127624512,60.186647020457826,230080.0,10769.0,0.11067142742673079,0.7083423821485024,30.835894363561476,Moyen-Faible,Semi-urbain,Mixte-Fossile,Moyenne,2019-2023,Maximale (5 ans),OUI,20.681818181818183,Élevée,0.6526184189892392
Bucharest,pm10,26.38082634191602,22.67341219,16.124185599107346,0.1010578,369.60662001,54357,2021,2023,3,0,2412530.0,44.4325,26.1039,ROU,RO,Romania,Europe & Central Asia,High income,89.60055510609287,3.91951391766956,8230.900563101233,4.010932647326997,-0.6398308165062976,82.9155409712564,8.0075,16.96500035446307,2734.54840079378,1680.9844185158665,23.6,74.85691056910571,30.1158292767733,32.0,26.963770886170934,2606819.4443333335,9.99333022070884,16218.650285814801,309382904476.79034,52.18673638733167,19077207.666666668,83.6207224527995,60.2759931544731,230080.0,10769.0,0.10478415516958113,0.7413726398908494,30.883284803840493,Moyen-Faible,Semi-urbain,Mixte-Fossile,Moyenne,2019-2023,Maximale (5 ans),OUI,29.768346111719605,Élevée,0.6109769125909341
Bucharest,pm25,16.11128294766702,13.367758965,11.62094995881911,0.14401399,170.61347665,17480,2021,2023,3,0,2412530.0,44.4325,26.1039,ROU,RO,Romania,Europe & Central Asia,High income,89.60055510609287,3.91951391766956,8230.900563101233,4.010932647326997,-0.6398308165062976,82.9155409712564,8.0075,16.96500035446307,2734.54840079378,1680.9844185158665,23.6,74.85691056910571,30.1158292767733,32.0,26.963770886170934,2606819.4443333335,9.99333022070884,16218.650285814801,309382904476.79034,52.18673638733167,19077207.666666668,83.6207224527995,60.2759931544731,230080.0,10769.0,0.10478415516958113,0.7413726398908494,30.883284803840493,Moyen-Faible,Semi-urbain,Mixte-Fossile,Moyenne,2019-2023,Maximale (5 ans),OUI,9.572836801752464,Moyenne,0.7208452327611324
Budapest,co,451.3994420923996,438.44125,805.8569588591453,0.0,175732.6,15459,2019,2021,3,1,1686222.0,47.4983,19.0408,HUN,HU,Hungary,Europe & Central Asia,High income,97.98369182649293,3.3817190562256663,7764.291191511399,2.653791786253373,-0.3878220276658267,105.91049382716034,4.471125,10.58371101098999,4582.743814852006,2771.0421158938134,14.566666666666668,75.26829268292683,22.496298853093734,,24.297039948288432,24842622.333333332,9.012114519533581,17476.806289258235,168895951742.89133,70.3180626770627,9665391.666666666,101.41659291585303,56.91680806781746,91260.0,7737.466666666667,0.15897857952760422,0.6854493785642127,27.678759004514102,Moyen-Élevé,Urbain,Mixte-Fossile,Moyenne,2019-2023,Maximale (5 ans),OUI,8.46604600219058,Moyenne,1.7852018228147593
Budapest,no2,20.106651076488454,15.504195,15.115256264480786,0.0,144.5065,76212,2019,2023,5,1,1686222.0,47.4983,19.0408,HUN,HU,Hungary,Europe & Central Asia,High income,97.98120115989006,3.2423158674307118,8059.147924694092,2.259329713207791,-0.28872680110611176,105.6178720140258,4.52704875,9.473642245587381,4611.148737375752,2700.27290648973,14.566666666666668,75.68878048780488,22.4803412228797,,24.492805262894517,34285750.2,8.35402019576901,18617.81509618148,179386150481.49542,70.28099942893513,9638687.0,102.5154830932618,57.32827550631756,91260.0,7737.466666666667,0.14702305091968065,0.6854493785642127,27.73512113032523,Moyen-Élevé,Urbain,Mixte-Fossile,Moyenne,2019-2023,Maximale (5 ans),OUI,41.73713033953998,Élevée,0.7513803469080844
Budapest,o3,49.38138356513299,46.08669875,32.66336061779286,0.0,240.1354468,34579,2019,2023,5,1,1686222.0,47.4983,19.0408,HUN,HU,Hungary,Europe & Central Asia,High income,97.98120115989006,3.2423158674307118,8059.147924694092,2.259329713207791,-0.28872680110611176,105.6178720140258,4.52704875,9.473642245587381,4611.148737375752,2700.27290648973,14.566666666666668,75.68878048780488,22.4803412228797,,24.492805262894517,34285750.2,8.35402019576901,18617.81509618148,179386150481.49542,70.28099942893513,9638687.0,102.5154830932618,57.32827550631756,91260.0,7737.466666666667,0.14702305091968065,0.6854493785642127,27.73512113032523,Moyen-Élevé,Urbain,Mixte-Fossile,Moyenne,2019-2023,Maximale (5 ans),OUI,18.937020810514788,Élevée,0.6613169800096672
Budapest,pm10,14.055552930075942,12.367742400000001,11.763723434204088,0.0,774.656125,5314,2022,2023,2,0,1686222.0,47.4983,19.0408,HUN,HU,Hungary,Europe & Central Asia,High income,97.97746515998575,3.03321108423828,8501.43302446813,1.6676366036394177,-0.14008396126653935,105.178939294324,4.69482,7.808539097483465,4653.75612116137,2594.1190923836048,,76.31951219512194,22.45640477755865,,24.78645323480365,48450442.0,7.366878710122155,20329.32830656635,195121448589.4015,70.2254045567438,9598630.0,104.163818359375,57.9454766640677,91260.0,,0.12908975800779524,,27.819664319041927,Moyen-Élevé,Urbain,,Moyenne,2019-2023,Maximale (5 ans),OUI,2.9101861993428257,Moyenne,0.8363498749523084
Budapest,pm25,11.82212563298503,9.41256275,33.21672213946797,0.585,6354.917,20937,2020,2023,4,1,1686222.0,47.4983,19.0408,HUN,HU,Hungary,Europe & Central Asia,High income,97.9799687106136,3.2216320538615877,8152.9797994499295,1.5548659037874064,-0.32442316452587744,105.4640888669735,4.548373333333333,8.791689737957375,4640.063017992918,2688.030803409315,15.05,75.53109756097562,22.472358371685324,,24.457572172766373,32906344.5,8.042478585237932,19019.053906396875,182998517593.37125,70.2371173586787,9624652.75,102.50394439697277,57.51271384941228,91260.0,7812.35,0.14338172941665767,0.6103161131851067,27.67920422662796,Moyen-Élevé,Urbain,Mixte-Fossile,Moyenne,2019-2023,Maximale (5 ans),OUI,11.46604600219058,Élevée,2.8073334555261984
Budapest,so2,4.077563717535208,3.575436,3.601899935063456,0.0,483.5927,41153,2019,2023,5,1,1686222.0,47.4983,19.0408,HUN,HU,Hungary,Europe & Central Asia,High income,97.98120115989006,3.2423158674307118,8059.147924694092,2.259329713207791,-0.28872680110611176,105.6178720140258,4.52704875,9.473642245587381,4611.148737375752,2700.27290648973,14.566666666666668,75.68878048780488,22.4803412228797,,24.492805262894517,34285750.2,8.35402019576901,18617.81509618148,179386150481.49542,70.28099942893513,9638687.0,102.5154830932618,57.32827550631756,91260.0,7737.466666666667,0.14702305091968065,0.6854493785642127,27.73512113032523,Moyen-Élevé,Urbain,Mixte-Fossile,Moyenne,2019-2023,Maximale (5 ans),OUI,22.53723986856517,Élevée,0.8811850246178901
Buenos Aires,co,0.25255410416842217,0.0,0.27150180377705474,0.0,2.3,34147,2021,2023,3,0,16710000.0,-34.6036,-58.3814,ARG,AR,Argentina,Latin America & Caribbean ,Upper middle income,,6.5598768349918934,8392.513931257354,4.8689231110452535,0.3452876234941276,16.59651939630233,37.69,1.6836301035334535,2865.9340683140235,1794.1136284679699,9.2,75.71633333333334,10.361079162540634,41.833333333333336,24.261179526313565,14689477.666666666,19.646742733071367,12987.351299285167,590006509913.43,92.11220967649393,45419528.666666664,111.81949339035833,53.18908052270913,2736690.0,,0.1400516676464432,0.1782484646630902,30.821056361305462,Moyen-Faible,Très urbain,Fossile,Mégapole,2019-2023,Maximale (5 ans),OUI,18.700438116100766,Élevée,1.0340794505459066
Buenos Aires,no2,0.006599032324216866,0.0,0.008201332451581033,0.0,0.068,34158,2021,2023,3,0,16710000.0,-34.6036,-58.3814,ARG,AR,Argentina,Latin America & Caribbean ,Upper middle income,,6.5598768349918934,8392.513931257354,4.8689231110452535,0.3452876234941276,16.59651939630233,37.69,1.6836301035334535,2865.9340683140235,1794.1136284679699,9.2,75.71633333333334,10.361079162540634,41.833333333333336,24.261179526313565,14689477.666666666,19.646742733071367,12987.351299285167,590006509913.43,92.11220967649393,45419528.666666664,111.81949339035833,53.18908052270913,2736690.0,,0.1400516676464432,0.1782484646630902,30.821056361305462,Moyen-Faible,Très urbain,Fossile,Mégapole,2019-2023,Maximale (5 ans),OUI,18.706462212486308,Élevée,0.4940849738340375
Buenos Aires,pm10,17.441937139775156,14.0,16.18799850383483,0.0,232.0,34137,2021,2023,3,0,16710000.0,-34.6036,-58.3814,ARG,AR,Argentina,Latin America & Caribbean ,Upper middle income,,6.5598768349918934,8392.513931257354,4.8689231110452535,0.3452876234941276,16.59651939630233,37.69,1.6836301035334535,2865.9340683140235,1794.1136284679699,9.2,75.71633333333334,10.361079162540634,41.833333333333336,24.261179526313565,14689477.666666666,19.646742733071367,12987.351299285167,590006509913.43,92.11220967649393,45419528.666666664,111.81949339035833,53.18908052270913,2736690.0,,0.1400516676464432,0.1782484646630902,30.821056361305462,Moyen-Faible,Très urbain,Fossile,Mégapole,2019-2023,Maximale (5 ans),OUI,18.694961664841184,Élevée,0.9275760263277792
Cape Town,no2,0.005033570524303433,0.003566,0.005101970919110133,0.0,0.044184,5937,2021,2023,3,0,4770313.0,-33.9253,18.4239,ZAF,ZA,South Africa,Sub-Saharan Africa ,Upper middle income,76.16649977830726,2.532939323209457,3839.109992786153,2.5742966061604835,1.5036791968964167,51.40959505615137,21.0,82.49168320340974,3390.07491031357,2000.4795271596633,9.7,64.53433333333332,13.995078683362332,,24.815532015833536,12303379.295,10.1428590858785,6465.75900446029,403007683978.1616,63.50314434192603,62364465.666666664,105.037283727216,62.579019484615095,1213090.0,20953.0,0.30962417827223865,7.772984857112132,27.348471339042987,Moyen-Faible,Semi-urbain,Fossile,Moyenne,2019-2023,Maximale (5 ans),OUI,3.251369112814896,Moyenne,0.339371868503376
Cape Town,pm10,28.821927707032724,25.5415,19.38952066218612,0.0,533.86,8010,2021,2023,3,0,4770313.0,-33.9253,18.4239,ZAF,ZA,South Africa,Sub-Saharan Africa ,Upper middle income,76.16649977830726,2.532939323209457,3839.109992786153,2.5742966061604835,1.5036791968964167,51.40959505615137,21.0,82.49168320340974,3390.07491031357,2000.4795271596633,9.7,64.53433333333332,13.995078683362332,,24.815532015833536,12303379.295,10.1428590858785,6465.75900446029,403007683978.1616,63.50314434192603,62364465.666666664,105.037283727216,62.579019484615095,1213090.0,20953.0,0.30962417827223865,7.772984857112132,27.348471339042987,Moyen-Faible,Semi-urbain,Fossile,Moyenne,2019-2023,Maximale (5 ans),OUI,4.386637458926615,Moyenne,0.6725017091887546
Cape Town,pm25,8.760304903832425,7.3572500000000005,6.500967974078227,0.0,67.0,3349,2021,2023,2,0,4770313.0,-33.9253,18.4239,ZAF,ZA,South Africa,Sub-Saharan Africa ,Upper middle income,76.1649683501189,2.4965215598860953,3824.391292203555,2.83237660077976,1.5278304085843302,51.40384761229585,20.89,82.3850014940864,3382.80062010846,2031.566067273125,9.7,64.0745,13.995078683362351,,24.73228363013915,12388085.767499998,10.1926914921733,6431.51416777345,400713504433.3,63.5163815523727,62357493.5,105.288392337575,62.73254872475481,1213090.0,20953.0,0.31613996358850327,7.772984857112132,27.228805190025245,Moyen-Faible,Semi-urbain,Fossile,Moyenne,2019-2023,Maximale (5 ans),OUI,1.8340635268346113,Moyenne,0.741247658475072
Cape Town,so2,0.0132600116618323,0.002586,0.0233315223563616,0.0,0.600928,9531,2021,2023,3,0,4770313.0,-33.9253,18.4239,ZAF,ZA,South Africa,Sub-Saharan Africa ,Upper middle income,76.16649977830726,2.532939323209457,3839.109992786153,2.5742966061604835,1.5036791968964167,51.40959505615137,21.0,82.49168320340974,3390.07491031357,2000.4795271596633,9.7,64.53433333333332,13.995078683362332,,24.815532015833536,12303379.295,10.1428590858785,6465.75900446029,403007683978.1616,63.50314434192603,62364465.666666664,105.037283727216,62.579019484615095,1213090.0,20953.0,0.30962417827223865,7.772984857112132,27.348471339042987,Moyen-Faible,Semi-urbain,Fossile,Moyenne,2019-2023,Maximale (5 ans),OUI,5.21960569550931,Moyenne,1.003074404930185
Chiang Mai,co,0.6721219777292071,0.73,0.42893115955793015,0.0,3.36,10964,2021,2023,3,0,1198000.0,18.7953,98.9986,THA,TH,Thailand,East Asia & Pacific,Upper middle income,98.70199725526977,8.65838010054877,3523.05402064042,2.05009859488267,2.1154653893522863,140.38579472423933,57.307,17.406526123483435,2838.58880550784,1855.6017860984232,19.0,76.43633333333334,38.7578539411615,34.23333333333333,34.3779596661982,33015103.666666668,7.518971454462464,7053.887225125184,505915216772.8437,59.728448232014976,71721698.66666667,88.68875101134013,56.963660233252995,510890.0,,0.2631115294508235,0.960197355481505,43.03633976674697,Moyen-Faible,Semi-urbain,Mixte-Fossile,Moyenne,2019-2023,Maximale (5 ans),OUI,6.004381161007667,Moyenne,0.6288188528770874
Chiang Mai,no2,0.0029757194725413003,0.0015,0.0036627327577740502,0.0,0.031,6717,2021,2022,2,0,1198000.0,18.7953,98.9986,THA,TH,Thailand,East Asia & Pacific,Upper middle income,98.53372716328855,8.706182157461205,3408.185513798825,2.06627241568237,2.2084849756690748,140.40464777153602,57.307,18.801316302935803,2775.27665522071,1857.7665220268,19.0,76.4485,38.79308657440935,34.599999999999994,35.0767348349727,23562309.5,7.69777714824274,6983.28018309053,500919683188.799,59.1255760192871,71731330.5,86.3653107533973,56.217083007566046,510890.0,,0.26603706548029604,0.960197355481505,43.78291699243391,Moyen-Faible,Semi-urbain,Mixte-Fossile,Moyenne,2019-2023,Maximale (5 ans),OUI,3.6785323110624315,Moyenne,0.2822758896356367
Chiang Mai,o3,0.0218826012961214,0.0155,0.0184248347014445,0.0,0.096,9188,2021,2022,2,0,1198000.0,18.7953,98.9986,THA,TH,Thailand,East Asia & Pacific,Upper middle income,98.53372716328855,8.706182157461205,3408.185513798825,2.06627241568237,2.2084849756690748,140.40464777153602,57.307,18.801316302935803,2775.27665522071,1857.7665220268,19.0,76.4485,38.79308657440935,34.599999999999994,35.0767348349727,23562309.5,7.69777714824274,6983.28018309053,500919683188.799,59.1255760192871,71731330.5,86.3653107533973,56.217083007566046,510890.0,,0.26603706548029604,0.960197355481505,43.78291699243391,Moyen-Faible,Semi-urbain,Mixte-Fossile,Moyenne,2019-2023,Maximale (5 ans),OUI,5.031763417305586,Moyenne,0.577896217762066
Chiang Mai,pm10,43.63156890322572,27.0,26.59541363664668,5.0,267.0,22247,2021,2023,3,0,1198000.0,18.7953,98.9986,THA,TH,Thailand,East Asia & Pacific,Upper middle income,98.70199725526977,8.65838010054877,3523.05402064042,2.05009859488267,2.1154653893522863,140.38579472423933,57.307,17.406526123483435,2838.58880550784,1855.6017860984232,19.0,76.43633333333334,38.7578539411615,34.23333333333333,34.3779596661982,33015103.666666668,7.518971454462464,7053.887225125184,505915216772.8437,59.728448232014976,71721698.66666667,88.68875101134013,56.963660233252995,510890.0,,0.2631115294508235,0.960197355481505,43.03633976674697,Moyen-Faible,Semi-urbain,Mixte-Fossile,Moyenne,2019-2023,Maximale (5 ans),OUI,12.183461117196057,Élevée,0.6094055347923321
Chiang Mai,pm25,25.576851123178784,17.0,21.571274570565397,2.0,245.0,39596,2021,2023,3,0,1198000.0,18.7953,98.9986,THA,TH,Thailand,East Asia & Pacific,Upper middle income,98.70199725526977,8.65838010054877,3523.05402064042,2.05009859488267,2.1154653893522863,140.38579472423933,57.307,17.406526123483435,2838.58880550784,1855.6017860984232,19.0,76.43633333333334,38.7578539411615,34.23333333333333,34.3779596661982,33015103.666666668,7.518971454462464,7053.887225125184,505915216772.8437,59.728448232014976,71721698.66666667,88.68875101134013,56.963660233252995,510890.0,,0.2631115294508235,0.960197355481505,43.03633976674697,Moyen-Faible,Semi-urbain,Mixte-Fossile,Moyenne,2019-2023,Maximale (5 ans),OUI,21.684556407447975,Élevée,0.8430609326141062
Colombo,pm25,20.18340201341679,15.0,16.601642777381592,0.0,874.0,44044,2019,2023,5,1,752993.0,6.9167,79.8333,LKA,LK,Sri Lanka,South Asia,Lower middle income,94.06797245126448,8.173875128062868,2665.5279743807523,-2.063312726422289,1.1684686786518335,355.947056677417,12.946,35.35133902083005,689.897275422886,508.8818481883165,48.06666666666666,76.9374,34.10652148724602,37.7,28.593872207736002,2962610.2,8.833235004413652,3813.607634518834,83950028532.15817,19.823355631293943,22019200.0,88.65973024704037,57.2721340073982,61860.89399999999,1562.0,0.13364367124743481,0.7252905326659822,36.767747335798866,Faible,Rural,Mixte-Renouvelable,Petite,2019-2023,Maximale (5 ans),OUI,24.120481927710845,Élevée,0.8221320392844761
Conakry,pm25,23.686992203665422,13.0,26.15639555647321,0.0,512.0,12152,2020,2023,3,1,1667864.0,9.5092,-13.7122,GIN,GN,Guinea,Sub-Saharan Africa ,Lower middle income,30.45641311746877,27.615418244682463,680.6886300162487,5.276216819634423,3.5283920856130933,56.27972760323403,0.89,0.0,,,66.3,59.821,24.9701557328124,,27.687994941525634,,,1284.7067466039668,17855141678.943134,36.9919490150504,13829054.666666666,,36.71322997827197,245720.0,,,0.0,55.303413186208104,Faible,Rural,Renouvelable,Moyenne,2019-2023,Maximale (5 ans),OUI,6.6549835706462215,Moyenne,1.103785464909229
Concepcion,no2,9.748908914381667,7.29,9.862076764218083,0.0,309.68,16225,2019,2021,3,1,719944.0,-36.8282,-73.0514,CHL,CL,Chile,Latin America & Caribbean ,High income,99.5195240411598,3.8463677945382067,8787.580310831,1.9352710764974723,1.1694822800700913,26.037619147904536,35.368,31.307799605641033,4230.68776888486,2044.5011097404397,25.400000000000002,79.51633333333334,24.5152544480559,47.0,29.269354383817102,13173462.666666666,4.309462193200344,14605.788247191367,282550921730.283,88.2962562575455,19341567.333333332,104.92366027832067,56.74197147094623,742831.64,2396.0,0.14080837231898788,1.1869115129807224,33.115722178355306,Moyen-Faible,Très urbain,Mixte-Fossile,Petite,2019-2023,Maximale (5 ans),OUI,8.885542168674698,Moyenne,1.010571658239824
Concepcion,pm10,35.559458385598816,25.0,36.639671027283555,0.0,1985.0,82565,2019,2023,5,1,719944.0,-36.8282,-73.0514,CHL,CL,Chile,Latin America & Caribbean ,High income,99.7117140839604,3.6528019951460977,9061.343667491059,1.6962349537327643,0.9877014409290842,26.17997612487266,35.368,26.7235905308553,4287.497884683287,2059.5103010140783,25.400000000000002,79.7784,24.680717342626917,45.0,29.52882725663876,16917195.4,4.766997930880794,15258.003559779358,296879478965.7456,88.46883315426044,19447314.6,105.3340560913088,56.64014953403641,742831.64,2396.0,0.13596337099443837,1.1869115129807224,33.181629251784855,Moyen-Faible,Très urbain,Mixte-Fossile,Petite,2019-2023,Maximale (5 ans),OUI,45.21631982475356,Élevée,1.0300879656384658
Concepcion,pm25,21.347425200013767,11.0,29.388677168178766,0.0,1996.0,90530,2019,2023,5,1,719944.0,-36.8282,-73.0514,CHL,CL,Chile,Latin America & Caribbean ,High income,99.7117140839604,3.6528019951460977,9061.343667491059,1.6962349537327643,0.9877014409290842,26.17997612487266,35.368,26.7235905308553,4287.497884683287,2059.5103010140783,25.400000000000002,79.7784,24.680717342626917,45.0,29.52882725663876,16917195.4,4.766997930880794,15258.003559779358,296879478965.7456,88.46883315426044,19447314.6,105.3340560913088,56.64014953403641,742831.64,2396.0,0.13596337099443837,1.1869115129807224,33.181629251784855,Moyen-Faible,Très urbain,Mixte-Fossile,Petite,2019-2023,Maximale (5 ans),OUI,49.57831325301205,Élevée,1.3760402713787718
Concepcion,so2,8.487742499305558,2.42,15.01223353805077,0.0,1211.65,34000,2019,2023,5,1,719944.0,-36.8282,-73.0514,CHL,CL,Chile,Latin America & Caribbean ,High income,99.7117140839604,3.6528019951460977,9061.343667491059,1.6962349537327643,0.9877014409290842,26.17997612487266,35.368,26.7235905308553,4287.497884683287,2059.5103010140783,25.400000000000002,79.7784,24.680717342626917,45.0,29.52882725663876,16917195.4,4.766997930880794,15258.003559779358,296879478965.7456,88.46883315426044,19447314.6,105.3340560913088,56.64014953403641,742831.64,2396.0,0.13596337099443837,1.1869115129807224,33.181629251784855,Moyen-Faible,Très urbain,Mixte-Fossile,Petite,2019-2023,Maximale (5 ans),OUI,18.619934282584886,Élevée,1.7666143142461168
Copenhagen,co,163.5049688182524,170.0,323.44612763288353,0.0,62590.0,32378,2019,2023,5,1,1366301.0,55.6805,12.5615,DNK,DK,Denmark,Europe & Central Asia,High income,99.59722849545543,1.13998692294509,27220.90147675854,1.495993951932263,0.6235094377094038,146.76274,0.9465965000000001,11.035092159560097,5861.379161721559,2642.763076186372,38.733333333333334,81.52341463414636,15.7345,28.54,20.7745625655124,,6.40449869543401,65111.02583364265,382381733897.3848,88.33028101737645,5870509.6,129.677224731445,65.62408472297098,40000.0,,0.04079216700144422,0.2942833276886292,21.91454948845749,Élevé,Très urbain,Mixte-Renouvelable,Moyenne,2019-2023,Maximale (5 ans),OUI,17.731653888280395,Élevée,1.9780826793441482
Copenhagen,no2,10.956898300584768,8.54,10.602351107293693,0.0,137.28,75444,2019,2023,5,1,1366301.0,55.6805,12.5615,DNK,DK,Denmark,Europe & Central Asia,High income,99.59722849545543,1.13998692294509,27220.90147675854,1.495993951932263,0.6235094377094038,146.76274,0.9465965000000001,11.035092159560097,5861.379161721559,2642.763076186372,38.733333333333334,81.52341463414636,15.7345,28.54,20.7745625655124,,6.40449869543401,65111.02583364265,382381733897.3848,88.33028101737645,5870509.6,129.677224731445,65.62408472297098,40000.0,,0.04079216700144422,0.2942833276886292,21.91454948845749,Élevé,Très urbain,Mixte-Renouvelable,Moyenne,2019-2023,Maximale (5 ans),OUI,41.31653888280394,Élevée,0.9667593166910614
Copenhagen,o3,52.554490579263096,60.02,22.160450758700144,0.0,549.98,31651,2019,2023,5,1,1366301.0,55.6805,12.5615,DNK,DK,Denmark,Europe & Central Asia,High income,99.59722849545543,1.13998692294509,27220.90147675854,1.495993951932263,0.6235094377094038,146.76274,0.9465965000000001,11.035092159560097,5861.379161721559,2642.763076186372,38.733333333333334,81.52341463414636,15.7345,28.54,20.7745625655124,,6.40449869543401,65111.02583364265,382381733897.3848,88.33028101737645,5870509.6,129.677224731445,65.62408472297098,40000.0,,0.04079216700144422,0.2942833276886292,21.91454948845749,Élevé,Très urbain,Mixte-Renouvelable,Moyenne,2019-2023,Maximale (5 ans),OUI,17.333515881708653,Élevée,0.421585951171427
Dhaka,o3,0.0093295165394402,0.002,0.0136615903624335,0.0,0.066,786,2023,2023,1,0,19134000.0,23.7289,90.3944,BGD,BD,Bangladesh,South Asia,Lower middle income,65.6304136319171,11.0036900209598,1262.45721547606,5.77511237007889,2.73858385406151,1319.17979689183,,,,,,74.672,14.4899215263887,,34.5942721606063,6628497.0,,2551.01773827307,437415333018.291,32.1578465036834,171466990.0,65.9856598598849,51.1119129405073,129980.0,,,,45.5979621815661,Faible,Rural,,Mégapole,2019-2023,Maximale (5 ans),OUI,0.4304490690032859,Faible,0.7067735157554619
Dhaka,pm25,92.83483750310586,66.0,80.72822735605601,0.0,985.0,38162,2019,2023,5,1,19134000.0,23.7289,90.3944,BGD,BD,Bangladesh,South Asia,Lower middle income,61.68436288026626,11.56583189587888,1173.872559103406,6.228710594531318,1.9958104853267042,1290.397836304924,35.87,4.070856198939207,550.4601519630801,283.7555428187368,26.099999999999998,72.8172,14.47100222072948,30.9,33.51891226498514,4978138.851,8.09751580134397,2425.800520467868,407805953395.6546,31.434105856995423,167944364.0,66.28076931271553,51.1624201264287,130150.0,2877.0,0.11907571185440245,0.13334896327303564,45.08474416086402,Faible,Rural,Mixte-Fossile,Mégapole,2019-2023,Maximale (5 ans),OUI,20.89923329682366,Élevée,0.8694961349181689
Dublin,no2,14.546113840436186,10.89867201,14.675334154734069,0.0,259.84491382,23807,2019,2023,5,1,592713.0,53.3497,-6.2603,IRL,IE,Ireland,Europe & Central Asia,High income,89.77170509911623,1.003143878384981,21467.96169370794,6.6719056003723285,1.9451490939718,74.46991435622006,1.584,6.833065763989278,6047.183563337958,2627.8273153615182,12.9,82.55658536585368,11.409783713165899,29.560000000000002,37.173609760151535,132143097.4,7.39946846732675,96826.95777325779,497865895501.526,63.68593875824708,5130232.4,135.42964553833,56.443794363622416,68890.0,1808.6666666666667,0.027551910285519943,0.5380961964456388,38.176753638536525,Élevé,Semi-urbain,Mixte-Fossile,Petite,2019-2023,Maximale (5 ans),OUI,13.037787513691129,Élevée,1.008190394469621
Dublin,o3,46.6433298321579,53.055,22.851339115218586,0.0,165.14167,53254,2019,2023,5,1,592713.0,53.3497,-6.2603,IRL,IE,Ireland,Europe & Central Asia,High income,89.77170509911623,1.003143878384981,21467.96169370794,6.6719056003723285,1.9451490939718,74.46991435622006,1.584,6.833065763989278,6047.183563337958,2627.8273153615182,12.9,82.55658536585368,11.409783713165899,29.560000000000002,37.173609760151535,132143097.4,7.39946846732675,96826.95777325779,497865895501.526,63.68593875824708,5130232.4,135.42964553833,56.443794363622416,68890.0,1808.6666666666667,0.027551910285519943,0.5380961964456388,38.176753638536525,Élevé,Semi-urbain,Mixte-Fossile,Petite,2019-2023,Maximale (5 ans),OUI,29.164293537787515,Élevée,0.48981153537013505
Dublin,pm25,7.113655369468961,4.9984025,10.327428602810844,0.0,372.8678333,23273,2019,2023,5,1,592713.0,53.3497,-6.2603,IRL,IE,Ireland,Europe & Central Asia,High income,89.77170509911623,1.003143878384981,21467.96169370794,6.6719056003723285,1.9451490939718,74.46991435622006,1.584,6.833065763989278,6047.183563337958,2627.8273153615182,12.9,82.55658536585368,11.409783713165899,29.560000000000002,37.173609760151535,132143097.4,7.39946846732675,96826.95777325779,497865895501.526,63.68593875824708,5130232.4,135.42964553833,56.443794363622416,68890.0,1808.6666666666667,0.027551910285519943,0.5380961964456388,38.176753638536525,Élevé,Semi-urbain,Mixte-Fossile,Petite,2019-2023,Maximale (5 ans),OUI,12.745345016429354,Élevée,1.4497372580757948
Dushanbe,pm25,58.953818380062636,37.0,57.55583546869868,0.0,977.0,58007,2019,2023,5,1,1564700.0,38.5367,68.78,TJK,TJ,Tajikistan,Europe & Central Asia,Lower middle income,95.98378728575241,22.36006011206408,872.7104000301254,7.500000076799742,2.16620889954349,71.78932920239208,10.602,7.419970595810295,1547.6337456997026,372.27809800458203,37.93333333333333,70.5026,3.0607392463433962,36.63333333333333,34.075544570841,419004.22140000004,15.5402041722866,966.5483074438165,9666055398.06101,26.181299142815483,9963641.0,90.36680371367495,34.90527416243994,138790.0,634.0,0.4101193351493596,0.20464307732072262,56.43560468290508,Faible,Rural,Mixte-Renouvelable,Moyenne,2019-2023,Maximale (5 ans),OUI,31.767250821467687,Élevée,0.9761212392608544
Finglas,no2,14.546113840436186,10.89867201,14.675334154734069,0.0,259.84491382,23807,2019,2023,5,1,330506.0,53.3892,-6.2969,IRL,IE,Ireland,Europe & Central Asia,High income,89.77170509911623,1.003143878384981,21467.96169370794,6.6719056003723285,1.9451490939718,74.46991435622006,1.584,6.833065763989278,6047.183563337958,2627.8273153615182,12.9,82.55658536585368,11.409783713165899,29.560000000000002,37.173609760151535,132143097.4,7.39946846732675,96826.95777325779,497865895501.526,63.68593875824708,5130232.4,135.42964553833,56.443794363622416,68890.0,1808.6666666666667,0.027551910285519943,0.5380961964456388,38.176753638536525,Élevé,Semi-urbain,Mixte-Fossile,Petite,2019-2023,Maximale (5 ans),OUI,13.037787513691129,Élevée,1.008190394469621
Finglas,o3,46.6433298321579,53.055,22.851339115218586,0.0,165.14167,53254,2019,2023,5,1,330506.0,53.3892,-6.2969,IRL,IE,Ireland,Europe & Central Asia,High income,89.77170509911623,1.003143878384981,21467.96169370794,6.6719056003723285,1.9451490939718,74.46991435622006,1.584,6.833065763989278,6047.183563337958,2627.8273153615182,12.9,82.55658536585368,11.409783713165899,29.560000000000002,37.173609760151535,132143097.4,7.39946846732675,96826.95777325779,497865895501.526,63.68593875824708,5130232.4,135.42964553833,56.443794363622416,68890.0,1808.6666666666667,0.027551910285519943,0.5380961964456388,38.176753638536525,Élevé,Semi-urbain,Mixte-Fossile,Petite,2019-2023,Maximale (5 ans),OUI,29.164293537787515,Élevée,0.48981153537013505
Finglas,pm25,7.113655369468961,4.9984025,10.327428602810844,0.0,372.8678333,23273,2019,2023,5,1,330506.0,53.3892,-6.2969,IRL,IE,Ireland,Europe & Central Asia,High income,89.77170509911623,1.003143878384981,21467.96169370794,6.6719056003723285,1.9451490939718,74.46991435622006,1.584,6.833065763989278,6047.183563337958,2627.8273153615182,12.9,82.55658536585368,11.409783713165899,29.560000000000002,37.173609760151535,132143097.4,7.39946846732675,96826.95777325779,497865895501.526,63.68593875824708,5130232.4,135.42964553833,56.443794363622416,68890.0,1808.6666666666667,0.027551910285519943,0.5380961964456388,38.176753638536525,Élevé,Semi-urbain,Mixte-Fossile,Petite,2019-2023,Maximale (5 ans),OUI,12.745345016429354,Élevée,1.4497372580757948
Gazipura,o3,0.0093295165394402,0.002,0.0136615903624335,0.0,0.066,786,2023,2023,1,0,2674697.0,23.9234,90.3959,BGD,BD,Bangladesh,South Asia,Lower middle income,65.6304136319171,11.0036900209598,1262.45721547606,5.77511237007889,2.73858385406151,1319.17979689183,,,,,,74.672,14.4899215263887,,34.5942721606063,6628497.0,,2551.01773827307,437415333018.291,32.1578465036834,171466990.0,65.9856598598849,51.1119129405073,129980.0,,,,45.5979621815661,Faible,Rural,,Moyenne,2019-2023,Maximale (5 ans),OUI,0.4304490690032859,Faible,0.7067735157554619
Gazipura,pm25,92.83483750310586,66.0,80.72822735605601,0.0,985.0,38162,2019,2023,5,1,2674697.0,23.9234,90.3959,BGD,BD,Bangladesh,South Asia,Lower middle income,61.68436288026626,11.56583189587888,1173.872559103406,6.228710594531318,1.9958104853267042,1290.397836304924,35.87,4.070856198939207,550.4601519630801,283.7555428187368,26.099999999999998,72.8172,14.47100222072948,30.9,33.51891226498514,4978138.851,8.09751580134397,2425.800520467868,407805953395.6546,31.434105856995423,167944364.0,66.28076931271553,51.1624201264287,130150.0,2877.0,0.11907571185440245,0.13334896327303564,45.08474416086402,Faible,Rural,Mixte-Fossile,Moyenne,2019-2023,Maximale (5 ans),OUI,20.89923329682366,Élevée,0.8694961349181689
Gothenburg,no2,17.09494270126969,12.10505,14.527878578294278,0.0,132.8,46719,2020,2023,4,1,674529.0,57.7075,11.9675,SWE,SE,Sweden,Europe & Central Asia,High income,98.77926838556607,1.219176064017645,24433.515326406676,1.085860540530465,0.880683327769,25.6537791652419,2.483,0.4000048866017225,12548.3526806743,4364.060330739223,57.849999999999994,82.94512195121953,68.70008778575497,29.9,22.6855771775914,17239372.357625,5.659802750454695,55750.82213265597,582505288159.8612,88.28791092420508,10448206.5,137.1912841796875,64.92416651411494,407277.5,9712.5,0.0783924994805644,0.0071016278863713506,23.904753241609047,Élevé,Très urbain,Mixte-Renouvelable,Petite,2019-2023,Maximale (5 ans),OUI,25.585432639649508,Élevée,0.8493380440973871
Gothenburg,o3,52.77328761255829,56.0,24.42395710521529,0.0,175.6,25775,2020,2023,4,1,674529.0,57.7075,11.9675,SWE,SE,Sweden,Europe & Central Asia,High income,98.77926838556607,1.219176064017645,24433.515326406676,1.085860540530465,0.880683327769,25.6537791652419,2.483,0.4000048866017225,12548.3526806743,4364.060330739223,57.849999999999994,82.94512195121953,68.70008778575497,29.9,22.6855771775914,17239372.357625,5.659802750454695,55750.82213265597,582505288159.8612,88.28791092420508,10448206.5,137.1912841796875,64.92416651411494,407277.5,9712.5,0.0783924994805644,0.0071016278863713506,23.904753241609047,Élevé,Très urbain,Mixte-Renouvelable,Petite,2019-2023,Maximale (5 ans),OUI,14.115553121577218,Élevée,0.4627214069061568
Gothenburg,pm10,18.712917373096943,13.462975,21.233246058967985,0.0,546.925,44664,2020,2023,4,1,674529.0,57.7075,11.9675,SWE,SE,Sweden,Europe & Central Asia,High income,98.77926838556607,1.219176064017645,24433.515326406676,1.085860540530465,0.880683327769,25.6537791652419,2.483,0.4000048866017225,12548.3526806743,4364.060330739223,57.849999999999994,82.94512195121953,68.70008778575497,29.9,22.6855771775914,17239372.357625,5.659802750454695,55750.82213265597,582505288159.8612,88.28791092420508,10448206.5,137.1912841796875,64.92416651411494,407277.5,9712.5,0.0783924994805644,0.0071016278863713506,23.904753241609047,Élevé,Très urbain,Mixte-Renouvelable,Petite,2019-2023,Maximale (5 ans),OUI,24.46002190580504,Élevée,1.1340778595475802
Gothenburg,pm25,6.350244986476428,5.3704625,5.872985070729763,0.0,412.51,19543,2020,2023,4,1,674529.0,57.7075,11.9675,SWE,SE,Sweden,Europe & Central Asia,High income,98.77926838556607,1.219176064017645,24433.515326406676,1.085860540530465,0.880683327769,25.6537791652419,2.483,0.4000048866017225,12548.3526806743,4364.060330739223,57.849999999999994,82.94512195121953,68.70008778575497,29.9,22.6855771775914,17239372.357625,5.659802750454695,55750.82213265597,582505288159.8612,88.28791092420508,10448206.5,137.1912841796875,64.92416651411494,407277.5,9712.5,0.0783924994805644,0.0071016278863713506,23.904753241609047,Élevé,Très urbain,Mixte-Renouvelable,Petite,2019-2023,Maximale (5 ans),OUI,10.7026286966046,Élevée,0.9233897567180653
Guadalajara,co,0.8774994304117449,0.603855,0.7377255610305014,0.0,7.83,19729,2020,2023,4,1,5525000.0,20.6767,-103.3475,MEX,MX,Mexico,Latin America & Caribbean ,Upper middle income,92.35194260448922,3.8073574068944125,6895.45149247236,1.1894368446523647,1.132319025129213,65.9482082872502,89.76533333333333,6.645625178406077,2407.2521364971326,1467.4144810231924,12.65,72.31025,33.69451170297593,44.05,32.184818063201426,59327643.5,11.658654700054626,11105.518812729671,1425721634943.5774,79.07088453380632,128200019.5,100.32872772216808,58.302427383295196,1943950.0,,0.1345634392208953,0.38939283629159893,35.99217547009584,Moyen-Faible,Urbain,Mixte-Fossile,Grande,2019-2023,Maximale (5 ans),OUI,10.804490690032859,Élevée,0.8312406022483217
Guadalajara,no2,0.016655696547651998,0.013,0.014969868248914851,0.0,0.504,6197,2020,2021,2,1,5525000.0,20.6767,-103.3475,MEX,MX,Mexico,Latin America & Caribbean ,Upper middle income,91.88392586322625,3.74690708497233,6576.20646381194,-1.1527755597772256,1.110402824315441,65.44592247743,89.74600000000001,5.313638992654655,2324.2601025937747,1392.066408188325,12.65,70.0995,33.76012757529775,44.6,31.48475468806305,44175492.0,11.83800432226165,9577.66071130509,1218817116997.185,78.80518067231485,127223601.0,100.4508972167969,58.7576746851053,1943950.0,,0.14598700374212809,0.38939283629159893,35.231661773035384,Moyen-Faible,Urbain,Mixte-Fossile,Grande,2019-2023,Maximale (5 ans),OUI,3.3937568455640745,Moyenne,0.5616010904893607
Guadalajara,pm10,64.49723752659074,47.883,48.761837850148815,0.0,841.96,7224,2020,2023,4,1,5525000.0,20.6767,-103.3475,MEX,MX,Mexico,Latin America & Caribbean ,Upper middle income,92.35194260448922,3.8073574068944125,6895.45149247236,1.1894368446523647,1.132319025129213,65.9482082872502,89.76533333333333,6.645625178406077,2407.2521364971326,1467.4144810231924,12.65,72.31025,33.69451170297593,44.05,32.184818063201426,59327643.5,11.658654700054626,11105.518812729671,1425721634943.5774,79.07088453380632,128200019.5,100.32872772216808,58.302427383295196,1943950.0,,0.1345634392208953,0.38939283629159893,35.99217547009584,Moyen-Faible,Urbain,Mixte-Fossile,Grande,2019-2023,Maximale (5 ans),OUI,3.9561883899233297,Moyenne,0.7559126653043937
Guadalajara,pm25,52.79418699186992,40.3,42.19029541970846,1.4,325.6,2460,2023,2023,1,0,5525000.0,20.6767,-103.3475,MEX,MX,Mexico,Latin America & Caribbean ,Upper middle income,92.9784568798496,3.83754974792513,7333.67544795108,3.35354140652768,1.21730400929993,66.7402757272564,,8.63588980675848,2608.52187955737,1559.78994657193,,75.069,33.5959176419147,,32.6059323521063,78763320.0,11.0884699399165,13860.9597809326,1798317581486.88,79.4734935748046,129739759.0,102.055458068848,57.5637379012085,1943950.0,,0.1125230466126046,,36.44348210003143,Moyen-Faible,Urbain,,Grande,2019-2023,Maximale (5 ans),OUI,1.3472070098576123,Moyenne,0.798995265777018
Guangzhou,o3,92.87984210113632,118.5,42.03299383361481,0.0,331.0,23230,2019,2023,4,1,26940000.0,23.13,113.26,CHN,CN,China,East Asia & Pacific,Upper middle income,93.94163951387355,7.131317417519135,4476.356548574613,5.598404803495289,1.5402311215972404,150.23936937925325,576.21,63.19136411691987,5678.962587821785,2584.6698394427176,14.799999999999999,78.00725,23.581489176317948,37.0,37.38519273733297,534100504.25,3.9542349563030026,11702.24467884845,16507159160523.926,64.12113998916072,1410478750.0,,55.483493178226624,9388210.0,106154.66666666667,0.2218826839315555,4.042049421591652,44.51651015485211,Moyen-Faible,Semi-urbain,Mixte-Fossile,Mégapole,2019-2023,Maximale (5 ans),OUI,12.721796276013144,Élevée,0.45250366329453173
Guangzhou,pm25,28.137119675111858,22.0,55.935177498150175,0.0,985.0,70022,2019,2023,5,1,26940000.0,23.13,113.26,CHN,CN,China,East Asia & Pacific,Upper middle income,94.3317845793631,7.13463131967565,4510.67793709943,5.105561617187772,1.3824252315817405,150.27550512824058,574.2775,62.89682347009572,5765.597177379421,2603.032273506396,14.799999999999999,78.0462,23.63153125036614,36.75,37.4870595222677,477431226.0,3.8477812538820984,11955.9168713653,16869080332757.182,64.34043921300825,1410818000.0,,55.378310628016536,9388210.0,106154.66666666667,0.21877292758470115,4.042049421591652,44.62169084194335,Moyen-Faible,Semi-urbain,Mixte-Fossile,Mégapole,2019-2023,Maximale (5 ans),OUI,38.34720700985761,Élevée,1.9872433891560481
Guangzhou,so2,7.026455580021359,6.0,2.3613792558528437,1.0,30.0,18845,2019,2021,3,1,26940000.0,23.13,113.26,CHN,CN,China,East Asia & Pacific,Upper middle income,92.84179660718246,7.211916753091953,4267.81215990151,5.6595919709948035,1.92889507556913,150.23115872638832,576.21,63.808216784757434,5397.377029785071,2495.9126095685865,14.799999999999999,78.02533333333334,23.431339236482064,37.0,37.58942264232527,505728710.3333333,4.129317278196083,11285.933491896501,15919426662520.834,63.651471717696865,1410401666.6666667,,55.198665048687765,9388210.0,106154.66666666667,0.22247261151223333,4.042049421591652,44.801339395417216,Moyen-Faible,Semi-urbain,Mixte-Fossile,Mégapole,2019-2023,Maximale (5 ans),OUI,10.320372398685652,Élevée,0.33559214991103176
Guatemala City,o3,0.0182874738959251,0.015,0.0117550780075382,0.0,0.072,8835,2021,2023,3,0,3014000.0,14.6417,-90.5133,GTM,GT,Guatemala,Latin America & Caribbean ,Upper middle income,70.0337468936035,9.314099460533953,3813.10413589703,5.253126490679843,2.0837670579384766,166.63980651984568,3.3241,15.585928768985104,726.9889145297775,906.0246870629969,62.1,70.55533333333334,32.7043673012318,45.2,22.39304979989647,111622.0905,11.981887246055951,5343.2171942007,95488574609.33052,55.2570206444854,17857121.666666668,47.14211091046073,61.70188135788786,107160.0,,0.17687114051968175,0.3421557593728985,31.707149260430423,Faible,Semi-urbain,Renouvelable,Moyenne,2019-2023,Maximale (5 ans),OUI,4.838444687842278,Moyenne,0.4155577147251581
Guatemala City,pm25,16.8930799893727,13.0,13.160636626596254,0.0,166.0,22760,2019,2023,5,1,3014000.0,14.6417,-90.5133,GTM,GT,Guatemala,Latin America & Caribbean ,Upper middle income,69.51170753748708,9.45546826382811,3695.072186051042,3.5983451143619023,2.1078514867494342,164.3010321015304,3.3241,20.036663354582128,696.6045065499418,871.8445350909305,63.46666666666667,70.65520000000001,32.81261664800299,45.2,22.29017299836634,88952.90875,11.759910919148625,5003.853565627144,88271504753.95349,54.90152109028328,17606498.6,49.1556835229065,61.931316934621336,107160.0,,0.18159161805499613,0.3657815101423409,31.745641262194447,Faible,Semi-urbain,Renouvelable,Moyenne,2019-2023,Maximale (5 ans),OUI,12.464403066812705,Élevée,0.7785939979501135
Hanoi,pm25,44.18587371677931,34.0,32.16143127677053,0.0,555.0,33632,2019,2023,5,1,8587100.0,21.0,105.85,VNM,VN,Viet Nam,East Asia & Pacific,Lower middle income,90.42458992416098,12.15699871540134,1979.1166970481001,5.276185763752544,3.16485651357416,315.363869967361,81.862,46.34533688588338,2405.4810673625648,990.952341518861,21.166666666666668,74.5658,46.96116185802844,36.45,37.40046008665644,40708466.0,6.439599788277882,3830.036287909066,378951734770.4682,36.50527775539602,98844182.4,93.50703124035495,41.79743874068148,313429.0,2933.0,0.26838538367142173,2.213073282751187,49.55745880205778,Faible,Rural,Mixte-Fossile,Grande,2019-2023,Maximale (5 ans),OUI,18.4184008762322,Élevée,0.7277021262860607
Helsinki,no2,15.447779636718305,10.951795,13.410186462484166,0.0,142.6702,36880,2019,2023,5,1,1360075.0,60.1708,24.9375,FIN,FI,Finland,Europe & Central Asia,High income,99.44796487802435,2.233703131347464,24276.7008996302,0.27179945403980765,0.7012497826354919,18.248151698289423,3.0,7.909856418024714,14994.60768687724,5862.28077464804,47.63333333333333,81.73463414634145,73.72713525663815,27.560000000000002,24.25142104057278,8150334.6,4.178958394244442,50712.17050078182,281302685000.7692,73.38042032738186,5546436.6,143.76232910156259,60.28321158757458,303945.07999999996,5919.666666666667,0.11575472168112175,0.18538619033486003,26.485124171920244,Élevé,Urbain,Mixte-Renouvelable,Moyenne,2019-2023,Maximale (5 ans),OUI,20.197152245345016,Élevée,0.8675363977003333
Helsinki,o3,48.72062807775579,50.24808,22.334873301614405,0.0,178.0328,37046,2019,2023,5,1,1360075.0,60.1708,24.9375,FIN,FI,Finland,Europe & Central Asia,High income,99.44796487802435,2.233703131347464,24276.7008996302,0.27179945403980765,0.7012497826354919,18.248151698289423,3.0,7.909856418024714,14994.60768687724,5862.28077464804,47.63333333333333,81.73463414634145,73.72713525663815,27.560000000000002,24.25142104057278,8150334.6,4.178958394244442,50712.17050078182,281302685000.7692,73.38042032738186,5546436.6,143.76232910156259,60.28321158757458,303945.07999999996,5919.666666666667,0.11575472168112175,0.18538619033486003,26.485124171920244,Élevé,Urbain,Mixte-Renouvelable,Moyenne,2019-2023,Maximale (5 ans),OUI,20.288061336254106,Élevée,0.45833337641321453
Helsinki,pm10,13.772579774946541,9.0050845,18.47935042074763,0.0,465.0648,48350,2019,2023,5,1,1360075.0,60.1708,24.9375,FIN,FI,Finland,Europe & Central Asia,High income,99.44796487802435,2.233703131347464,24276.7008996302,0.27179945403980765,0.7012497826354919,18.248151698289423,3.0,7.909856418024714,14994.60768687724,5862.28077464804,47.63333333333333,81.73463414634145,73.72713525663815,27.560000000000002,24.25142104057278,8150334.6,4.178958394244442,50712.17050078182,281302685000.7692,73.38042032738186,5546436.6,143.76232910156259,60.28321158757458,303945.07999999996,5919.666666666667,0.11575472168112175,0.18538619033486003,26.485124171920244,Élevé,Urbain,Mixte-Renouvelable,Moyenne,2019-2023,Maximale (5 ans),OUI,26.478641840087622,Élevée,1.3407758723326022
Helsinki,pm25,5.357047115524967,4.206391,4.158274066376171,0.0,100.2878,52371,2020,2023,4,1,1360075.0,60.1708,24.9375,FIN,FI,Finland,Europe & Central Asia,High income,99.44796279483657,2.2446859539046025,24229.606556758674,0.002314703195417017,0.710893063311091,18.26834939649385,3.0,6.9863736907756175,14866.217313293326,5821.68755185214,48.75,81.67256097560974,73.72622075210587,27.525,24.277624978803175,6535281.5,4.10862151793301,51300.66793163475,284874650968.60876,73.53974505026947,5552644.25,143.5496101379395,60.35168761605577,303948.85,5918.0,0.11354805612476553,0.1530384737887006,26.522310932707775,Élevé,Urbain,Mixte-Renouvelable,Moyenne,2019-2023,Maximale (5 ans),OUI,28.680722891566266,Élevée,0.7747787520530156
Ho Chi Minh City,pm25,130.54973918215106,21.0,217.36850451316042,0.0,985.0,34222,2019,2023,5,1,15136000.0,10.7756,106.7019,VNM,VN,Viet Nam,East Asia & Pacific,Lower middle income,90.42458992416098,12.15699871540134,1979.1166970481001,5.276185763752544,3.16485651357416,315.363869967361,81.862,46.34533688588338,2405.4810673625648,990.952341518861,21.166666666666668,74.5658,46.96116185802844,36.45,37.40046008665644,40708466.0,6.439599788277882,3830.036287909066,378951734770.4682,36.50527775539602,98844182.4,93.50703124035495,41.79743874068148,313429.0,2933.0,0.26838538367142173,2.213073282751187,49.55745880205778,Faible,Rural,Mixte-Fossile,Mégapole,2019-2023,Maximale (5 ans),OUI,18.741511500547645,Élevée,1.6648968960476989
Hong Kong,no2,70.62042282578236,68.55,34.35574030659807,0.1,366.1,56982,2019,2023,5,1,7450000.0,22.3,114.2,HKG,HK,"Hong Kong SAR, China",East Asia & Pacific,High income,95.19927375677,0.0675336280056834,29407.514355208503,-0.44454604262600006,0.22283684058041286,7101.75238095238,,42.0716907576351,6338.699665919815,1692.5200127902576,0.3,85.01863414634145,,,6.190978670636124,16447505.6,4.612243795725393,48725.4005857972,363338884913.9836,100.0,7456840.0,102.9662231863635,90.30946813722186,1050.0,230.1,0.0350933121547357,34.76816015270145,6.258512298641807,Élevé,Très urbain,Fossile,Grande,2019-2023,Maximale (5 ans),OUI,31.20591456736035,Élevée,0.48641561146165374
Hong Kong,o3,42.58664204950823,36.1,33.191316209726715,0.0,390.6,86257,2019,2023,5,1,7450000.0,22.3,114.2,HKG,HK,"Hong Kong SAR, China",East Asia & Pacific,High income,95.19927375677,0.0675336280056834,29407.514355208503,-0.44454604262600006,0.22283684058041286,7101.75238095238,,42.0716907576351,6338.699665919815,1692.5200127902576,0.3,85.01863414634145,,,6.190978670636124,16447505.6,4.612243795725393,48725.4005857972,363338884913.9836,100.0,7456840.0,102.9662231863635,90.30946813722186,1050.0,230.1,0.0350933121547357,34.76816015270145,6.258512298641807,Élevé,Très urbain,Fossile,Grande,2019-2023,Maximale (5 ans),OUI,47.23822562979189,Élevée,0.7792002987265966
Hong Kong,pm10,24.74103351672425,21.7,16.588518688732208,0.2,200.5,28828,2019,2023,5,1,7450000.0,22.3,114.2,HKG,HK,"Hong Kong SAR, China",East Asia & Pacific,High income,95.19927375677,0.0675336280056834,29407.514355208503,-0.44454604262600006,0.22283684058041286,7101.75238095238,,42.0716907576351,6338.699665919815,1692.5200127902576,0.3,85.01863414634145,,,6.190978670636124,16447505.6,4.612243795725393,48725.4005857972,363338884913.9836,100.0,7456840.0,102.9662231863635,90.30946813722186,1050.0,230.1,0.0350933121547357,34.76816015270145,6.258512298641807,Élevé,Très urbain,Fossile,Grande,2019-2023,Maximale (5 ans),OUI,15.787513691128149,Élevée,0.6702151923281652
Hong Kong,pm25,19.93132383603558,17.4,12.561642936838524,0.1,166.8,56480,2019,2023,5,1,7450000.0,22.3,114.2,HKG,HK,"Hong Kong SAR, China",East Asia & Pacific,High income,95.19927375677,0.0675336280056834,29407.514355208503,-0.44454604262600006,0.22283684058041286,7101.75238095238,,42.0716907576351,6338.699665919815,1692.5200127902576,0.3,85.01863414634145,,,6.190978670636124,16447505.6,4.612243795725393,48725.4005857972,363338884913.9836,100.0,7456840.0,102.9662231863635,90.30946813722186,1050.0,230.1,0.0350933121547357,34.76816015270145,6.258512298641807,Élevé,Très urbain,Fossile,Grande,2019-2023,Maximale (5 ans),OUI,30.930996714129243,Élevée,0.6299302413483011
Hong Kong,so2,3.9491858637492925,3.1,2.3935010394501646,0.0,31.1,28466,2019,2023,5,1,7450000.0,22.3,114.2,HKG,HK,"Hong Kong SAR, China",East Asia & Pacific,High income,95.19927375677,0.0675336280056834,29407.514355208503,-0.44454604262600006,0.22283684058041286,7101.75238095238,,42.0716907576351,6338.699665919815,1692.5200127902576,0.3,85.01863414634145,,,6.190978670636124,16447505.6,4.612243795725393,48725.4005857972,363338884913.9836,100.0,7456840.0,102.9662231863635,90.30946813722186,1050.0,230.1,0.0350933121547357,34.76816015270145,6.258512298641807,Élevé,Très urbain,Fossile,Grande,2019-2023,Maximale (5 ans),OUI,15.589266155531217,Élevée,0.604543742531843
Jeddah,pm25,25.324852824211607,22.25,14.792323151618675,0.0,242.0,8965,2020,2023,4,1,4697000.0,21.5428,39.1728,SAU,SA,Saudi Arabia,"Middle East, North Africa, Afghanistan & Pakistan",High income,97.5947761856238,2.519045563779245,11546.464584562826,3.8144969694942827,3.0519731060720723,14.910853192785925,23.38,0.0,11753.996351702,7388.787903862907,0.1,77.68175,0.454484134921779,,46.246721786684475,31839483.53475,9.070377313186327,32731.668013618924,1052067999999.9993,84.05231302944719,32053712.0,110.28334756344468,46.33774251108343,2149690.0,,0.24133758897675847,0.0,48.76576735046372,Moyen-Élevé,Urbain,Fossile,Moyenne,2019-2023,Maximale (5 ans),OUI,4.909638554216867,Moyenne,0.5838724722127528
Johannesburg,co,0.9637631095160984,0.836,0.7740666289279782,0.0,16.021,8287,2021,2023,3,0,7860781.0,-26.2044,28.0456,ZAF,ZA,South Africa,Sub-Saharan Africa ,Upper middle income,76.16649977830726,2.532939323209457,3839.109992786153,2.5742966061604835,1.5036791968964167,51.40959505615137,21.0,82.49168320340974,3390.07491031357,2000.4795271596633,9.7,64.53433333333332,13.995078683362332,,24.815532015833536,12303379.295,10.1428590858785,6465.75900446029,403007683978.1616,63.50314434192603,62364465.666666664,105.037283727216,62.579019484615095,1213090.0,20953.0,0.30962417827223865,7.772984857112132,27.348471339042987,Moyen-Faible,Semi-urbain,Fossile,Grande,2019-2023,Maximale (5 ans),OUI,4.538335158817087,Moyenne,0.7949229349144707
Johannesburg,no2,0.016536860137153036,0.014665,0.0112079724673664,0.0,0.175119,12117,2021,2023,3,0,7860781.0,-26.2044,28.0456,ZAF,ZA,South Africa,Sub-Saharan Africa ,Upper middle income,76.16649977830726,2.532939323209457,3839.109992786153,2.5742966061604835,1.5036791968964167,51.40959505615137,21.0,82.49168320340974,3390.07491031357,2000.4795271596633,9.7,64.53433333333332,13.995078683362332,,24.815532015833536,12303379.295,10.1428590858785,6465.75900446029,403007683978.1616,63.50314434192603,62364465.666666664,105.037283727216,62.579019484615095,1213090.0,20953.0,0.30962417827223865,7.772984857112132,27.348471339042987,Moyen-Faible,Semi-urbain,Fossile,Grande,2019-2023,Maximale (5 ans),OUI,6.635815991237678,Moyenne,0.42235488333733334
Johannesburg,o3,0.022823784867190434,0.017973,0.0186775104280185,0.0,0.105169,11515,2021,2023,3,0,7860781.0,-26.2044,28.0456,ZAF,ZA,South Africa,Sub-Saharan Africa ,Upper middle income,76.16649977830726,2.532939323209457,3839.109992786153,2.5742966061604835,1.5036791968964167,51.40959505615137,21.0,82.49168320340974,3390.07491031357,2000.4795271596633,9.7,64.53433333333332,13.995078683362332,,24.815532015833536,12303379.295,10.1428590858785,6465.75900446029,403007683978.1616,63.50314434192603,62364465.666666664,105.037283727216,62.579019484615095,1213090.0,20953.0,0.30962417827223865,7.772984857112132,27.348471339042987,Moyen-Faible,Semi-urbain,Fossile,Grande,2019-2023,Maximale (5 ans),OUI,6.306133625410734,Moyenne,0.5690236669412223
Johannesburg,pm10,49.73520707500165,42.492,27.339721212987758,2.035,409.151,10666,2021,2023,3,0,7860781.0,-26.2044,28.0456,ZAF,ZA,South Africa,Sub-Saharan Africa ,Upper middle income,76.16649977830726,2.532939323209457,3839.109992786153,2.5742966061604835,1.5036791968964167,51.40959505615137,21.0,82.49168320340974,3390.07491031357,2000.4795271596633,9.7,64.53433333333332,13.995078683362332,,24.815532015833536,12303379.295,10.1428590858785,6465.75900446029,403007683978.1616,63.50314434192603,62364465.666666664,105.037283727216,62.579019484615095,1213090.0,20953.0,0.30962417827223865,7.772984857112132,27.348471339042987,Moyen-Faible,Semi-urbain,Fossile,Grande,2019-2023,Maximale (5 ans),OUI,5.84118291347207,Moyenne,0.5495950830351801
Johannesburg,pm25,29.939215250087347,24.1525,23.16174629987474,0.0,298.898,29362,2021,2023,3,0,7860781.0,-26.2044,28.0456,ZAF,ZA,South Africa,Sub-Saharan Africa ,Upper middle income,76.16649977830726,2.532939323209457,3839.109992786153,2.5742966061604835,1.5036791968964167,51.40959505615137,21.0,82.49168320340974,3390.07491031357,2000.4795271596633,9.7,64.53433333333332,13.995078683362332,,24.815532015833536,12303379.295,10.1428590858785,6465.75900446029,403007683978.1616,63.50314434192603,62364465.666666664,105.037283727216,62.579019484615095,1213090.0,20953.0,0.30962417827223865,7.772984857112132,27.348471339042987,Moyen-Faible,Semi-urbain,Fossile,Grande,2019-2023,Maximale (5 ans),OUI,16.07995618838992,Élevée,0.7733673856381658
Johannesburg,so2,0.0066954656046594,0.004806,0.007439094040087667,2e-06,0.186656,20280,2021,2023,3,0,7860781.0,-26.2044,28.0456,ZAF,ZA,South Africa,Sub-Saharan Africa ,Upper middle income,76.16649977830726,2.532939323209457,3839.109992786153,2.5742966061604835,1.5036791968964167,51.40959505615137,21.0,82.49168320340974,3390.07491031357,2000.4795271596633,9.7,64.53433333333332,13.995078683362332,,24.815532015833536,12303379.295,10.1428590858785,6465.75900446029,403007683978.1616,63.50314434192603,62364465.666666664,105.037283727216,62.579019484615095,1213090.0,20953.0,0.30962417827223865,7.772984857112132,27.348471339042987,Moyen-Faible,Semi-urbain,Fossile,Grande,2019-2023,Maximale (5 ans),OUI,11.106243154435926,Élevée,0.44557571596035944
Kabul,pm25,81.56814102437532,36.0,91.71005443421315,0.0,768.0,22564,2019,2021,3,1,4273156.0,34.5253,69.1783,AFG,AF,Afghanistan,"Middle East, North Africa, Afghanistan & Pakistan",Low income,48.90690394792737,29.782390711000563,,-6.392778874471147,3.2930965103401797,59.7567892716782,20.282,0.0,,,19.03333333333333,61.604000000000006,1.85278199408184,,13.7614563301701,603000.4583974933,,454.6285939137344,17671789661.112766,25.2512660852807,38975170.666666664,,51.73511273928697,652230.0,,,0.0,43.543847041170665,Faible,Rural,Mixte-Fossile,Moyenne,2019-2023,Maximale (5 ans),OUI,12.357064622124863,Élevée,1.1241988758583066
Kampala,pm25,52.90161352393309,46.0,30.666764357250777,2.0,985.0,31411,2019,2023,5,1,1680600.0,0.3136,32.5811,UGA,UG,Uganda,Sub-Saharan Africa ,Low income,22.78787283850012,23.7635286193934,690.8820418755757,4.570325334517355,5.56269734430007,228.74230899660878,0.637,0.0,83.43750721470605,474.2482853994855,91.0,67.0282,11.45344135248352,42.7,26.555952608798442,19612.3998,18.9893311249557,903.2211569515166,41563501413.60072,29.22887641930174,45867407.8,,42.36943448978116,200520.0,,0.5406002266272858,0.0,50.31948122819184,Faible,Rural,Renouvelable,Moyenne,2019-2023,Maximale (5 ans),OUI,17.202081051478643,Élevée,0.5795847511507002
Kaohsiung,co,0.4647915131434466,0.42,0.19914272356224405,0.04,2.73,33916,2019,2021,3,1,2737660.0,22.615,120.2975,TWN,TW,,,,,,,,,,,,,,,,,,,,,,,,,,,,,,,,,,,Moyenne,2019-2023,Maximale (5 ans),OUI,18.57393209200438,Élevée,0.4194319360170997
Kaohsiung,pm10,49.220330777902895,43.0,24.392610038003863,0.0,489.0,33856,2019,2021,3,1,2737660.0,22.615,120.2975,TWN,TW,,,,,,,,,,,,,,,,,,,,,,,,,,,,,,,,,,,Moyenne,2019-2023,Maximale (5 ans),OUI,18.54107338444688,Élevée,0.4954793041722263
Kaohsiung,pm25,25.608221547826556,22.0,14.172253488651988,1.0,445.0,48601,2019,2021,3,1,2737660.0,22.615,120.2975,TWN,TW,,,,,,,,,,,,,,,,,,,,,,,,,,,,,,,,,,,Moyenne,2019-2023,Maximale (5 ans),OUI,26.616100766703177,Élevée,0.5532098886019025
Kaohsiung,so2,0.002748736356261,0.0025,0.0014686892592008667,0.0,0.048,33734,2019,2021,3,1,2737660.0,22.615,120.2975,TWN,TW,,,,,,,,,,,,,,,,,,,,,,,,,,,,,,,,,,,Moyenne,2019-2023,Maximale (5 ans),OUI,18.474260679079958,Élevée,0.1152027321107462
Karachi,pm10,74.84119807121661,70.055,46.220258327521215,4.23,245.53,2696,2023,2023,1,0,20249000.0,24.86,67.01,PAK,PK,Pakistan,"Middle East, North Africa, Afghanistan & Pakistan",Lower middle income,71.8243245387853,23.426703596366,1488.72539482437,-0.414935997088406,2.70213707923703,321.067474833956,,,,,,67.649,4.67242631797426,,20.718694602313,7153419.0,,1360.32417758419,336686348609.266,38.8191861872791,247504495.0,42.2911451386891,50.9693352713894,770880.0,,,,44.14539819867901,Faible,Rural,,Mégapole,2019-2023,Maximale (5 ans),OUI,1.4764512595837898,Moyenne,0.6174952374649407
Karachi,pm25,46.42402732088571,31.0,43.573064005060125,0.0,985.0,31911,2019,2023,5,1,20249000.0,24.86,67.01,PAK,PK,Pakistan,"Middle East, North Africa, Afghanistan & Pakistan",Lower middle income,69.48591097078888,22.18961604984574,1414.051879319132,2.4201212233041947,2.832537924241224,310.4207160647572,182.54000000000002,17.7359144221601,543.6809093562825,455.37976578038376,43.4,66.6538,4.7796803652968,,19.63621129673052,6028278.6197999995,15.3281792602363,1404.556095297912,336285674861.9516,37.94875043663296,239297121.6,40.42948897567997,52.50537986626525,770880.0,7791.0,0.3225736350544804,0.4129339069249362,41.82582734657626,Faible,Rural,Mixte-Renouvelable,Mégapole,2019-2023,Maximale (5 ans),OUI,17.47590361445783,Élevée,0.938386491956541
Kathmandu,o3,0.02243641108254862,0.021,0.01752624016529664,0.0,0.174,47654,2019,2023,5,1,845767.0,27.71,85.32,NPL,NP,Nepal,South Asia,Lower middle income,75.86182871017242,21.5995996647256,930.5734633703121,3.347889481828298,1.3398742639859698,204.0679427973492,9.4971,0.0009502324559966667,278.947250476735,512.9169295438589,75.0,69.4462,41.5907220090687,30.0,12.200594123688699,2985368.8,19.117589514330927,1275.6700221217202,37355078665.25058,66.21586140985758,29253139.6,84.70095200681389,53.059003737786135,143350.0,,0.4120399166207676,1.2383621122176722e-05,33.8001937884143,Faible,Semi-urbain,Renouvelable,Petite,2019-2023,Maximale (5 ans),OUI,26.09748083242059,Élevée,0.5403261205653568
Kathmandu,pm25,45.36783173131806,35.0,46.353563311103485,0.0,985.0,66726,2019,2023,5,1,845767.0,27.71,85.32,NPL,NP,Nepal,South Asia,Lower middle income,75.86182871017242,21.5995996647256,930.5734633703121,3.347889481828298,1.3398742639859698,204.0679427973492,9.4971,0.0009502324559966667,278.947250476735,512.9169295438589,75.0,69.4462,41.5907220090687,30.0,12.200594123688699,2985368.8,19.117589514330927,1275.6700221217202,37355078665.25058,66.21586140985758,29253139.6,84.70095200681389,53.059003737786135,143350.0,,0.4120399166207676,1.2383621122176722e-05,33.8001937884143,Faible,Semi-urbain,Renouvelable,Petite,2019-2023,Maximale (5 ans),OUI,36.54216867469879,Élevée,1.0215023843704725
Khartoum,pm25,40.488399337809746,27.5,51.04081698135529,0.0,985.0,44077,2020,2023,4,1,7869000.0,15.6031,32.5265,SDN,SD,Sudan,Sub-Saharan Africa ,Low income,58.397840283537,15.496230887854864,842.4060821533203,-8.972352432615576,2.58602098530407,26.001377408993577,26.935,0.0,294.47030001860435,420.038539330287,61.8,65.4025,9.69018602783726,,15.976187577630112,1068260.55,22.0011595456191,783.3603820800774,38207318177.22125,34.67964815617725,48570573.0,,23.441202692937004,1868000.0,2747.0,0.573406976814637,0.0,31.472418465484978,Faible,Rural,Renouvelable,Grande,2019-2023,Maximale (5 ans),OUI,24.13855421686747,Élevée,1.260316896863206
Kigali,co,0.009474873161977867,0.01348,0.0009089213725669334,0.0,0.02793,10361,2020,2023,3,1,1156663.0,-1.9536,30.0606,RWA,RW,Rwanda,Sub-Saharan Africa ,Low income,77.8488679491009,25.779581219970865,670.0995434760404,5.244882524979119,7.73888163329088,545.5420618835293,0.61,3.647611726310625,57.7630969838728,361.82051847574,80.55000000000001,67.196,11.241724091339,39.4,19.931273886405734,971352.9783333334,19.6426550208455,878.426937484791,11861632216.726633,26.487805484709202,13458522.666666666,44.65361731532375,46.6467275432146,24670.0,,0.4497014286830354,0.04485082948124815,45.710855106376606,Faible,Rural,Renouvelable,Moyenne,2019-2023,Maximale (5 ans),OUI,5.674151150054764,Moyenne,0.04667149125990115
Kigali,no2,0.0067909915896473255,0.0056,0.004600014179668726,0.0,0.0569,6200,2020,2023,4,1,1156663.0,-1.9536,30.0606,RWA,RW,Rwanda,Sub-Saharan Africa ,Low income,78.1015180591209,25.55642987685215,677.937791295961,5.97396369591662,7.907203488693707,547.4928860964735,0.61,6.488659104249483,61.21764046716657,365.54414646027436,80.33333333333333,67.279,11.2484799351439,39.4,20.265838221749426,1085940.50875,18.968551727490702,902.6875340474355,12225264413.142775,26.811021681975927,13506649.5,44.48731467549727,46.60218557231525,24670.0,,0.4271274996947889,0.0800478700873224,45.822268098601576,Faible,Rural,Renouvelable,Moyenne,2019-2023,Maximale (5 ans),OUI,3.3953997809419496,Moyenne,0.2739572678069183
Kigali,pm25,53.48360672988402,56.5,19.47980544060307,0.0,156.2,20921,2020,2023,4,1,1156663.0,-1.9536,30.0606,RWA,RW,Rwanda,Sub-Saharan Africa ,Low income,78.1015180591209,25.55642987685215,677.937791295961,5.97396369591662,7.907203488693707,547.4928860964735,0.61,6.488659104249483,61.21764046716657,365.54414646027436,80.33333333333333,67.279,11.2484799351439,39.4,20.265838221749426,1085940.50875,18.968551727490702,902.6875340474355,12225264413.142775,26.811021681975927,13506649.5,44.48731467549727,46.60218557231525,24670.0,,0.4271274996947889,0.0800478700873224,45.822268098601576,Faible,Rural,Renouvelable,Moyenne,2019-2023,Maximale (5 ans),OUI,11.457283680175246,Élevée,0.36415202921288053
Kowloon,co,447.9316273936599,433.1,177.25232097420928,0.0,999.5,27610,2019,2023,5,1,2108419.0,22.3167,114.1833,HKG,HK,"Hong Kong SAR, China",East Asia & Pacific,High income,95.19927375677,0.0675336280056834,29407.514355208503,-0.44454604262600006,0.22283684058041286,7101.75238095238,,42.0716907576351,6338.699665919815,1692.5200127902576,0.3,85.01863414634145,,,6.190978670636124,16447505.6,4.612243795725393,48725.4005857972,363338884913.9836,100.0,7456840.0,102.9662231863635,90.30946813722186,1050.0,230.1,0.0350933121547357,34.76816015270145,6.258512298641807,Élevé,Très urbain,Fossile,Moyenne,2019-2023,Maximale (5 ans),OUI,15.120481927710843,Élevée,0.395704060829418
Kowloon,no2,70.91999823065196,63.6,34.386119023455535,0.1,317.2,28472,2019,2023,5,1,2108419.0,22.3167,114.1833,HKG,HK,"Hong Kong SAR, China",East Asia & Pacific,High income,95.19927375677,0.0675336280056834,29407.514355208503,-0.44454604262600006,0.22283684058041286,7101.75238095238,,42.0716907576351,6338.699665919815,1692.5200127902576,0.3,85.01863414634145,,,6.190978670636124,16447505.6,4.612243795725393,48725.4005857972,363338884913.9836,100.0,7456840.0,102.9662231863635,90.30946813722186,1050.0,230.1,0.0350933121547357,34.76816015270145,6.258512298641807,Élevé,Très urbain,Fossile,Moyenne,2019-2023,Maximale (5 ans),OUI,15.592552026286967,Élevée,0.48478950911062885
Kowloon,o3,48.69974893900752,44.9,35.46498391227143,0.0,390.6,57431,2019,2023,5,1,2108419.0,22.3167,114.1833,HKG,HK,"Hong Kong SAR, China",East Asia & Pacific,High income,95.19927375677,0.0675336280056834,29407.514355208503,-0.44454604262600006,0.22283684058041286,7101.75238095238,,42.0716907576351,6338.699665919815,1692.5200127902576,0.3,85.01863414634145,,,6.190978670636124,16447505.6,4.612243795725393,48725.4005857972,363338884913.9836,100.0,7456840.0,102.9662231863635,90.30946813722186,1050.0,230.1,0.0350933121547357,34.76816015270145,6.258512298641807,Élevé,Très urbain,Fossile,Moyenne,2019-2023,Maximale (5 ans),OUI,31.451807228915662,Élevée,0.7280880046554813
Kowloon,pm10,24.947283207250404,20.0,17.08956030088039,0.0,203.3,57789,2019,2023,5,1,2108419.0,22.3167,114.1833,HKG,HK,"Hong Kong SAR, China",East Asia & Pacific,High income,95.19927375677,0.0675336280056834,29407.514355208503,-0.44454604262600006,0.22283684058041286,7101.75238095238,,42.0716907576351,6338.699665919815,1692.5200127902576,0.3,85.01863414634145,,,6.190978670636124,16447505.6,4.612243795725393,48725.4005857972,363338884913.9836,100.0,7456840.0,102.9662231863635,90.30946813722186,1050.0,230.1,0.0350933121547357,34.76816015270145,6.258512298641807,Élevé,Très urbain,Fossile,Moyenne,2019-2023,Maximale (5 ans),OUI,31.647864184008764,Élevée,0.6847524291392284
Kowloon,pm25,16.251953038305494,12.7,11.738023793859176,0.0,145.3,56142,2019,2023,5,1,2108419.0,22.3167,114.1833,HKG,HK,"Hong Kong SAR, China",East Asia & Pacific,High income,95.19927375677,0.0675336280056834,29407.514355208503,-0.44454604262600006,0.22283684058041286,7101.75238095238,,42.0716907576351,6338.699665919815,1692.5200127902576,0.3,85.01863414634145,,,6.190978670636124,16447505.6,4.612243795725393,48725.4005857972,363338884913.9836,100.0,7456840.0,102.9662231863635,90.30946813722186,1050.0,230.1,0.0350933121547357,34.76816015270145,6.258512298641807,Élevé,Très urbain,Fossile,Moyenne,2019-2023,Maximale (5 ans),OUI,30.745892661555313,Élevée,0.7218089835956312
Kowloon,so2,3.9491858637492925,3.1,2.3935010394501646,0.0,31.1,28466,2019,2023,5,1,2108419.0,22.3167,114.1833,HKG,HK,"Hong Kong SAR, China",East Asia & Pacific,High income,95.19927375677,0.0675336280056834,29407.514355208503,-0.44454604262600006,0.22283684058041286,7101.75238095238,,42.0716907576351,6338.699665919815,1692.5200127902576,0.3,85.01863414634145,,,6.190978670636124,16447505.6,4.612243795725393,48725.4005857972,363338884913.9836,100.0,7456840.0,102.9662231863635,90.30946813722186,1050.0,230.1,0.0350933121547357,34.76816015270145,6.258512298641807,Élevé,Très urbain,Fossile,Moyenne,2019-2023,Maximale (5 ans),OUI,15.589266155531217,Élevée,0.604543742531843
Krakow,pm10,29.525897993744316,23.6286,21.92692804687585,0.26324,387.393,30689,2019,2023,5,1,804237.0,50.0614,19.9372,POL,PL,Poland,Europe & Central Asia,High income,98.95723586697552,2.5511410247619084,9394.25482959235,2.9954279633930923,-0.7456072259291255,121.4948097798812,9.07574475,69.09888517942797,4445.845787414982,2765.87073120752,15.633333333333335,77.06390243902437,31.01521608232174,28.639999999999997,28.89126689678552,6485586.0,5.782121298078196,18339.48824114378,681165380597.0781,59.87271775662266,37194376.8,109.9455139160154,57.159167372104186,306140.0,18589.666666666668,0.15314483054087236,4.31084080471092,31.44240792154743,Moyen-Élevé,Semi-urbain,Mixte-Fossile,Petite,2019-2023,Maximale (5 ans),OUI,16.806681270536693,Élevée,0.7423823054751868
Krakow,pm25,22.60475559189651,15.56245,21.070883879797808,3.0,337.701,8194,2019,2019,1,0,804237.0,50.0614,19.9372,POL,PL,Poland,Europe & Central Asia,High income,98.9575340330854,2.37029744646443,8923.43262932892,4.58045817256199,-0.175592886007763,124.025595374212,8.983979,73.4511061785009,4363.43809737663,2761.07246212926,15.6,77.9048780487805,30.939858220901,28.8,28.8315242170352,10225516.0,5.45832621899163,15874.5220531254,602683770144.88,59.9626184068963,37965475.0,109.753303527832,56.8247340346225,306110.0,18538.0,0.1739201049823549,4.424765432439813,31.20182166349963,Moyen-Élevé,Semi-urbain,Mixte-Fossile,Petite,2019-2023,Maximale (5 ans),OUI,4.4874041621029575,Moyenne,0.9317316649377403
Krakow,so2,6.086452947743383,5.52382,3.9701207678514363,0.0,319.353,34687,2019,2023,5,1,804237.0,50.0614,19.9372,POL,PL,Poland,Europe & Central Asia,High income,98.95723586697552,2.5511410247619084,9394.25482959235,2.9954279633930923,-0.7456072259291255,121.4948097798812,9.07574475,69.09888517942797,4445.845787414982,2765.87073120752,15.633333333333335,77.06390243902437,31.01521608232174,28.639999999999997,28.89126689678552,6485586.0,5.782121298078196,18339.48824114378,681165380597.0781,59.87271775662266,37194376.8,109.9455139160154,57.159167372104186,306140.0,18589.666666666668,0.15314483054087236,4.31084080471092,31.44240792154743,Moyen-Élevé,Semi-urbain,Mixte-Fossile,Petite,2019-2023,Maximale (5 ans),OUI,18.99616648411829,Élevée,0.6512181430549688
Kuwait City,pm25,46.089360971542476,37.0,42.106580194165545,0.0,931.0,36325,2019,2023,5,1,2989000.0,29.3697,47.9783,KWT,KW,Kuwait,"Middle East, North Africa, Afghanistan & Pakistan",High income,100.0,0.44219629648809755,11289.32403188676,0.842018562951664,2.31229764520329,254.16959595959602,0.7701,0.0,16077.570057257275,8731.228215931367,0.10000000000000002,80.64858536585368,0.350729517396184,,58.10942507781901,5644428.2,8.927127993683243,33004.040341006556,149827798153.0998,100.0,4529302.2,,54.389598410659666,17820.0,,0.27380848846641187,0.0,58.55162137430712,Moyen-Élevé,Très urbain,Fossile,Moyenne,2019-2023,Maximale (5 ans),OUI,19.893209200438115,Élevée,0.9133875027065623
Lahore,pm10,477.9240926064227,460.845,238.94871259823,60.81,1765.78,2678,2023,2023,1,0,12306000.0,31.5497,74.3436,PAK,PK,Pakistan,"Middle East, North Africa, Afghanistan & Pakistan",Lower middle income,71.8243245387853,23.426703596366,1488.72539482437,-0.414935997088406,2.70213707923703,321.067474833956,,,,,,67.649,4.67242631797426,,20.718694602313,7153419.0,,1360.32417758419,336686348609.266,38.8191861872791,247504495.0,42.2911451386891,50.9693352713894,770880.0,,,,44.14539819867901,Faible,Rural,,Mégapole,2019-2023,Maximale (5 ans),OUI,1.4665936473165389,Moyenne,0.4999616396794768
Lahore,pm25,119.97825386276527,76.0,115.14393976343413,0.0,943.0,29590,2019,2023,5,1,12306000.0,31.5497,74.3436,PAK,PK,Pakistan,"Middle East, North Africa, Afghanistan & Pakistan",Lower middle income,69.48591097078888,22.18961604984574,1414.051879319132,2.4201212233041947,2.832537924241224,310.4207160647572,182.54000000000002,17.7359144221601,543.6809093562825,455.37976578038376,43.4,66.6538,4.7796803652968,,19.63621129673052,6028278.6197999995,15.3281792602363,1404.556095297912,336285674861.9516,37.94875043663296,239297121.6,40.42948897567997,52.50537986626525,770880.0,7791.0,0.3225736350544804,0.4129339069249362,41.82582734657626,Faible,Rural,Mixte-Renouvelable,Mégapole,2019-2023,Maximale (5 ans),OUI,16.204819277108435,Élevée,0.959626763925811
Lima,co,1409.2603534460918,1626.675,876.9567754131896,11.5,24644.5,16416,2020,2023,4,1,10320000.0,-12.06,-77.0375,PER,PE,Peru,Latin America & Caribbean ,Upper middle income,77.47426896905904,7.31329403496564,4262.586194957197,1.2087772477703833,1.552946837430635,26.03818671875,29.67866666666667,0.26219541768755134,1511.0721578532432,756.168879584256,31.1,75.0005,56.30556060546875,41.2,33.73963376614395,11812754.38075,11.644145492429468,7049.425070612962,235190688090.42773,84.15553415657342,33328879.0,104.1786766052245,50.950647460974054,1280000.0,,0.11155541203287633,0.0078429378436658,41.05292780110959,Moyen-Faible,Urbain,Mixte-Renouvelable,Mégapole,2019-2023,Maximale (5 ans),OUI,8.99014238773275,Moyenne,0.6222771757518104
Lima,pm10,87.24770833333334,75.245,39.99784743716396,39.89,264.49,144,2021,2021,1,0,10320000.0,-12.06,-77.0375,PER,PE,Peru,Latin America & Caribbean ,Upper middle income,77.2143581209312,7.12266347558469,4330.01716008562,13.3626240903125,1.46469584459603,25.9030328125,24.567,0.236706988077626,1531.64376685862,775.134628731113,30.6,71.596,56.373072890625,40.1,35.7383343144165,9053965.0,11.6874075363328,6826.20255614477,226328766459.634,83.9480118272361,33155882.0,101.589141845703,48.7058242179895,1280000.0,,0.1135361991030219,0.0074907274708109,42.86099779000119,Moyen-Faible,Urbain,Mixte-Renouvelable,Mégapole,2019-2023,Maximale (5 ans),OUI,0.07886089813800658,Faible,0.45838755338804116
Lima,pm25,27.545936706148638,23.9875,14.306230388883142,0.0,161.3,18919,2020,2023,4,1,10320000.0,-12.06,-77.0375,PER,PE,Peru,Latin America & Caribbean ,Upper middle income,77.47426896905904,7.31329403496564,4262.586194957197,1.2087772477703833,1.552946837430635,26.03818671875,29.67866666666667,0.26219541768755134,1511.0721578532432,756.168879584256,31.1,75.0005,56.30556060546875,41.2,33.73963376614395,11812754.38075,11.644145492429468,7049.425070612962,235190688090.42773,84.15553415657342,33328879.0,104.1786766052245,50.950647460974054,1280000.0,,0.11155541203287633,0.0078429378436658,41.05292780110959,Moyen-Faible,Urbain,Mixte-Renouvelable,Mégapole,2019-2023,Maximale (5 ans),OUI,10.360898138006572,Élevée,0.5191705345182822
Lisbon,co,154.84638266520847,145.0,81.29854630778544,0.0,3103.0,19661,2019,2023,4,0,548703.0,38.7122,-9.134,PRT,PT,Portugal,Europe & Central Asia,High income,99.65095017287226,2.051153053070255,14085.511533514125,4.597565378293777,0.7169421274038008,113.69556009676275,6.12953,5.9883844125454,5037.52865379642,1965.3750206957325,30.25,81.74146341463418,36.154994891142,34.4,18.8285141820036,16014445.0555,9.777587995572922,25077.487993977476,261348581819.50525,61.13521075522932,10415150.0,119.94436454772975,65.7851330550252,91605.6,2526.6009999999997,0.07887362778314568,0.20177320129550189,20.879667235073853,Moyen-Élevé,Semi-urbain,Mixte-Fossile,Petite,2019-2023,Maximale (5 ans),OUI,10.76725082146769,Élevée,0.5249931898741863
Lisbon,no2,18.65633668749038,12.9,16.951185557794375,0.0,329.7,70326,2019,2023,5,1,548703.0,38.7122,-9.134,PRT,PT,Portugal,Europe & Central Asia,High income,99.65134457592389,2.06910182749706,13887.658340833219,2.037125983986248,0.5910853487712502,113.437783279625,6.12953,5.476235827135973,5001.812889533466,1963.7611169425738,30.599999999999998,81.65902439024391,36.154994891142,34.46,18.9417180140477,14055462.256599998,9.518064970481474,24521.871276425438,255002620140.11963,61.12901993955728,10391536.2,119.6920654296878,65.74149801878906,91605.6,2526.450333333333,0.08065289332260847,0.18045910691441222,21.01081984154476,Moyen-Élevé,Semi-urbain,Mixte-Fossile,Petite,2019-2023,Maximale (5 ans),OUI,38.513691128148956,Élevée,0.9081152794781929
Lisbon,o3,54.083018277516814,55.0,23.74867498914504,0.0,195.0,35789,2019,2023,5,1,548703.0,38.7122,-9.134,PRT,PT,Portugal,Europe & Central Asia,High income,99.65134457592389,2.06910182749706,13887.658340833219,2.037125983986248,0.5910853487712502,113.437783279625,6.12953,5.476235827135973,5001.812889533466,1963.7611169425738,30.599999999999998,81.65902439024391,36.154994891142,34.46,18.9417180140477,14055462.256599998,9.518064970481474,24521.871276425438,255002620140.11963,61.12901993955728,10391536.2,119.6920654296878,65.74149801878906,91605.6,2526.450333333333,0.08065289332260847,0.18045910691441222,21.01081984154476,Moyen-Élevé,Semi-urbain,Mixte-Fossile,Petite,2019-2023,Maximale (5 ans),OUI,19.599671412924426,Élevée,0.4390340148391373
Lisbon,pm10,15.161127255723647,14.8,13.493699930191866,0.0,874.4,23387,2019,2023,5,1,548703.0,38.7122,-9.134,PRT,PT,Portugal,Europe & Central Asia,High income,99.65134457592389,2.06910182749706,13887.658340833219,2.037125983986248,0.5910853487712502,113.437783279625,6.12953,5.476235827135973,5001.812889533466,1963.7611169425738,30.599999999999998,81.65902439024391,36.154994891142,34.46,18.9417180140477,14055462.256599998,9.518064970481474,24521.871276425438,255002620140.11963,61.12901993955728,10391536.2,119.6920654296878,65.74149801878906,91605.6,2526.450333333333,0.08065289332260847,0.18045910691441222,21.01081984154476,Moyen-Élevé,Semi-urbain,Mixte-Fossile,Petite,2019-2023,Maximale (5 ans),OUI,12.807776560788609,Élevée,0.8894329144263862
London,no2,26.09293829106025,20.0,17.740217817145982,0.0,177.9,81028,2019,2023,5,1,11262000.0,51.5072,-0.1275,GBR,GB,United Kingdom,Europe & Central Asia,High income,99.10588350297122,0.657637547012113,28887.55928022188,1.0345736278313853,0.8262275516104687,278.142437895259,8.419,2.1695171710861922,4478.044111382568,2318.524704751648,12.4,80.91950243902438,13.22117050386476,32.6,17.36318610117888,82823297.8,8.834338730186031,45732.86218293194,3079262350300.062,82.95883566820366,67291000.0,114.198812866211,72.03224243970368,241930.0,16274.853333333333,0.051085038707455344,0.1787522652730885,18.02082364819099,Élevé,Urbain,Mixte-Fossile,Mégapole,2019-2023,Maximale (5 ans),OUI,44.37458926615553,Élevée,0.6796253210781892
London,o3,44.84031748660084,47.0,22.906898895301033,0.0,174.0,30320,2019,2023,5,1,11262000.0,51.5072,-0.1275,GBR,GB,United Kingdom,Europe & Central Asia,High income,99.10588350297122,0.657637547012113,28887.55928022188,1.0345736278313853,0.8262275516104687,278.142437895259,8.419,2.1695171710861922,4478.044111382568,2318.524704751648,12.4,80.91950243902438,13.22117050386476,32.6,17.36318610117888,82823297.8,8.834338730186031,45732.86218293194,3079262350300.062,82.95883566820366,67291000.0,114.198812866211,72.03224243970368,241930.0,16274.853333333333,0.051085038707455344,0.1787522652730885,18.02082364819099,Élevé,Urbain,Mixte-Fossile,Mégapole,2019-2023,Maximale (5 ans),OUI,16.60460021905805,Élevée,0.5107410644784073
London,pm10,13.649285164861663,11.0,8.437357758425364,0.0,226.5,45267,2019,2023,5,1,11262000.0,51.5072,-0.1275,GBR,GB,United Kingdom,Europe & Central Asia,High income,99.10588350297122,0.657637547012113,28887.55928022188,1.0345736278313853,0.8262275516104687,278.142437895259,8.419,2.1695171710861922,4478.044111382568,2318.524704751648,12.4,80.91950243902438,13.22117050386476,32.6,17.36318610117888,82823297.8,8.834338730186031,45732.86218293194,3079262350300.062,82.95883566820366,67291000.0,114.198812866211,72.03224243970368,241930.0,16274.853333333333,0.051085038707455344,0.1787522652730885,18.02082364819099,Élevé,Urbain,Mixte-Fossile,Mégapole,2019-2023,Maximale (5 ans),OUI,24.790251916757942,Élevée,0.6177012674228634
Madrid,co,301.5754376156964,300.0,226.57831856477372,0.0,3400.0,17656,2019,2023,5,1,6211000.0,40.4169,-3.7033,ESP,ES,Spain,Europe & Central Asia,High income,99.91886039669359,2.6097188750790523,15336.4244282825,1.3070854334923698,0.8032970424579167,95.28997863288538,29.068625,2.834791345744608,5208.416221022371,2400.5041698055343,18.333333333333332,83.25170731707318,37.17863207939672,34.019999999999996,20.318975169223158,66648882.531799994,9.139550733003471,30326.53321388234,1444571553127.286,79.83970766592157,47612075.2,118.4769256591796,68.08225572387383,499654.2012,15843.0,0.07951359592483635,0.1712381932519936,22.928694044302212,Moyen-Élevé,Urbain,Mixte-Fossile,Grande,2019-2023,Maximale (5 ans),OUI,9.669222343921138,Moyenne,0.7512906470421077
Madrid,no2,30.913761549141192,28.0,26.078212361259375,0.0,245.0,59530,2019,2023,5,1,6211000.0,40.4169,-3.7033,ESP,ES,Spain,Europe & Central Asia,High income,99.91886039669359,2.6097188750790523,15336.4244282825,1.3070854334923698,0.8032970424579167,95.28997863288538,29.068625,2.834791345744608,5208.416221022371,2400.5041698055343,18.333333333333332,83.25170731707318,37.17863207939672,34.019999999999996,20.318975169223158,66648882.531799994,9.139550733003471,30326.53321388234,1444571553127.286,79.83970766592157,47612075.2,118.4769256591796,68.08225572387383,499654.2012,15843.0,0.07951359592483635,0.1712381932519936,22.928694044302212,Moyen-Élevé,Urbain,Mixte-Fossile,Grande,2019-2023,Maximale (5 ans),OUI,32.6013143483023,Élevée,0.8433066048520094
Madrid,pm10,20.038230444346368,17.0,20.882969561810768,0.0,504.0,21721,2019,2023,5,1,6211000.0,40.4169,-3.7033,ESP,ES,Spain,Europe & Central Asia,High income,99.91886039669359,2.6097188750790523,15336.4244282825,1.3070854334923698,0.8032970424579167,95.28997863288538,29.068625,2.834791345744608,5208.416221022371,2400.5041698055343,18.333333333333332,83.25170731707318,37.17863207939672,34.019999999999996,20.318975169223158,66648882.531799994,9.139550733003471,30326.53321388234,1444571553127.286,79.83970766592157,47612075.2,118.4769256591796,68.08225572387383,499654.2012,15843.0,0.07951359592483635,0.1712381932519936,22.928694044302212,Moyen-Élevé,Urbain,Mixte-Fossile,Grande,2019-2023,Maximale (5 ans),OUI,11.89539978094195,Élevée,1.0416365484116727
Madrid,pm25,10.718035093071025,8.0,10.379416293813701,0.0,135.0,21648,2019,2023,5,1,6211000.0,40.4169,-3.7033,ESP,ES,Spain,Europe & Central Asia,High income,99.91886039669359,2.6097188750790523,15336.4244282825,1.3070854334923698,0.8032970424579167,95.28997863288538,29.068625,2.834791345744608,5208.416221022371,2400.5041698055343,18.333333333333332,83.25170731707318,37.17863207939672,34.019999999999996,20.318975169223158,66648882.531799994,9.139550733003471,30326.53321388234,1444571553127.286,79.83970766592157,47612075.2,118.4769256591796,68.08225572387383,499654.2012,15843.0,0.07951359592483635,0.1712381932519936,22.928694044302212,Moyen-Élevé,Urbain,Mixte-Fossile,Grande,2019-2023,Maximale (5 ans),OUI,11.855421686746988,Élevée,0.9675039467868176
Madrid,so2,4.452907717250751,1.0,3.086109367693986,0.0,33.0,17724,2019,2023,5,1,6211000.0,40.4169,-3.7033,ESP,ES,Spain,Europe & Central Asia,High income,99.91886039669359,2.6097188750790523,15336.4244282825,1.3070854334923698,0.8032970424579167,95.28997863288538,29.068625,2.834791345744608,5208.416221022371,2400.5041698055343,18.333333333333332,83.25170731707318,37.17863207939672,34.019999999999996,20.318975169223158,66648882.531799994,9.139550733003471,30326.53321388234,1444571553127.286,79.83970766592157,47612075.2,118.4769256591796,68.08225572387383,499654.2012,15843.0,0.07951359592483635,0.1712381932519936,22.928694044302212,Moyen-Élevé,Urbain,Mixte-Fossile,Grande,2019-2023,Maximale (5 ans),OUI,9.70646221248631,Moyenne,0.6915019451926058
Manama,o3,0.02796916152610495,0.026,0.019742372450302123,0.0,0.276,11609,2019,2023,4,1,727000.0,26.2233,50.5875,BHR,BH,Bahrain,"Middle East, North Africa, Afghanistan & Pakistan",High income,100.0,0.27298708591575827,10615.747202628225,1.0924179642292176,0.8653967378223221,1913.313408500605,0.1551,0.0,16289.744811986177,10629.054982247433,0.0,79.63025,0.9062267555202732,,41.84310879829783,3866652.25,3.4151411585540363,27010.131281285725,40829228723.40425,100.0,1509346.0,103.2606103217595,54.76040538392877,788.75,,0.40631259390849067,0.0,42.116095884213586,Moyen-Élevé,Très urbain,,Petite,2019-2023,Maximale (5 ans),OUI,6.357612267250821,Moyenne,0.5199580832652478
Manama,pm25,50.3256264661591,41.0,42.2933570667477,1.0,986.0,28693,2019,2023,5,1,727000.0,26.2233,50.5875,BHR,BH,Bahrain,"Middle East, North Africa, Afghanistan & Pakistan",High income,100.0,0.2676217625621078,10712.808511351699,2.109966622333744,0.9607613115329435,1916.648954648586,0.1551,0.0,17569.627399940382,10647.239426062875,0.0,79.9026,0.9123231765681175,,42.75241251269752,4031800.2,3.3173802187906922,27702.209410549043,41955021276.59574,100.0,1512415.4,103.304814531508,53.656552066258406,789.0,,0.392536039186151,0.0,43.020034275259626,Moyen-Élevé,Très urbain,,Petite,2019-2023,Maximale (5 ans),OUI,15.713581599123767,Élevée,0.8402270923394933
Mexico City,co,0.44552777262136223,0.4,0.36498544838224156,0.0,10.0,14653,2019,2023,5,1,21804000.0,19.4333,-99.1333,MEX,MX,Mexico,Latin America & Caribbean ,Upper middle income,92.09565803898742,3.7088908058852197,6932.573086315414,0.873011374708527,1.1800011029519324,65.69747781578747,89.66175,6.844306920103017,2404.23979203515,1467.8622854596101,11.866666666666667,72.7542,33.72738847192574,44.05,32.11551367847084,61449682.4,11.6805672698351,10958.326121889157,1401398548735.352,78.92790449364347,127712612.0,101.36610412597665,58.4730625078962,1943950.0,,0.13599356335537985,0.4849354568460447,35.82440448435606,Moyen-Faible,Urbain,Mixte-Fossile,Mégapole,2019-2023,Maximale (5 ans),OUI,8.024644030668128,Moyenne,0.8012364345688752
Mexico City,no2,0.01295827841146904,0.011,0.007022466632059179,0.0,0.059,15213,2019,2023,5,1,21804000.0,19.4333,-99.1333,MEX,MX,Mexico,Latin America & Caribbean ,Upper middle income,92.09565803898742,3.7088908058852197,6932.573086315414,0.873011374708527,1.1800011029519324,65.69747781578747,89.66175,6.844306920103017,2404.23979203515,1467.8622854596101,11.866666666666667,72.7542,33.72738847192574,44.05,32.11551367847084,61449682.4,11.6805672698351,10958.326121889157,1401398548735.352,78.92790449364347,127712612.0,101.36610412597665,58.4730625078962,1943950.0,,0.13599356335537985,0.4849354568460447,35.82440448435606,Moyen-Faible,Urbain,Mixte-Fossile,Mégapole,2019-2023,Maximale (5 ans),OUI,8.331325301204819,Moyenne,0.30587949611025866
Mexico City,o3,0.03637314635181914,0.03,0.026508879164788703,0.0,0.159,32906,2019,2023,5,1,21804000.0,19.4333,-99.1333,MEX,MX,Mexico,Latin America & Caribbean ,Upper middle income,92.09565803898742,3.7088908058852197,6932.573086315414,0.873011374708527,1.1800011029519324,65.69747781578747,89.66175,6.844306920103017,2404.23979203515,1467.8622854596101,11.866666666666667,72.7542,33.72738847192574,44.05,32.11551367847084,61449682.4,11.6805672698351,10958.326121889157,1401398548735.352,78.92790449364347,127712612.0,101.36610412597665,58.4730625078962,1943950.0,,0.13599356335537985,0.4849354568460447,35.82440448435606,Moyen-Faible,Urbain,Mixte-Fossile,Mégapole,2019-2023,Maximale (5 ans),OUI,18.02081051478642,Élevée,0.5716428849505659
Mexico City,pm10,26.053312820905226,24.0,15.779295897199784,0.0,192.0,16161,2019,2023,5,1,21804000.0,19.4333,-99.1333,MEX,MX,Mexico,Latin America & Caribbean ,Upper middle income,92.09565803898742,3.7088908058852197,6932.573086315414,0.873011374708527,1.1800011029519324,65.69747781578747,89.66175,6.844306920103017,2404.23979203515,1467.8622854596101,11.866666666666667,72.7542,33.72738847192574,44.05,32.11551367847084,61449682.4,11.6805672698351,10958.326121889157,1401398548735.352,78.92790449364347,127712612.0,101.36610412597665,58.4730625078962,1943950.0,,0.13599356335537985,0.4849354568460447,35.82440448435606,Moyen-Faible,Urbain,Mixte-Fossile,Mégapole,2019-2023,Maximale (5 ans),OUI,8.850492880613363,Moyenne,0.6054217284513158
Mexico City,pm25,39.0,39.0,0.0,39.0,39.0,2,2022,2022,1,0,21804000.0,19.4333,-99.1333,MEX,MX,Mexico,Latin America & Caribbean ,Upper middle income,92.6614618116548,3.89806570970786,7095.71759431448,3.70975709163623,1.09116644258604,66.1607124668844,89.804,7.31933292155652,2371.96646124361,1525.73516114419,,73.973,33.6618740193935,43.5,33.1638305245733,70196270.0,11.8701402157787,11405.7940473759,1466934724293.06,79.199683215791,128613117.0,98.3576583862305,58.1306222617617,1943950.0,,0.1337567027867204,,37.06189623428116,Moyen-Faible,Urbain,,Mégapole,2019-2023,Maximale (5 ans),OUI,0.001095290251916758,Faible,0.0
Mexico City,so2,0.00217819899313674,0.001,0.005927346745500861,0.0,0.096,17593,2019,2023,5,1,21804000.0,19.4333,-99.1333,MEX,MX,Mexico,Latin America & Caribbean ,Upper middle income,92.09565803898742,3.7088908058852197,6932.573086315414,0.873011374708527,1.1800011029519324,65.69747781578747,89.66175,6.844306920103017,2404.23979203515,1467.8622854596101,11.866666666666667,72.7542,33.72738847192574,44.05,32.11551367847084,61449682.4,11.6805672698351,10958.326121889157,1401398548735.352,78.92790449364347,127712612.0,101.36610412597665,58.4730625078962,1943950.0,,0.13599356335537985,0.4849354568460447,35.82440448435606,Moyen-Faible,Urbain,Mixte-Fossile,Mégapole,2019-2023,Maximale (5 ans),OUI,9.634720700985762,Moyenne,0.48671784299479187
Milan,co,930.1243481255914,761.2,403.2821302691227,464.026,7927.873,15178,2020,2022,3,1,1354196.0,45.4669,9.19,ITA,IT,Italy,Europe & Central Asia,High income,99.88509600009807,1.88392695358832,18509.0110724789,1.6280058617609168,-0.411749135600094,200.17459521794265,33.78404,6.465244439110127,5158.386694874003,2418.6129247352,18.1,82.51382113821137,32.53078885376177,34.56666666666667,22.2668750431591,8306953.653,6.50594399781636,34865.9778046604,2063585499331.5935,69.4946593255513,59195230.333333336,101.67495218912767,65.380344551946,295718.0,17280.4,0.0694647945559199,0.28508722065656084,24.15080199674742,Moyen-Élevé,Semi-urbain,Mixte-Fossile,Moyenne,2019-2023,Maximale (5 ans),OUI,8.312157721796275,Moyenne,0.43357406495289386
Milan,no2,39.17999227757339,32.551483,22.400704102556716,1.982459,273.99365,33168,2020,2022,3,1,1354196.0,45.4669,9.19,ITA,IT,Italy,Europe & Central Asia,High income,99.88509600009807,1.88392695358832,18509.0110724789,1.6280058617609168,-0.411749135600094,200.17459521794265,33.78404,6.465244439110127,5158.386694874003,2418.6129247352,18.1,82.51382113821137,32.53078885376177,34.56666666666667,22.2668750431591,8306953.653,6.50594399781636,34865.9778046604,2063585499331.5935,69.4946593255513,59195230.333333336,101.67495218912767,65.380344551946,295718.0,17280.4,0.0694647945559199,0.28508722065656084,24.15080199674742,Moyen-Élevé,Semi-urbain,Mixte-Fossile,Moyenne,2019-2023,Maximale (5 ans),OUI,18.164293537787515,Élevée,0.5715924602357118
Mixco,o3,0.0182874738959251,0.015,0.0117550780075382,0.0,0.072,8835,2021,2023,3,0,527828.0,14.6331,-90.6064,GTM,GT,Guatemala,Latin America & Caribbean ,Upper middle income,70.0337468936035,9.314099460533953,3813.10413589703,5.253126490679843,2.0837670579384766,166.63980651984568,3.3241,15.585928768985104,726.9889145297775,906.0246870629969,62.1,70.55533333333334,32.7043673012318,45.2,22.39304979989647,111622.0905,11.981887246055951,5343.2171942007,95488574609.33052,55.2570206444854,17857121.666666668,47.14211091046073,61.70188135788786,107160.0,,0.17687114051968175,0.3421557593728985,31.707149260430423,Faible,Semi-urbain,Renouvelable,Petite,2019-2023,Maximale (5 ans),OUI,4.838444687842278,Moyenne,0.4155577147251581
Mixco,pm25,16.8930799893727,13.0,13.160636626596254,0.0,166.0,22760,2019,2023,5,1,527828.0,14.6331,-90.6064,GTM,GT,Guatemala,Latin America & Caribbean ,Upper middle income,69.51170753748708,9.45546826382811,3695.072186051042,3.5983451143619023,2.1078514867494342,164.3010321015304,3.3241,20.036663354582128,696.6045065499418,871.8445350909305,63.46666666666667,70.65520000000001,32.81261664800299,45.2,22.29017299836634,88952.90875,11.759910919148625,5003.853565627144,88271504753.95349,54.90152109028328,17606498.6,49.1556835229065,61.931316934621336,107160.0,,0.18159161805499613,0.3657815101423409,31.745641262194447,Faible,Semi-urbain,Renouvelable,Petite,2019-2023,Maximale (5 ans),OUI,12.464403066812705,Élevée,0.7785939979501135
Montreal,o3,0.02622548219174704,0.026,0.01183571863268168,0.0,0.083,34936,2019,2023,5,1,3675219.0,45.5089,-73.5617,CAN,CA,Canada,North America,High income,98.63907844091447,1.7116188431942734,25797.35765226852,1.7077016657306143,1.7994183274616211,4.355909435267726,36.1905,5.258871015659851,14867.698783772299,7611.922423950576,23.366666666666664,81.62151219512195,39.1585818670222,30.900000000000002,23.95359090473363,60283400.0,4.443074913089722,50650.89990221688,1957107882458.918,82.14808603200193,38581283.0,108.1424987792968,67.87308370744013,8859456.0,48148.86903333333,0.151944381566928,0.2554217441213607,25.665209747927907,Élevé,Urbain,Mixte-Fossile,Moyenne,2019-2023,Maximale (5 ans),OUI,19.132530120481928,Élevée,0.3267235635410843
Montreal,pm25,8.150115154802743,6.3,7.8273861853737055,0.3,312.1,17956,2021,2023,3,0,3675219.0,45.5089,-73.5617,CAN,CA,Canada,North America,High income,98.58835294211543,1.59798786504057,26034.146824520198,3.889436605811967,1.9868488104951816,4.44735027175047,36.128,4.3426453193928065,14790.229355966701,7479.65052788607,23.8,81.46959349593497,39.46591988576244,31.1,25.3317475177596,60148333.333333336,4.009902701863567,54454.59695588643,2128709832873.96,82.35102469471964,39086427.333333336,106.70145416259767,66.3883076597889,8788700.0,48149.90622,0.13742679155929066,0.2145916223251238,26.929735382800168,Élevé,Urbain,Mixte-Fossile,Moyenne,2019-2023,Maximale (5 ans),OUI,9.833515881708653,Moyenne,0.9592249664230283
Mumbai,co,775.8378237771517,715.0,725.5647656414842,0.0,11000.0,63612,2019,2022,4,1,24973000.0,19.0761,72.8775,IND,IN,India,South Asia,Lower middle income,73.48182498185918,17.3356992705658,1180.5826328417402,3.8481674258633123,1.8276013305663676,473.50447793447427,647.5,71.86289242684835,984.5927178987118,675.983417411775,34.833333333333336,69.9705,24.315045456227125,25.5,25.391356071197023,115104897.36649999,16.429222224963702,2133.8833228458975,3005958936534.215,34.28518740204975,1407818778.75,79.08492800172175,48.89752360541593,2973190.0,67824.14333333333,0.31748321364538445,2.0089169954467163,42.72705534176282,Faible,Rural,Mixte-Renouvelable,Mégapole,2019-2023,Maximale (5 ans),OUI,34.8368017524644,Élevée,0.9351895351193118
Mumbai,no2,17.7817193900751,9.1725,18.136609558531,0.0,217.13,24121,2019,2022,4,1,24973000.0,19.0761,72.8775,IND,IN,India,South Asia,Lower middle income,73.48182498185918,17.3356992705658,1180.5826328417402,3.8481674258633123,1.8276013305663676,473.50447793447427,647.5,71.86289242684835,984.5927178987118,675.983417411775,34.833333333333336,69.9705,24.315045456227125,25.5,25.391356071197023,115104897.36649999,16.429222224963702,2133.8833228458975,3005958936534.215,34.28518740204975,1407818778.75,79.08492800172175,48.89752360541593,2973190.0,67824.14333333333,0.31748321364538445,2.0089169954467163,42.72705534176282,Faible,Rural,Mixte-Renouvelable,Mégapole,2019-2023,Maximale (5 ans),OUI,13.20974808324206,Élevée,1.019384870056364
Mumbai,o3,44.94167876144603,32.775,43.40012358346718,0.0,999.99,24225,2019,2022,4,1,24973000.0,19.0761,72.8775,IND,IN,India,South Asia,Lower middle income,73.48182498185918,17.3356992705658,1180.5826328417402,3.8481674258633123,1.8276013305663676,473.50447793447427,647.5,71.86289242684835,984.5927178987118,675.983417411775,34.833333333333336,69.9705,24.315045456227125,25.5,25.391356071197023,115104897.36649999,16.429222224963702,2133.8833228458975,3005958936534.215,34.28518740204975,1407818778.75,79.08492800172175,48.89752360541593,2973190.0,67824.14333333333,0.31748321364538445,2.0089169954467163,42.72705534176282,Faible,Rural,Mixte-Renouvelable,Mégapole,2019-2023,Maximale (5 ans),OUI,13.26670317634173,Élevée,0.9654839325086657
Mumbai,pm10,149.61249275217435,35.395,1470.0187506569005,0.02,61538.22,15432,2019,2020,2,1,24973000.0,19.0761,72.8775,IND,IN,India,South Asia,Lower middle income,70.58912737486196,17.7120529818282,1120.28048677987,-0.9531438830822252,1.938683181925485,469.47016621877503,647.5,72.112987280748,944.8358743527076,649.6085880324665,34.8,70.451,24.225495175215798,,24.8571905576705,118229374.5,17.0821583160619,1974.23557668127,2755228917572.73,33.971315245324,1395824003.5,76.92414701060869,49.0088229819492,2973190.0,67684.85,0.32895805829771346,2.0177502735917963,42.56924353949869,Faible,Rural,Mixte-Renouvelable,Mégapole,2019-2023,Maximale (5 ans),OUI,8.451259583789705,Moyenne,9.824851355014856
Mumbai,so2,22.681393951363304,12.59,31.013838447168965,0.0,999.99,62216,2019,2022,4,1,24973000.0,19.0761,72.8775,IND,IN,India,South Asia,Lower middle income,73.48182498185918,17.3356992705658,1180.5826328417402,3.8481674258633123,1.8276013305663676,473.50447793447427,647.5,71.86289242684835,984.5927178987118,675.983417411775,34.833333333333336,69.9705,24.315045456227125,25.5,25.391356071197023,115104897.36649999,16.429222224963702,2133.8833228458975,3005958936534.215,34.28518740204975,1407818778.75,79.08492800172175,48.89752360541593,2973190.0,67824.14333333333,0.31748321364538445,2.0089169954467163,42.72705534176282,Faible,Rural,Mixte-Renouvelable,Mégapole,2019-2023,Maximale (5 ans),OUI,34.0722891566265,Élevée,1.366766559764639
N'Djamena,pm25,85.12818472161271,42.0,123.26755685248641,0.0,985.0,20249,2020,2023,4,1,807000.0,12.1053,15.0447,TCD,TD,Chad,Sub-Saharan Africa ,Low income,12.830964992594476,37.14340464665602,592.317740324272,2.002384681454324,5.698234704491098,14.459047808132174,0.8796,0.0,14.982541265284333,195.8233859494243,70.60000000000001,53.95375,3.2929931702668376,37.4,29.081406566048724,,28.966369064322265,932.1690592629857,16993394389.327375,25.514878050480775,18206833.0,23.67417078680565,30.374650196628625,1259200.0,,0.21149721697607396,0.0,66.22481121270475,Faible,Rural,Renouvelable,Petite,2019-2023,Maximale (5 ans),OUI,11.089266155531217,Élevée,1.4478527731775137
Nansana,pm25,52.90161352393309,46.0,30.666764357250777,2.0,985.0,31411,2019,2023,5,1,532800.0,0.3639,32.5286,UGA,UG,Uganda,Sub-Saharan Africa ,Low income,22.78787283850012,23.7635286193934,690.8820418755757,4.570325334517355,5.56269734430007,228.74230899660878,0.637,0.0,83.43750721470605,474.2482853994855,91.0,67.0282,11.45344135248352,42.7,26.555952608798442,19612.3998,18.9893311249557,903.2211569515166,41563501413.60072,29.22887641930174,45867407.8,,42.36943448978116,200520.0,,0.5406002266272858,0.0,50.31948122819184,Faible,Rural,Renouvelable,Petite,2019-2023,Maximale (5 ans),OUI,17.202081051478643,Élevée,0.5795847511507002
New York,o3,0.024791796145345303,0.024,0.014140758245120419,0.0,0.104,32824,2019,2023,5,1,18832416.0,40.6943,-73.9249,USA,US,United States,North America,High income,99.64922246143502,0.9157423265885916,41990.10925344605,2.375156090713436,0.44550894682795217,36.397744041489304,444.29,20.817523228981003,12629.4344658061,6432.69685240886,10.700000000000001,77.58341463414634,33.8669264120375,41.019999999999996,17.8911699622896,751355200.0,5.165635575790524,71231.39235533618,23730709998565.082,80.04789331101667,332945451.8,99.80980682373047,77.6392702935191,9147420.0,148930.56036,0.09109430517097303,1.917700361016416,18.80691228887819,Élevé,Urbain,Mixte-Fossile,Mégapole,2019-2023,Maximale (5 ans),OUI,17.97590361445783,Élevée,0.4064394429665647
New York,pm25,7.600814427288009,6.5,6.27886937410361,0.0,257.2,58877,2019,2023,5,1,18832416.0,40.6943,-73.9249,USA,US,United States,North America,High income,99.64922246143502,0.9157423265885916,41990.10925344605,2.375156090713436,0.44550894682795217,36.397744041489304,444.29,20.817523228981003,12629.4344658061,6432.69685240886,10.700000000000001,77.58341463414634,33.8669264120375,41.019999999999996,17.8911699622896,751355200.0,5.165635575790524,71231.39235533618,23730709998565.082,80.04789331101667,332945451.8,99.80980682373047,77.6392702935191,9147420.0,148930.56036,0.09109430517097303,1.917700361016416,18.80691228887819,Élevé,Urbain,Mixte-Fossile,Mégapole,2019-2023,Maximale (5 ans),OUI,32.24370208105148,Élevée,0.8249930981881769
Omdurman,pm25,40.488399337809746,27.5,51.04081698135529,0.0,985.0,44077,2020,2023,4,1,2805396.0,15.6835,32.4629,SDN,SD,Sudan,Sub-Saharan Africa ,Low income,58.397840283537,15.496230887854864,842.4060821533203,-8.972352432615576,2.58602098530407,26.001377408993577,26.935,0.0,294.47030001860435,420.038539330287,61.8,65.4025,9.69018602783726,,15.976187577630112,1068260.55,22.0011595456191,783.3603820800774,38207318177.22125,34.67964815617725,48570573.0,,23.441202692937004,1868000.0,2747.0,0.573406976814637,0.0,31.472418465484978,Faible,Rural,Renouvelable,Moyenne,2019-2023,Maximale (5 ans),OUI,24.13855421686747,Élevée,1.260316896863206
Paris,no2,43.134036388563565,38.1,20.361670708495986,0.0,342.7,28832,2019,2023,5,1,11060000.0,48.8567,2.3522,FRA,FR,France,Europe & Central Asia,High income,98.6468020478108,1.50739877366146,20325.53931846568,1.1250231969098021,0.3859745682355194,125.942193153354,24.934739327499997,1.0197730739986564,6751.960956599296,3308.0334398962304,16.166666666666668,82.4770731707317,32.16699137211244,31.28,16.629504532109177,50442826.6,6.970508411654523,41798.40469361652,2837638409499.026,78.73541527913692,67876545.0,104.2890319824218,70.74603966134865,538950.0,27915.0,0.07935818126546454,0.06372782981626636,18.13690330577064,Élevé,Urbain,Mixte-Fossile,Mégapole,2019-2023,Maximale (5 ans),OUI,15.789704271631983,Élevée,0.47194635488239506
Paris,pm10,25.072810548286164,21.3,34.84441031159179,0.0,2284.8,27536,2019,2023,5,1,11060000.0,48.8567,2.3522,FRA,FR,France,Europe & Central Asia,High income,98.6468020478108,1.50739877366146,20325.53931846568,1.1250231969098021,0.3859745682355194,125.942193153354,24.934739327499997,1.0197730739986564,6751.960956599296,3308.0334398962304,16.166666666666668,82.4770731707317,32.16699137211244,31.28,16.629504532109177,50442826.6,6.970508411654523,41798.40469361652,2837638409499.026,78.73541527913692,67876545.0,104.2890319824218,70.74603966134865,538950.0,27915.0,0.07935818126546454,0.06372782981626636,18.13690330577064,Élevé,Urbain,Mixte-Fossile,Mégapole,2019-2023,Maximale (5 ans),OUI,15.079956188389923,Élevée,1.389174879127435
Prague,no2,29.645882328095887,25.8,15.972608235567801,0.0,131.4,35619,2019,2023,5,1,1384732.0,50.0875,14.4214,CZE,CZ,Czechia,Europe & Central Asia,High income,99.07213578346064,1.9623889342785859,9114.92322952994,1.0369332672948228,0.40420461281716574,138.397429425968,1.4165,41.99181306332968,6366.231293615688,3845.602413521302,16.7,78.69707317073171,34.70708776405544,25.860000000000003,29.649769727849957,2429329.367,4.443570986238642,27055.17811627304,289153421619.8172,72.72523898928856,10682332.0,100.4371505737304,59.539111928294915,77185.98000000001,9376.666666666666,0.14427224147194342,2.3863260716575545,31.612158662128547,Moyen-Élevé,Urbain,Mixte-Fossile,Moyenne,2019-2023,Maximale (5 ans),OUI,19.5065717415115,Élevée,0.53859831445431
Prague,o3,50.373359071683765,49.3,30.277969271430425,0.0,206.7,102402,2019,2023,5,1,1384732.0,50.0875,14.4214,CZE,CZ,Czechia,Europe & Central Asia,High income,99.07213578346064,1.9623889342785859,9114.92322952994,1.0369332672948228,0.40420461281716574,138.397429425968,1.4165,41.99181306332968,6366.231293615688,3845.602413521302,16.7,78.69707317073171,34.70708776405544,25.860000000000003,29.649769727849957,2429329.367,4.443570986238642,27055.17811627304,289153421619.8172,72.72523898928856,10682332.0,100.4371505737304,59.539111928294915,77185.98000000001,9376.666666666666,0.14427224147194342,2.3863260716575545,31.612158662128547,Moyen-Élevé,Urbain,Mixte-Fossile,Moyenne,2019-2023,Maximale (5 ans),OUI,56.07995618838992,Excellente,0.600951779105318
Prague,pm10,20.389235334887406,17.0,16.29207522112517,0.0,569.0,69379,2019,2023,5,1,1384732.0,50.0875,14.4214,CZE,CZ,Czechia,Europe & Central Asia,High income,99.07213578346064,1.9623889342785859,9114.92322952994,1.0369332672948228,0.40420461281716574,138.397429425968,1.4165,41.99181306332968,6366.231293615688,3845.602413521302,16.7,78.69707317073171,34.70708776405544,25.860000000000003,29.649769727849957,2429329.367,4.443570986238642,27055.17811627304,289153421619.8172,72.72523898928856,10682332.0,100.4371505737304,59.539111928294915,77185.98000000001,9376.666666666666,0.14427224147194342,2.3863260716575545,31.612158662128547,Moyen-Élevé,Urbain,Mixte-Fossile,Moyenne,2019-2023,Maximale (5 ans),OUI,37.99507119386637,Élevée,0.7986610749699012
Prague,pm25,13.319495246995904,10.1,11.407583928997582,0.0,526.0,33524,2019,2023,5,1,1384732.0,50.0875,14.4214,CZE,CZ,Czechia,Europe & Central Asia,High income,99.07213578346064,1.9623889342785859,9114.92322952994,1.0369332672948228,0.40420461281716574,138.397429425968,1.4165,41.99181306332968,6366.231293615688,3845.602413521302,16.7,78.69707317073171,34.70708776405544,25.860000000000003,29.649769727849957,2429329.367,4.443570986238642,27055.17811627304,289153421619.8172,72.72523898928856,10682332.0,100.4371505737304,59.539111928294915,77185.98000000001,9376.666666666666,0.14427224147194342,2.3863260716575545,31.612158662128547,Moyen-Élevé,Urbain,Mixte-Fossile,Moyenne,2019-2023,Maximale (5 ans),OUI,18.359255202628695,Élevée,0.8558151466064352
Prague,so2,4.838562429590274,4.5,3.2064990787709235,0.0,111.3,17814,2019,2023,5,1,1384732.0,50.0875,14.4214,CZE,CZ,Czechia,Europe & Central Asia,High income,99.07213578346064,1.9623889342785859,9114.92322952994,1.0369332672948228,0.40420461281716574,138.397429425968,1.4165,41.99181306332968,6366.231293615688,3845.602413521302,16.7,78.69707317073171,34.70708776405544,25.860000000000003,29.649769727849957,2429329.367,4.443570986238642,27055.17811627304,289153421619.8172,72.72523898928856,10682332.0,100.4371505737304,59.539111928294915,77185.98000000001,9376.666666666666,0.14427224147194342,2.3863260716575545,31.612158662128547,Moyen-Élevé,Urbain,Mixte-Fossile,Moyenne,2019-2023,Maximale (5 ans),OUI,9.755750273822564,Moyenne,0.6613298529894123
Rangoon,o3,0.0081729970202624,0.004,0.008432765372190534,0.0,0.08,10408,2019,2021,3,1,6874000.0,16.795,96.16,MMR,MM,Myanmar,East Asia & Pacific,Lower middle income,73.63589499559237,22.015366824099868,,-4.82853653170333,0.9727627724659778,81.2263050132272,33.231,11.989280664556835,276.7406985320553,416.90042020962636,60.199999999999996,66.20733333333332,43.73335413172373,,37.75580554458523,2113633.7753333333,16.3810470012391,1386.3092408021566,73472170354.3614,30.158143314792397,53014779.0,,40.22882763131489,652680.0,,0.3018415331272091,0.19648065745347407,59.77117236868509,Faible,Rural,Mixte-Renouvelable,Grande,2019-2023,Maximale (5 ans),OUI,5.699890470974808,Moyenne,0.4640272247218348
Rangoon,pm25,22.865974919870627,14.0,21.615012673701337,0.0,378.0,31349,2019,2023,5,1,6874000.0,16.795,96.16,MMR,MM,Myanmar,East Asia & Pacific,Lower middle income,73.83880625422314,22.22053630433906,,-1.8979339067950751,0.9572531500398668,81.79708044768383,33.231,9.119840792900845,296.08853090334776,412.5556114608545,60.199999999999996,66.4034,43.28974051923832,,37.82149548706498,2474778.0652,14.2912351027316,1310.034887011784,69885435993.27284,30.233519501852356,53386984.4,,39.95796820859596,652676.0,,0.31255542355808896,0.19648065745347407,60.04203179140404,Faible,Rural,Mixte-Renouvelable,Grande,2019-2023,Maximale (5 ans),OUI,17.168127053669224,Élevée,0.9448783166362895
Riga,no2,20.27974704504397,15.4875,16.758126308606826,0.0,222.085938,31748,2019,2023,5,1,605273.0,56.9475,24.1069,LVA,LV,Latvia,Europe & Central Asia,High income,92.0076660049558,4.237378415656292,9792.52618460397,1.0231230232357973,-0.35574247517644003,30.40959751398352,0.179156,0.00020891443150816,3712.7258354992896,2293.374473908098,43.1,74.7019512195122,54.87213321421266,34.44,20.34822674045692,3207689.7528,6.579941466072623,19610.49270689052,37089101523.22882,68.19679571460952,1892370.8,105.252705383301,62.52398033752267,62229.4,1859.2666666666664,0.1182227464106772,7.766457616190397e-06,24.58560515611321,Moyen-Élevé,Semi-urbain,Mixte-Renouvelable,Petite,2019-2023,Maximale (5 ans),OUI,17.386637458926614,Élevée,0.8259406226900307
Riga,o3,41.28770853423147,43.91855475,19.676326117950126,0.0,135.640625,18689,2019,2022,4,1,605273.0,56.9475,24.1069,LVA,LV,Latvia,Europe & Central Asia,High income,91.8799116194247,4.31336232102407,9657.952847873512,1.5143052962506542,-0.5393489098368089,30.4444651553751,0.179156,0.0002611430393852,3736.7076033388676,2306.633968114185,43.1,74.4579268292683,54.8411708565092,34.55,20.401566851194524,2890636.191,6.74535896035029,18835.549945008224,35666489169.82652,68.15633673468537,1894536.0,106.034320831299,62.18996754268845,62229.25,1859.2666666666664,0.12311736041398741,7.766457616190397e-06,24.714929172218596,Moyen-Élevé,Semi-urbain,Mixte-Renouvelable,Petite,2019-2023,Maximale (5 ans),OUI,10.234939759036145,Élevée,0.47645079633511667
Riga,pm10,18.29072841451407,14.7085,13.906918489473645,1.0,147.0,13368,2022,2023,2,0,605273.0,56.9475,24.1069,LVA,LV,Latvia,Europe & Central Asia,High income,92.39064614332466,4.523776589376945,10411.04129275635,0.4834640607371895,0.109463842145962,30.235360758476652,0.172334,0.0,3665.6578546649553,2248.22777123621,,74.9780487804878,54.96488831753175,33.85,20.35813323969575,4070141.882,6.54760492937163,21465.68372026435,40391374722.874344,68.30782672260474,1881546.5,103.4453849792485,62.75430887589525,62230.0,,0.1051056353936193,,24.881909829072697,Moyen-Élevé,Semi-urbain,,Petite,2019-2023,Maximale (5 ans),OUI,7.32092004381161,Moyenne,0.7599106535259136
Riga,pm25,8.803674023256443,6.875,6.615706350408976,1.0,72.0,13146,2022,2023,2,0,605273.0,56.9475,24.1069,LVA,LV,Latvia,Europe & Central Asia,High income,92.39064614332466,4.523776589376945,10411.04129275635,0.4834640607371895,0.109463842145962,30.235360758476652,0.172334,0.0,3665.6578546649553,2248.22777123621,,74.9780487804878,54.96488831753175,33.85,20.35813323969575,4070141.882,6.54760492937163,21465.68372026435,40391374722.874344,68.30782672260474,1881546.5,103.4453849792485,62.75430887589525,62230.0,,0.1051056353936193,,24.881909829072697,Moyen-Élevé,Semi-urbain,,Petite,2019-2023,Maximale (5 ans),OUI,7.19934282584885,Moyenne,0.7506184518456503
Riga,so2,2.108329134680184,2.0186775,1.1372004303571581,0.0,18.17,18785,2019,2022,4,1,605273.0,56.9475,24.1069,LVA,LV,Latvia,Europe & Central Asia,High income,91.8799116194247,4.31336232102407,9657.952847873512,1.5143052962506542,-0.5393489098368089,30.4444651553751,0.179156,0.0002611430393852,3736.7076033388676,2306.633968114185,43.1,74.4579268292683,54.8411708565092,34.55,20.401566851194524,2890636.191,6.74535896035029,18835.549945008224,35666489169.82652,68.15633673468537,1894536.0,106.034320831299,62.18996754268845,62229.25,1859.2666666666664,0.12311736041398741,7.766457616190397e-06,24.714929172218596,Moyen-Élevé,Semi-urbain,Mixte-Renouvelable,Petite,2019-2023,Maximale (5 ans),OUI,10.287513691128149,Élevée,0.5368384033149068
Rome,no2,39.89757593676114,36.0,20.2670485984425,0.0,208.0,80310,2019,2023,5,1,2748109.0,41.8931,12.4828,ITA,IT,Italy,Europe & Central Asia,High income,99.88509648922624,1.8660414710038282,18939.05114228284,1.2577749918380197,-0.3742533305131544,200.3928018633754,33.799279999999996,6.411729319717904,5156.529273092112,2409.651262316528,17.833333333333332,82.94780487804879,32.53076636035076,34.519999999999996,22.2961317834544,14589179.191799998,6.494815575862494,35537.561203448204,2105418258782.298,69.50542661141986,59259797.6,101.48907928466801,65.30847265632562,295718.2,17113.13333333333,0.06813358509027725,0.32179198175524076,24.162173254458228,Moyen-Élevé,Semi-urbain,Mixte-Fossile,Moyenne,2019-2023,Maximale (5 ans),OUI,43.98138006571742,Élevée,0.5078496531725789
Rome,o3,31.74622341365041,36.0,24.057656422125568,0.0,149.0,24065,2019,2023,5,1,2748109.0,41.8931,12.4828,ITA,IT,Italy,Europe & Central Asia,High income,99.88509648922624,1.8660414710038282,18939.05114228284,1.2577749918380197,-0.3742533305131544,200.3928018633754,33.799279999999996,6.411729319717904,5156.529273092112,2409.651262316528,17.833333333333332,82.94780487804879,32.53076636035076,34.519999999999996,22.2961317834544,14589179.191799998,6.494815575862494,35537.561203448204,2105418258782.298,69.50542661141986,59259797.6,101.48907928466801,65.30847265632562,295718.2,17113.13333333333,0.06813358509027725,0.32179198175524076,24.162173254458228,Moyen-Élevé,Semi-urbain,Mixte-Fossile,Moyenne,2019-2023,Maximale (5 ans),OUI,13.17907995618839,Élevée,0.7575729679425415
Rome,pm10,25.07945912503846,22.0,11.167988569341187,0.0,95.0,2563,2019,2023,5,1,2748109.0,41.8931,12.4828,ITA,IT,Italy,Europe & Central Asia,High income,99.88509648922624,1.8660414710038282,18939.05114228284,1.2577749918380197,-0.3742533305131544,200.3928018633754,33.799279999999996,6.411729319717904,5156.529273092112,2409.651262316528,17.833333333333332,82.94780487804879,32.53076636035076,34.519999999999996,22.2961317834544,14589179.191799998,6.494815575862494,35537.561203448204,2105418258782.298,69.50542661141986,59259797.6,101.48907928466801,65.30847265632562,295718.2,17113.13333333333,0.06813358509027725,0.32179198175524076,24.162173254458228,Moyen-Élevé,Semi-urbain,Mixte-Fossile,Moyenne,2019-2023,Maximale (5 ans),OUI,1.4036144578313252,Moyenne,0.44512671690861194
Rome,pm25,14.678245845533123,13.0,7.493307679743019,1.0,50.0,854,2019,2023,5,1,2748109.0,41.8931,12.4828,ITA,IT,Italy,Europe & Central Asia,High income,99.88509648922624,1.8660414710038282,18939.05114228284,1.2577749918380197,-0.3742533305131544,200.3928018633754,33.799279999999996,6.411729319717904,5156.529273092112,2409.651262316528,17.833333333333332,82.94780487804879,32.53076636035076,34.519999999999996,22.2961317834544,14589179.191799998,6.494815575862494,35537.561203448204,2105418258782.298,69.50542661141986,59259797.6,101.48907928466801,65.30847265632562,295718.2,17113.13333333333,0.06813358509027725,0.32179198175524076,24.162173254458228,Moyen-Élevé,Semi-urbain,Mixte-Fossile,Moyenne,2019-2023,Maximale (5 ans),OUI,0.46768893756845564,Faible,0.5101567442801093
San Jose,pm25,9.141113921613783,7.0,12.99410935176715,0.0,418.0,23492,2019,2023,5,1,1543000.0,9.9325,-84.08,CRI,CR,Costa Rica,Latin America & Caribbean ,High income,98.2607684835217,4.170708035308026,8327.817276168123,3.1486666710543885,1.186158311127886,99.02526831179007,3.2919675,0.0,2114.554645292114,995.3223599291717,34.666666666666664,79.6372,59.757931844888354,48.0,20.26259847328146,1336260.4,8.779292908065417,13736.9563178223,69503114896.64224,77.97482846945806,5056230.2,132.3698120117188,67.95859722626491,51060.0,,0.07321927990084683,0.0,24.43330650858949,Moyen-Faible,Urbain,Mixte-Renouvelable,Moyenne,2019-2023,Maximale (5 ans),OUI,12.865279299014238,Élevée,1.4199483760197427
San Juan,o3,0.00937973854466395,0.006999999999999999,0.0089585156775153,0.0,0.109,3343,2019,2023,2,0,1809800.0,18.3985,-66.061,PRI,PR,Puerto Rico (US),Latin America & Caribbean ,High income,100.0,0.6939666061921355,23045.48164921385,1.203477950174138,-0.00881786894463249,366.7690529875985,0.875,18.3898931074077,,,2.4,81.564,56.01127395715895,,49.1196192670823,,,34405.658488882254,111802577140.44101,94.0647135749067,3253241.5,110.409713745117,49.6813231654831,8870.0,,,5.40879209041403,49.813585873274434,Moyen-Élevé,Très urbain,Fossile,Moyenne,2019-2023,Maximale (5 ans),OUI,1.830777656078861,Moyenne,0.4622619472842141
San Juan,pm10,36.685814283871224,20.0,31.670591319393072,0.0,546.0,10762,2019,2023,5,1,1809800.0,18.3985,-66.061,PRI,PR,Puerto Rico (US),Latin America & Caribbean ,High income,100.0,0.6771928742095292,22883.38437067456,0.313679993107757,-0.4759618670498772,366.8753325817362,0.875,17.029711724483665,,,2.5,80.4668,56.01127395715896,,49.45199767619618,,,33642.23653423328,109401270856.1764,94.0614410429192,3254184.2,110.409713745117,49.786848702682356,8870.0,,,4.873137243293189,50.12919055040571,Moyen-Élevé,Très urbain,Fossile,Moyenne,2019-2023,Maximale (5 ans),OUI,5.8937568455640745,Moyenne,0.8630573251323962
San Juan,pm25,13.554665554165641,8.4,15.437682212761345,0.0,351.3,13534,2019,2023,5,1,1809800.0,18.3985,-66.061,PRI,PR,Puerto Rico (US),Latin America & Caribbean ,High income,100.0,0.6771928742095292,22883.38437067456,0.313679993107757,-0.4759618670498772,366.8753325817362,0.875,17.029711724483665,,,2.5,80.4668,56.01127395715896,,49.45199767619618,,,33642.23653423328,109401270856.1764,94.0614410429192,3254184.2,110.409713745117,49.786848702682356,8870.0,,,4.873137243293189,50.12919055040571,Moyen-Élevé,Très urbain,Fossile,Moyenne,2019-2023,Maximale (5 ans),OUI,7.411829134720701,Moyenne,1.138080563145216
Santiago,co,814.4966180142807,625.54,1180.7088305826287,0.0,44281.3,32167,2019,2021,3,1,7171000.0,-33.4372,-70.6506,CHL,CL,Chile,Latin America & Caribbean ,High income,99.5195240411598,3.8463677945382067,8787.580310831,1.9352710764974723,1.1694822800700913,26.037619147904536,35.368,31.307799605641033,4230.68776888486,2044.5011097404397,25.400000000000002,79.51633333333334,24.5152544480559,47.0,29.269354383817102,13173462.666666666,4.309462193200344,14605.788247191367,282550921730.283,88.2962562575455,19341567.333333332,104.92366027832067,56.74197147094623,742831.64,2396.0,0.14080837231898788,1.1869115129807224,33.115722178355306,Moyen-Faible,Très urbain,Mixte-Fossile,Grande,2019-2023,Maximale (5 ans),OUI,17.616100766703177,Élevée,1.449600045560253
Santiago,no2,36.56507371405087,24.28,30.096199043771474,0.0,523.27,35669,2019,2021,3,1,7171000.0,-33.4372,-70.6506,CHL,CL,Chile,Latin America & Caribbean ,High income,99.5195240411598,3.8463677945382067,8787.580310831,1.9352710764974723,1.1694822800700913,26.037619147904536,35.368,31.307799605641033,4230.68776888486,2044.5011097404397,25.400000000000002,79.51633333333334,24.5152544480559,47.0,29.269354383817102,13173462.666666666,4.309462193200344,14605.788247191367,282550921730.283,88.2962562575455,19341567.333333332,104.92366027832067,56.74197147094623,742831.64,2396.0,0.14080837231898788,1.1869115129807224,33.115722178355306,Moyen-Faible,Très urbain,Mixte-Fossile,Grande,2019-2023,Maximale (5 ans),OUI,19.53395399780942,Élevée,0.8228609265170002
Santiago,o3,39.91316480572203,24.66,36.606035496350295,0.0,685.75,16210,2019,2021,3,1,7171000.0,-33.4372,-70.6506,CHL,CL,Chile,Latin America & Caribbean ,High income,99.5195240411598,3.8463677945382067,8787.580310831,1.9352710764974723,1.1694822800700913,26.037619147904536,35.368,31.307799605641033,4230.68776888486,2044.5011097404397,25.400000000000002,79.51633333333334,24.5152544480559,47.0,29.269354383817102,13173462.666666666,4.309462193200344,14605.788247191367,282550921730.283,88.2962562575455,19341567.333333332,104.92366027832067,56.74197147094623,742831.64,2396.0,0.14080837231898788,1.1869115129807224,33.115722178355306,Moyen-Faible,Très urbain,Mixte-Fossile,Grande,2019-2023,Maximale (5 ans),OUI,8.877327491785323,Moyenne,0.9169121655180927
Santiago,pm10,73.80830853359022,62.0,38.14475504805233,0.0,819.0,31665,2019,2023,5,1,7171000.0,-33.4372,-70.6506,CHL,CL,Chile,Latin America & Caribbean ,High income,99.7117140839604,3.6528019951460977,9061.343667491059,1.6962349537327643,0.9877014409290842,26.17997612487266,35.368,26.7235905308553,4287.497884683287,2059.5103010140783,25.400000000000002,79.7784,24.680717342626917,45.0,29.52882725663876,16917195.4,4.766997930880794,15258.003559779358,296879478965.7456,88.46883315426044,19447314.6,105.3340560913088,56.64014953403641,742831.64,2396.0,0.13596337099443837,1.1869115129807224,33.181629251784855,Moyen-Faible,Très urbain,Mixte-Fossile,Grande,2019-2023,Maximale (5 ans),OUI,17.34118291347207,Élevée,0.5167384054959072
Sao Paulo,co,0.7099082326237806,0.6,0.4956841445842142,0.0,23.7,15442,2021,2023,3,0,23086000.0,-23.5504,-46.6339,BRA,BR,Brazil,Latin America & Caribbean ,Upper middle income,91.01743477167626,6.116432585212521,5761.53312062411,3.67365135397435,0.6630293275584876,25.16498638851863,67.625,2.5858843931372903,2809.4045271416303,1448.11509221919,46.5,74.586,59.12662194379774,52.166666666666664,22.362368656828504,80544275.0,15.661483863879932,9210.486518031697,1937901055284.2832,87.3672018130004,210332479.33333334,106.3415412902835,58.0598503731653,8358140.0,,0.1588205856613737,0.0771887148725528,28.47880124204102,Moyen-Faible,Très urbain,Mixte-Renouvelable,Mégapole,2019-2023,Maximale (5 ans),OUI,8.456736035049287,Moyenne,0.6885379582028694
Sao Paulo,o3,43.3035045524171,35.0,35.754321467380294,0.0,782.0,30360,2021,2023,3,0,23086000.0,-23.5504,-46.6339,BRA,BR,Brazil,Latin America & Caribbean ,Upper middle income,91.01743477167626,6.116432585212521,5761.53312062411,3.67365135397435,0.6630293275584876,25.16498638851863,67.625,2.5858843931372903,2809.4045271416303,1448.11509221919,46.5,74.586,59.12662194379774,52.166666666666664,22.362368656828504,80544275.0,15.661483863879932,9210.486518031697,1937901055284.2832,87.3672018130004,210332479.33333334,106.3415412902835,58.0598503731653,8358140.0,,0.1588205856613737,0.0771887148725528,28.47880124204102,Moyen-Faible,Très urbain,Mixte-Renouvelable,Mégapole,2019-2023,Maximale (5 ans),OUI,16.626506024096386,Élevée,0.825477454130066
Sao Paulo,pm10,27.68727098758359,22.0,24.320957277623393,0.0,500.0,31793,2021,2023,3,0,23086000.0,-23.5504,-46.6339,BRA,BR,Brazil,Latin America & Caribbean ,Upper middle income,91.01743477167626,6.116432585212521,5761.53312062411,3.67365135397435,0.6630293275584876,25.16498638851863,67.625,2.5858843931372903,2809.4045271416303,1448.11509221919,46.5,74.586,59.12662194379774,52.166666666666664,22.362368656828504,80544275.0,15.661483863879932,9210.486518031697,1937901055284.2832,87.3672018130004,210332479.33333334,106.3415412902835,58.0598503731653,8358140.0,,0.1588205856613737,0.0771887148725528,28.47880124204102,Moyen-Faible,Très urbain,Mixte-Renouvelable,Mégapole,2019-2023,Maximale (5 ans),OUI,17.411281489594742,Élevée,0.8780994087296987
Sao Paulo,pm25,15.726567436458515,13.0,13.625621039280105,0.0,227.0,32678,2021,2023,3,0,23086000.0,-23.5504,-46.6339,BRA,BR,Brazil,Latin America & Caribbean ,Upper middle income,91.01743477167626,6.116432585212521,5761.53312062411,3.67365135397435,0.6630293275584876,25.16498638851863,67.625,2.5858843931372903,2809.4045271416303,1448.11509221919,46.5,74.586,59.12662194379774,52.166666666666664,22.362368656828504,80544275.0,15.661483863879932,9210.486518031697,1937901055284.2832,87.3672018130004,210332479.33333334,106.3415412902835,58.0598503731653,8358140.0,,0.1588205856613737,0.0771887148725528,28.47880124204102,Moyen-Faible,Très urbain,Mixte-Renouvelable,Mégapole,2019-2023,Maximale (5 ans),OUI,17.89594742606791,Élevée,0.8658572521801823
Shanghai,co,652.261528317002,600.0,276.71410883583496,0.0,3200.0,18469,2019,2021,3,1,24073000.0,31.2286,121.4747,CHN,CN,China,East Asia & Pacific,Upper middle income,92.84179660718246,7.211916753091953,4267.81215990151,5.6595919709948035,1.92889507556913,150.23115872638832,576.21,63.808216784757434,5397.377029785071,2495.9126095685865,14.799999999999999,78.02533333333334,23.431339236482064,37.0,37.58942264232527,505728710.3333333,4.129317278196083,11285.933491896501,15919426662520.834,63.651471717696865,1410401666.6666667,,55.198665048687765,9388210.0,106154.66666666667,0.22247261151223333,4.042049421591652,44.801339395417216,Moyen-Faible,Semi-urbain,Mixte-Fossile,Mégapole,2019-2023,Maximale (5 ans),OUI,10.114457831325302,Élevée,0.42423146929288125
Shanghai,pm25,37.8150220470681,23.0,73.47620897564643,0.0,985.0,58868,2019,2023,5,1,24073000.0,31.2286,121.4747,CHN,CN,China,East Asia & Pacific,Upper middle income,94.3317845793631,7.13463131967565,4510.67793709943,5.105561617187772,1.3824252315817405,150.27550512824058,574.2775,62.89682347009572,5765.597177379421,2603.032273506396,14.799999999999999,78.0462,23.63153125036614,36.75,37.4870595222677,477431226.0,3.8477812538820984,11955.9168713653,16869080332757.182,64.34043921300825,1410818000.0,,55.378310628016536,9388210.0,106154.66666666667,0.21877292758470115,4.042049421591652,44.62169084194335,Moyen-Faible,Semi-urbain,Mixte-Fossile,Mégapole,2019-2023,Maximale (5 ans),OUI,32.238773274917854,Élevée,1.9425291777547486
Shanghai,so2,6.295865591695378,5.0,4.029046406637587,1.0,118.0,18442,2019,2021,3,1,24073000.0,31.2286,121.4747,CHN,CN,China,East Asia & Pacific,Upper middle income,92.84179660718246,7.211916753091953,4267.81215990151,5.6595919709948035,1.92889507556913,150.23115872638832,576.21,63.808216784757434,5397.377029785071,2495.9126095685865,14.799999999999999,78.02533333333334,23.431339236482064,37.0,37.58942264232527,505728710.3333333,4.129317278196083,11285.933491896501,15919426662520.834,63.651471717696865,1410401666.6666667,,55.198665048687765,9388210.0,106154.66666666667,0.22247261151223333,4.042049421591652,44.801339395417216,Moyen-Faible,Semi-urbain,Mixte-Fossile,Mégapole,2019-2023,Maximale (5 ans),OUI,10.099671412924424,Élevée,0.6389362963815327
Skopje,co,1422.8530706976683,927.99478,1620.0940620227334,0.0,24428.44,29736,2019,2023,5,1,422540.0,41.9961,21.4317,MKD,MK,North Macedonia,Europe & Central Asia,Upper middle income,98.6505929435891,7.471922815749709,4489.483675058977,1.80929968519002,0.025203750480129794,73.18816812053925,1.69448,47.074566631817035,3551.9240260794495,1454.68508704556,18.833333333333332,74.7969756097561,39.7101506740682,33.5,23.212874355222702,,16.98717766724326,7455.970747098394,13751045385.68016,61.53542031259504,1845805.6,86.13180694580078,56.30094155781494,25220.0,683.0,0.196864978724388,2.5308437408569655,30.684797170972406,Moyen-Faible,Semi-urbain,Mixte-Fossile,Petite,2019-2023,Maximale (5 ans),OUI,16.284775465498356,Élevée,1.1386155810680767
Skopje,no2,14.70850135578639,6.685,17.799073650244726,0.0,433.761,65395,2019,2023,5,1,422540.0,41.9961,21.4317,MKD,MK,North Macedonia,Europe & Central Asia,Upper middle income,98.6505929435891,7.471922815749709,4489.483675058977,1.80929968519002,0.025203750480129794,73.18816812053925,1.69448,47.074566631817035,3551.9240260794495,1454.68508704556,18.833333333333332,74.7969756097561,39.7101506740682,33.5,23.212874355222702,,16.98717766724326,7455.970747098394,13751045385.68016,61.53542031259504,1845805.6,86.13180694580078,56.30094155781494,25220.0,683.0,0.196864978724388,2.5308437408569655,30.684797170972406,Moyen-Faible,Semi-urbain,Mixte-Fossile,Petite,2019-2023,Maximale (5 ans),OUI,35.81325301204819,Élevée,1.2092993179123666
Skopje,o3,41.12743649236333,30.56,30.645712444748515,0.02,157.8802,17771,2021,2023,3,0,422540.0,41.9961,21.4317,MKD,MK,North Macedonia,Europe & Central Asia,Upper middle income,98.98200812853163,6.886087798893214,4709.545789229607,3.274842965704963,0.07789858139541966,72.649246629659,1.869445,42.11897403954566,3532.6594083855434,1460.4552008275866,19.5,74.3291056910569,39.7101506740682,,23.205830825463664,,16.355564288921567,7967.13298614321,14595950522.004301,61.9630288260395,1832214.0,88.56202697753906,56.651456147163664,25220.0,683.0,0.18403709270942392,1.927054164774156,30.09191862435688,Moyen-Faible,Semi-urbain,Mixte-Fossile,Petite,2019-2023,Maximale (5 ans),OUI,9.732201533406352,Moyenne,0.7449592161737527
Skopje,pm10,45.26214098899413,31.054,46.07373313609878,0.0,1000.0,82650,2019,2023,5,1,422540.0,41.9961,21.4317,MKD,MK,North Macedonia,Europe & Central Asia,Upper middle income,98.6505929435891,7.471922815749709,4489.483675058977,1.80929968519002,0.025203750480129794,73.18816812053925,1.69448,47.074566631817035,3551.9240260794495,1454.68508704556,18.833333333333332,74.7969756097561,39.7101506740682,33.5,23.212874355222702,,16.98717766724326,7455.970747098394,13751045385.68016,61.53542031259504,1845805.6,86.13180694580078,56.30094155781494,25220.0,683.0,0.196864978724388,2.5308437408569655,30.684797170972406,Moyen-Faible,Semi-urbain,Mixte-Fossile,Petite,2019-2023,Maximale (5 ans),OUI,45.26286966046002,Élevée,1.0177060799333417
Skopje,so2,2.2734134621882447,1.86199335,2.3196858863778385,0.0,151.354,46705,2019,2023,5,1,422540.0,41.9961,21.4317,MKD,MK,North Macedonia,Europe & Central Asia,Upper middle income,98.6505929435891,7.471922815749709,4489.483675058977,1.80929968519002,0.025203750480129794,73.18816812053925,1.69448,47.074566631817035,3551.9240260794495,1454.68508704556,18.833333333333332,74.7969756097561,39.7101506740682,33.5,23.212874355222702,,16.98717766724326,7455.970747098394,13751045385.68016,61.53542031259504,1845805.6,86.13180694580078,56.30094155781494,25220.0,683.0,0.196864978724388,2.5308437408569655,30.684797170972406,Moyen-Faible,Semi-urbain,Mixte-Fossile,Petite,2019-2023,Maximale (5 ans),OUI,25.57776560788609,Élevée,1.0158851757643723
Sofia,co,500.1172054117889,405.0,341.4296126224473,0.0,3750.0,25033,2020,2023,4,1,1404116.0,42.6979,23.3217,BGR,BG,Bulgaria,Europe & Central Asia,High income,86.05071306016387,3.499689112539365,6042.480829154538,2.6150785346747,-0.6457751782523061,59.80492354458365,5.208144620666666,35.3518159131215,5440.72973570764,2789.0789057608126,20.75,73.6091463414634,36.03997789240975,39.3,22.650057286327552,462945.75,5.6707447678554574,13394.69032988805,86891718864.51636,73.4707347612972,6492422.5,98.0899353027343,61.567665020744876,108560.0,4030.0,0.21225263430661195,1.5904063559100285,26.149746398866917,Moyen-Faible,Urbain,Mixte-Fossile,Moyenne,2019-2023,Maximale (5 ans),OUI,13.7092004381161,Élevée,0.6826855426537434
Sofia,no2,17.527325283771603,10.3475,18.631977333610564,0.0,169.04,67027,2020,2023,4,1,1404116.0,42.6979,23.3217,BGR,BG,Bulgaria,Europe & Central Asia,High income,86.05071306016387,3.499689112539365,6042.480829154538,2.6150785346747,-0.6457751782523061,59.80492354458365,5.208144620666666,35.3518159131215,5440.72973570764,2789.0789057608126,20.75,73.6091463414634,36.03997789240975,39.3,22.650057286327552,462945.75,5.6707447678554574,13394.69032988805,86891718864.51636,73.4707347612972,6492422.5,98.0899353027343,61.567665020744876,108560.0,4030.0,0.21225263430661195,1.5904063559100285,26.149746398866917,Moyen-Faible,Urbain,Mixte-Fossile,Moyenne,2019-2023,Maximale (5 ans),OUI,36.70700985761227,Élevée,1.0624184151303797
Sofia,o3,58.44982726775335,60.545,32.0495793306552,0.0,281.74,67454,2020,2023,4,1,1404116.0,42.6979,23.3217,BGR,BG,Bulgaria,Europe & Central Asia,High income,86.05071306016387,3.499689112539365,6042.480829154538,2.6150785346747,-0.6457751782523061,59.80492354458365,5.208144620666666,35.3518159131215,5440.72973570764,2789.0789057608126,20.75,73.6091463414634,36.03997789240975,39.3,22.650057286327552,462945.75,5.6707447678554574,13394.69032988805,86891718864.51636,73.4707347612972,6492422.5,98.0899353027343,61.567665020744876,108560.0,4030.0,0.21225263430661195,1.5904063559100285,26.149746398866917,Moyen-Faible,Urbain,Mixte-Fossile,Moyenne,2019-2023,Maximale (5 ans),OUI,36.9408543263965,Élevée,0.5482325355472588
Sofia,pm10,15.99706811288665,12.629999999999999,14.969222812449853,0.0,817.5,39967,2020,2023,4,1,1404116.0,42.6979,23.3217,BGR,BG,Bulgaria,Europe & Central Asia,High income,86.05071306016387,3.499689112539365,6042.480829154538,2.6150785346747,-0.6457751782523061,59.80492354458365,5.208144620666666,35.3518159131215,5440.72973570764,2789.0789057608126,20.75,73.6091463414634,36.03997789240975,39.3,22.650057286327552,462945.75,5.6707447678554574,13394.69032988805,86891718864.51636,73.4707347612972,6492422.5,98.0899353027343,61.567665020744876,108560.0,4030.0,0.21225263430661195,1.5904063559100285,26.149746398866917,Moyen-Faible,Urbain,Mixte-Fossile,Moyenne,2019-2023,Maximale (5 ans),OUI,21.887732749178532,Élevée,0.9351633107876096
Stockholm,no2,17.391647682548083,14.5493,11.522205491875534,0.0,100.588,41160,2020,2023,4,1,995574.0,59.3275,18.0547,SWE,SE,Sweden,Europe & Central Asia,High income,98.77926838556607,1.219176064017645,24433.515326406676,1.085860540530465,0.880683327769,25.6537791652419,2.483,0.4000048866017225,12548.3526806743,4364.060330739223,57.849999999999994,82.94512195121953,68.70008778575497,29.9,22.6855771775914,17239372.357625,5.659802750454695,55750.82213265597,582505288159.8612,88.28791092420508,10448206.5,137.1912841796875,64.92416651411494,407277.5,9712.5,0.0783924994805644,0.0071016278863713506,23.904753241609047,Élevé,Très urbain,Mixte-Renouvelable,Petite,2019-2023,Maximale (5 ans),OUI,22.54107338444688,Élevée,0.6621330176355095
Stockholm,pm10,15.771547564872908,10.6183,18.584615501922624,0.0,404.5,41147,2020,2023,4,1,995574.0,59.3275,18.0547,SWE,SE,Sweden,Europe & Central Asia,High income,98.77926838556607,1.219176064017645,24433.515326406676,1.085860540530465,0.880683327769,25.6537791652419,2.483,0.4000048866017225,12548.3526806743,4364.060330739223,57.849999999999994,82.94512195121953,68.70008778575497,29.9,22.6855771775914,17239372.357625,5.659802750454695,55750.82213265597,582505288159.8612,88.28791092420508,10448206.5,137.1912841796875,64.92416651411494,407277.5,9712.5,0.0783924994805644,0.0071016278863713506,23.904753241609047,Élevé,Très urbain,Mixte-Renouvelable,Petite,2019-2023,Maximale (5 ans),OUI,22.53395399780942,Élevée,1.1776167974355618
Stockholm,pm25,6.005539587524881,4.6573150000000005,4.741454761708734,0.0,59.4203,20601,2020,2023,4,1,995574.0,59.3275,18.0547,SWE,SE,Sweden,Europe & Central Asia,High income,98.77926838556607,1.219176064017645,24433.515326406676,1.085860540530465,0.880683327769,25.6537791652419,2.483,0.4000048866017225,12548.3526806743,4364.060330739223,57.849999999999994,82.94512195121953,68.70008778575497,29.9,22.6855771775914,17239372.357625,5.659802750454695,55750.82213265597,582505288159.8612,88.28791092420508,10448206.5,137.1912841796875,64.92416651411494,407277.5,9712.5,0.0783924994805644,0.0071016278863713506,23.904753241609047,Élevé,Très urbain,Mixte-Renouvelable,Petite,2019-2023,Maximale (5 ans),OUI,11.282037239868565,Élevée,0.7882010736894886
Stuttgart,no2,21.747681205552112,18.565,15.090333175891397,0.0,117.8,14574,2019,2023,5,1,2787724.0,48.7775,9.18,DEU,DE,Germany,Europe & Central Asia,High income,99.22592950439362,0.8478952211334432,22334.3826756485,0.3390861504826345,0.278549128270546,238.07928418967722,25.792569,28.701772526924362,6358.698075872454,3315.4328944559556,17.733333333333334,80.8547804878049,32.68248856984466,32.1,25.65803254317346,63542017.5454,4.654679420997782,50536.720795407906,4203954988698.5654,81.6196427363767,83182999.4,101.0168502807618,63.50467853325256,349392.0,33407.666666666664,0.06597159383648668,1.5071669596071364,26.505927764306904,Élevé,Urbain,Mixte-Fossile,Moyenne,2019-2023,Maximale (5 ans),OUI,7.981380065717415,Moyenne,0.6935634837797262
Stuttgart,o3,38.58931141061067,34.395,28.892965276206628,0.0,158.207,6248,2019,2023,5,1,2787724.0,48.7775,9.18,DEU,DE,Germany,Europe & Central Asia,High income,99.22592950439362,0.8478952211334432,22334.3826756485,0.3390861504826345,0.278549128270546,238.07928418967722,25.792569,28.701772526924362,6358.698075872454,3315.4328944559556,17.733333333333334,80.8547804878049,32.68248856984466,32.1,25.65803254317346,63542017.5454,4.654679420997782,50536.720795407906,4203954988698.5654,81.6196427363767,83182999.4,101.0168502807618,63.50467853325256,349392.0,33407.666666666664,0.06597159383648668,1.5071669596071364,26.505927764306904,Élevé,Urbain,Mixte-Fossile,Moyenne,2019-2023,Maximale (5 ans),OUI,3.4216867469879517,Moyenne,0.748535769688994
Sydney,co,0.06096847281406252,0.0,0.1047770402188484,0.0,2.6,21170,2019,2022,4,1,4840600.0,-33.8667,151.2,AUS,AU,Australia,East Asia & Pacific,High income,99.9999573567811,2.279295505062257,32357.553264686874,2.0801197919150134,1.0660900483955973,3.3374915496839574,10.405000000000001,53.8390222303077,9931.489009686957,5084.80445784707,11.266666666666666,83.15,17.4213145571644,33.8,25.874023479715074,45127307.044,4.35478276753304,58276.65860699028,1496982773320.7324,87.28574485584912,25672051.75,137.58778381347676,65.3478104116702,7692020.0,,0.08806389877950543,4.547586454364356,28.153318984777332,Élevé,Très urbain,Mixte-Fossile,Moyenne,2019-2023,Maximale (5 ans),OUI,11.593647316538883,Élevée,1.4763885435912418
Sydney,no2,0.007302196818514175,0.006,0.007045549688104025,0.0,0.3016,21922,2019,2022,4,1,4840600.0,-33.8667,151.2,AUS,AU,Australia,East Asia & Pacific,High income,99.9999573567811,2.279295505062257,32357.553264686874,2.0801197919150134,1.0660900483955973,3.3374915496839574,10.405000000000001,53.8390222303077,9931.489009686957,5084.80445784707,11.266666666666666,83.15,17.4213145571644,33.8,25.874023479715074,45127307.044,4.35478276753304,58276.65860699028,1496982773320.7324,87.28574485584912,25672051.75,137.58778381347676,65.3478104116702,7692020.0,,0.08806389877950543,4.547586454364356,28.153318984777332,Élevé,Très urbain,Mixte-Fossile,Moyenne,2019-2023,Maximale (5 ans),OUI,12.005476451259584,Élevée,0.40720549893207497
Sydney,o3,0.018358576460920324,0.0185,0.0107492004623651,0.0,0.149,22691,2019,2022,4,1,4840600.0,-33.8667,151.2,AUS,AU,Australia,East Asia & Pacific,High income,99.9999573567811,2.279295505062257,32357.553264686874,2.0801197919150134,1.0660900483955973,3.3374915496839574,10.405000000000001,53.8390222303077,9931.489009686957,5084.80445784707,11.266666666666666,83.15,17.4213145571644,33.8,25.874023479715074,45127307.044,4.35478276753304,58276.65860699028,1496982773320.7324,87.28574485584912,25672051.75,137.58778381347676,65.3478104116702,7692020.0,,0.08806389877950543,4.547586454364356,28.153318984777332,Élevé,Très urbain,Mixte-Fossile,Moyenne,2019-2023,Maximale (5 ans),OUI,12.426615553121577,Élevée,0.37904584093556626
Sydney,pm10,14.16973168676735,12.55,9.758920105985593,0.0,176.5,45105,2019,2022,4,1,4840600.0,-33.8667,151.2,AUS,AU,Australia,East Asia & Pacific,High income,99.9999573567811,2.279295505062257,32357.553264686874,2.0801197919150134,1.0660900483955973,3.3374915496839574,10.405000000000001,53.8390222303077,9931.489009686957,5084.80445784707,11.266666666666666,83.15,17.4213145571644,33.8,25.874023479715074,45127307.044,4.35478276753304,58276.65860699028,1496982773320.7324,87.28574485584912,25672051.75,137.58778381347676,65.3478104116702,7692020.0,,0.08806389877950543,4.547586454364356,28.153318984777332,Élevé,Très urbain,Mixte-Fossile,Moyenne,2019-2023,Maximale (5 ans),OUI,24.701533406352684,Élevée,0.6882302374658262
Sydney,pm25,8.148283177470027,5.699999999999999,6.203547213870327,0.0,110.7,29733,2019,2022,4,1,4840600.0,-33.8667,151.2,AUS,AU,Australia,East Asia & Pacific,High income,99.9999573567811,2.279295505062257,32357.553264686874,2.0801197919150134,1.0660900483955973,3.3374915496839574,10.405000000000001,53.8390222303077,9931.489009686957,5084.80445784707,11.266666666666666,83.15,17.4213145571644,33.8,25.874023479715074,45127307.044,4.35478276753304,58276.65860699028,1496982773320.7324,87.28574485584912,25672051.75,137.58778381347676,65.3478104116702,7692020.0,,0.08806389877950543,4.547586454364356,28.153318984777332,Élevé,Très urbain,Mixte-Fossile,Moyenne,2019-2023,Maximale (5 ans),OUI,16.283132530120483,Élevée,0.7603986131545528
Sydney,so2,0.05980678189451692,0.0,0.0443940790752465,0.0,1.453,28412,2019,2022,4,1,4840600.0,-33.8667,151.2,AUS,AU,Australia,East Asia & Pacific,High income,99.9999573567811,2.279295505062257,32357.553264686874,2.0801197919150134,1.0660900483955973,3.3374915496839574,10.405000000000001,53.8390222303077,9931.489009686957,5084.80445784707,11.266666666666666,83.15,17.4213145571644,33.8,25.874023479715074,45127307.044,4.35478276753304,58276.65860699028,1496982773320.7324,87.28574485584912,25672051.75,137.58778381347676,65.3478104116702,7692020.0,,0.08806389877950543,4.547586454364356,28.153318984777332,Élevé,Très urbain,Mixte-Fossile,Moyenne,2019-2023,Maximale (5 ans),OUI,15.559693318729463,Élevée,0.6359565341706935
Taichung,co,0.373882728136498,0.33,0.2662562693947788,0.0,10.88,51116,2019,2021,3,1,2850285.0,24.1439,120.6794,TWN,TW,,,,,,,,,,,,,,,,,,,,,,,,,,,,,,,,,,,Moyenne,2019-2023,Maximale (5 ans),OUI,27.9934282584885,Élevée,0.6935875200410306
Taichung,no2,0.012382622311010533,0.01,0.008130996788319033,0.0,0.088,50807,2019,2021,3,1,2850285.0,24.1439,120.6794,TWN,TW,,,,,,,,,,,,,,,,,,,,,,,,,,,,,,,,,,,Moyenne,2019-2023,Maximale (5 ans),OUI,27.82420591456736,Élevée,0.3632727513039974
Taichung,o3,0.03273838206486677,0.02905,0.017385146741834803,0.0012,0.135,17143,2019,2021,3,1,2850285.0,24.1439,120.6794,TWN,TW,,,,,,,,,,,,,,,,,,,,,,,,,,,,,,,,,,,Moyenne,2019-2023,Maximale (5 ans),OUI,9.388280394304491,Moyenne,0.40678064778980766
Taichung,pm25,20.70485914633511,15.0,12.418678595206105,1.0,102.0,16603,2019,2021,3,1,2850285.0,24.1439,120.6794,TWN,TW,,,,,,,,,,,,,,,,,,,,,,,,,,,,,,,,,,,Moyenne,2019-2023,Maximale (5 ans),OUI,9.092552026286967,Moyenne,0.5995058188654508
Taichung,so2,0.0018458492095525666,0.0016,0.0014328978295187333,0.0,0.037,16897,2019,2021,3,1,2850285.0,24.1439,120.6794,TWN,TW,,,,,,,,,,,,,,,,,,,,,,,,,,,,,,,,,,,Moyenne,2019-2023,Maximale (5 ans),OUI,9.25355969331873,Moyenne,0.12096201835519192
Tampere,no2,10.727065612818967,8.770258,8.005581809745356,0.0,106.858725,42834,2019,2023,5,1,334112.0,61.4981,23.76,FIN,FI,Finland,Europe & Central Asia,High income,99.44796487802435,2.233703131347464,24276.7008996302,0.27179945403980765,0.7012497826354919,18.248151698289423,3.0,7.909856418024714,14994.60768687724,5862.28077464804,47.63333333333333,81.73463414634145,73.72713525663815,27.560000000000002,24.25142104057278,8150334.6,4.178958394244442,50712.17050078182,281302685000.7692,73.38042032738186,5546436.6,143.76232910156259,60.28321158757458,303945.07999999996,5919.666666666667,0.11575472168112175,0.18538619033486003,26.485124171920244,Élevé,Urbain,Mixte-Renouvelable,Petite,2019-2023,Maximale (5 ans),OUI,23.457831325301203,Élevée,0.745602392537073
Tampere,o3,38.721042588655834,36.975139725000005,20.096084288293078,0.0086245,116.587605,11408,2022,2023,2,0,334112.0,61.4981,23.76,FIN,FI,Finland,Europe & Central Asia,High income,99.44795873033794,2.28963771058769,24592.3306652186,-0.08802577342511603,0.816588743826899,18.32517739448395,3.0,6.361681611197074,14564.77329632825,5775.30138066513,,81.43658536585365,73.7250079549049,27.65,24.32533664704475,9917636.0,3.7312378391632297,51637.42595012215,287637540886.04504,73.85150732193884,5570008.5,143.8570938110355,60.6008490094237,303953.85,,0.111860248598761,,26.61497435763244,Élevé,Urbain,,Petite,2019-2023,Maximale (5 ans),OUI,6.247535596933187,Moyenne,0.5188624665161774
Tampere,pm10,11.034521663825243,6.314519499999999,19.22602108474388,0.0,673.6531613,39330,2019,2023,5,1,334112.0,61.4981,23.76,FIN,FI,Finland,Europe & Central Asia,High income,99.44796487802435,2.233703131347464,24276.7008996302,0.27179945403980765,0.7012497826354919,18.248151698289423,3.0,7.909856418024714,14994.60768687724,5862.28077464804,47.63333333333333,81.73463414634145,73.72713525663815,27.560000000000002,24.25142104057278,8150334.6,4.178958394244442,50712.17050078182,281302685000.7692,73.38042032738186,5546436.6,143.76232910156259,60.28321158757458,303945.07999999996,5919.666666666667,0.11575472168112175,0.18538619033486003,26.485124171920244,Élevé,Urbain,Mixte-Renouvelable,Petite,2019-2023,Maximale (5 ans),OUI,21.538882803943046,Élevée,1.7407744463679196
Tampere,pm25,4.704485598772559,3.4520072,4.400657572827751,0.0,163.86026,70223,2019,2023,5,1,334112.0,61.4981,23.76,FIN,FI,Finland,Europe & Central Asia,High income,99.44796487802435,2.233703131347464,24276.7008996302,0.27179945403980765,0.7012497826354919,18.248151698289423,3.0,7.909856418024714,14994.60768687724,5862.28077464804,47.63333333333333,81.73463414634145,73.72713525663815,27.560000000000002,24.25142104057278,8150334.6,4.178958394244442,50712.17050078182,281302685000.7692,73.38042032738186,5546436.6,143.76232910156259,60.28321158757458,303945.07999999996,5919.666666666667,0.11575472168112175,0.18538619033486003,26.485124171920244,Élevé,Urbain,Mixte-Renouvelable,Petite,2019-2023,Maximale (5 ans),OUI,38.457283680175244,Élevée,0.9334332411522237
Tashkent,o3,0.01720533818872768,0.015,0.01691533858917324,0.0,0.232,23085,2019,2023,5,1,3095498.0,41.3111,69.2797,UZB,UZ,Uzbekistan,Europe & Central Asia,Lower middle income,96.18411305071422,21.533154468796617,2302.2422001302702,5.7341417136831065,2.092896425339622,77.7908760695023,47.087,7.091655140166138,1948.8484518995351,1370.89080362323,1.2,71.954,8.432201420245576,32.86666666666667,31.7853884434282,3141362.8,7.576059962485415,2347.164130792284,80762954207.18857,50.85345331643198,34277206.2,95.65853020144942,40.391852524270476,440632.0,4733.0,0.6240314708587075,3.2313052463839873,53.31854291222483,Faible,Semi-urbain,Fossile,Moyenne,2019-2023,Maximale (5 ans),OUI,12.642387732749178,Élevée,0.621765422353102
Tashkent,pm25,40.53496772663491,30.0,36.379356811910625,0.0,978.0,34245,2019,2023,5,1,3095498.0,41.3111,69.2797,UZB,UZ,Uzbekistan,Europe & Central Asia,Lower middle income,96.18411305071422,21.533154468796617,2302.2422001302702,5.7341417136831065,2.092896425339622,77.7908760695023,47.087,7.091655140166138,1948.8484518995351,1370.89080362323,1.2,71.954,8.432201420245576,32.86666666666667,31.7853884434282,3141362.8,7.576059962485415,2347.164130792284,80762954207.18857,50.85345331643198,34277206.2,95.65853020144942,40.391852524270476,440632.0,4733.0,0.6240314708587075,3.2313052463839873,53.31854291222483,Faible,Semi-urbain,Fossile,Moyenne,2019-2023,Maximale (5 ans),OUI,18.754107338444687,Élevée,0.8972594837709589
Thessaloniki,co,354.3177256907667,300.0,332.3217713111467,100.0,39200.0,29445,2020,2023,4,1,802572.0,40.6403,22.9356,GRC,GR,Greece,Europe & Central Asia,High income,98.99886557617755,3.74567296521077,13495.57407048875,1.7790408721529802,-0.5570468101815975,81.67579325058185,10.085333333333333,10.88258344418743,4841.74903067357,1899.0612149888325,20.8,80.9237804878049,30.2699767261443,33.325,15.158668867103124,12193473.0,10.98097448829665,20692.91701663415,217650791197.2865,78.50500589814727,10528009.75,104.950588226318,68.744872795009,128900.0,2342.0,0.09250702396383866,0.5403272696940578,18.904341832313897,Moyen-Élevé,Urbain,Mixte-Fossile,Petite,2019-2023,Maximale (5 ans),OUI,16.12541073384447,Élevée,0.9378937836808591
Thessaloniki,no2,20.7552893667612,15.0,17.078696098275266,1.0,124.0,39507,2020,2023,4,1,802572.0,40.6403,22.9356,GRC,GR,Greece,Europe & Central Asia,High income,98.99886557617755,3.74567296521077,13495.57407048875,1.7790408721529802,-0.5570468101815975,81.67579325058185,10.085333333333333,10.88258344418743,4841.74903067357,1899.0612149888325,20.8,80.9237804878049,30.2699767261443,33.325,15.158668867103124,12193473.0,10.98097448829665,20692.91701663415,217650791197.2865,78.50500589814727,10528009.75,104.950588226318,68.744872795009,128900.0,2342.0,0.09250702396383866,0.5403272696940578,18.904341832313897,Moyen-Élevé,Urbain,Mixte-Fossile,Petite,2019-2023,Maximale (5 ans),OUI,21.635815991237678,Élevée,0.82246366985923
Thessaloniki,pm10,25.496864155497473,20.5,19.997057027053906,1.0,874.0,45374,2020,2023,4,1,802572.0,40.6403,22.9356,GRC,GR,Greece,Europe & Central Asia,High income,98.99886557617755,3.74567296521077,13495.57407048875,1.7790408721529802,-0.5570468101815975,81.67579325058185,10.085333333333333,10.88258344418743,4841.74903067357,1899.0612149888325,20.8,80.9237804878049,30.2699767261443,33.325,15.158668867103124,12193473.0,10.98097448829665,20692.91701663415,217650791197.2865,78.50500589814727,10528009.75,104.950588226318,68.744872795009,128900.0,2342.0,0.09250702396383866,0.5403272696940578,18.904341832313897,Moyen-Élevé,Urbain,Mixte-Fossile,Petite,2019-2023,Maximale (5 ans),OUI,24.848849945235486,Élevée,0.7839872790769521
Thessaloniki,pm25,10.295974278862474,9.0,10.330834350218366,0.0,767.0,22403,2020,2023,4,1,802572.0,40.6403,22.9356,GRC,GR,Greece,Europe & Central Asia,High income,98.99886557617755,3.74567296521077,13495.57407048875,1.7790408721529802,-0.5570468101815975,81.67579325058185,10.085333333333333,10.88258344418743,4841.74903067357,1899.0612149888325,20.8,80.9237804878049,30.2699767261443,33.325,15.158668867103124,12193473.0,10.98097448829665,20692.91701663415,217650791197.2865,78.50500589814727,10528009.75,104.950588226318,68.744872795009,128900.0,2342.0,0.09250702396383866,0.5403272696940578,18.904341832313897,Moyen-Élevé,Urbain,Mixte-Fossile,Petite,2019-2023,Maximale (5 ans),OUI,12.268893756845564,Élevée,1.002412200019447
Thessaloniki,so2,3.9513664190731723,3.0,3.176100209149384,2.0,247.0,21688,2020,2023,4,1,802572.0,40.6403,22.9356,GRC,GR,Greece,Europe & Central Asia,High income,98.99886557617755,3.74567296521077,13495.57407048875,1.7790408721529802,-0.5570468101815975,81.67579325058185,10.085333333333333,10.88258344418743,4841.74903067357,1899.0612149888325,20.8,80.9237804878049,30.2699767261443,33.325,15.158668867103124,12193473.0,10.98097448829665,20692.91701663415,217650791197.2865,78.50500589814727,10528009.75,104.950588226318,68.744872795009,128900.0,2342.0,0.09250702396383866,0.5403272696940578,18.904341832313897,Moyen-Élevé,Urbain,Mixte-Fossile,Petite,2019-2023,Maximale (5 ans),OUI,11.877327491785323,Élevée,0.8017688527516941
Tilburg,no2,18.058685136448606,15.18,14.379947636145047,0.24,343.22,71223,2019,2023,5,1,1944588.0,51.5572,5.0911,NLD,NL,Netherlands,Europe & Central Asia,High income,97.67828294345902,1.708853022293574,20875.13947496646,1.8236214592308433,1.313621135055157,522.1117730917732,8.222475,12.411352072792328,6530.177578475314,3830.1671087494624,10.5,81.66195121951222,11.00195841995842,26.96666666666667,17.80374881656628,31494437.0022,4.017821558117418,57960.74764323186,1019590531165.3757,94.61605899337988,17579503.4,132.6665466308594,69.72817361477823,33670.0,3065.6666666666665,0.0666242336213261,1.165768568272117,19.512601838859855,Élevé,Très urbain,Fossile,Moyenne,2019-2023,Maximale (5 ans),OUI,39.00492880613363,Élevée,0.7958491460531045
Tilburg,o3,48.368898869406635,49.135000000000005,27.53245914004294,0.0,261.24,30484,2019,2023,5,1,1944588.0,51.5572,5.0911,NLD,NL,Netherlands,Europe & Central Asia,High income,97.67828294345902,1.708853022293574,20875.13947496646,1.8236214592308433,1.313621135055157,522.1117730917732,8.222475,12.411352072792328,6530.177578475314,3830.1671087494624,10.5,81.66195121951222,11.00195841995842,26.96666666666667,17.80374881656628,31494437.0022,4.017821558117418,57960.74764323186,1019590531165.3757,94.61605899337988,17579503.4,132.6665466308594,69.72817361477823,33670.0,3065.6666666666665,0.0666242336213261,1.165768568272117,19.512601838859855,Élevé,Très urbain,Fossile,Moyenne,2019-2023,Maximale (5 ans),OUI,16.694414019715225,Élevée,0.5691005744955812
Tilburg,pm10,20.55203186173584,17.23,14.919047696227967,0.59,356.43,51556,2019,2023,5,1,1944588.0,51.5572,5.0911,NLD,NL,Netherlands,Europe & Central Asia,High income,97.67828294345902,1.708853022293574,20875.13947496646,1.8236214592308433,1.313621135055157,522.1117730917732,8.222475,12.411352072792328,6530.177578475314,3830.1671087494624,10.5,81.66195121951222,11.00195841995842,26.96666666666667,17.80374881656628,31494437.0022,4.017821558117418,57960.74764323186,1019590531165.3757,94.61605899337988,17579503.4,132.6665466308594,69.72817361477823,33670.0,3065.6666666666665,0.0666242336213261,1.165768568272117,19.512601838859855,Élevé,Très urbain,Fossile,Moyenne,2019-2023,Maximale (5 ans),OUI,28.234392113910186,Élevée,0.72556291112412
Tilburg,pm25,10.490477683021608,8.41433,9.047543685217418,0.00054,280.454,82577,2019,2023,5,1,1944588.0,51.5572,5.0911,NLD,NL,Netherlands,Europe & Central Asia,High income,97.67828294345902,1.708853022293574,20875.13947496646,1.8236214592308433,1.313621135055157,522.1117730917732,8.222475,12.411352072792328,6530.177578475314,3830.1671087494624,10.5,81.66195121951222,11.00195841995842,26.96666666666667,17.80374881656628,31494437.0022,4.017821558117418,57960.74764323186,1019590531165.3757,94.61605899337988,17579503.4,132.6665466308594,69.72817361477823,33670.0,3065.6666666666665,0.0666242336213261,1.165768568272117,19.512601838859855,Élevé,Très urbain,Fossile,Moyenne,2019-2023,Maximale (5 ans),OUI,45.22289156626506,Élevée,0.8616316284207277
Toronto,no2,0.0055,0.005,0.0019148542155126,0.004,0.008,4,2023,2023,1,0,5647656.0,43.7417,-79.3733,CAN,CA,Canada,North America,High income,98.5881318805776,,26096.9384945739,1.52874550838358,3.116921043741,4.56079784268436,,3.72005143743622,14459.8957515769,7336.06703531427,,81.6465853658537,39.4617117321106,,,88618000.0,3.99982938442533,54220.3285039875,2173339670064.33,82.5250564408346,40083484.0,104.287643432617,,8788700.0,,0.1352985483337017,,,Élevé,Urbain,,Grande,2019-2023,Maximale (5 ans),OUI,0.002190580503833516,Faible,0.1235389816459742
Toronto,o3,0.02197635495928074,0.024,0.00868894361107404,0.0,0.082,18852,2019,2023,5,1,5647656.0,43.7417,-79.3733,CAN,CA,Canada,North America,High income,98.63907844091447,1.7116188431942734,25797.35765226852,1.7077016657306143,1.7994183274616211,4.355909435267726,36.1905,5.258871015659851,14867.698783772299,7611.922423950576,23.366666666666664,81.62151219512195,39.1585818670222,30.900000000000002,23.95359090473363,60283400.0,4.443074913089722,50650.89990221688,1957107882458.918,82.14808603200193,38581283.0,108.1424987792968,67.87308370744013,8859456.0,48148.86903333333,0.151944381566928,0.2554217441213607,25.665209747927907,Élevé,Urbain,Mixte-Fossile,Grande,2019-2023,Maximale (5 ans),OUI,10.32420591456736,Élevée,0.27173027138767675
Toronto,pm25,8.433003859341238,7.0,5.56290403994082,0.0,165.0,19094,2019,2023,5,1,5647656.0,43.7417,-79.3733,CAN,CA,Canada,North America,High income,98.63907844091447,1.7116188431942734,25797.35765226852,1.7077016657306143,1.7994183274616211,4.355909435267726,36.1905,5.258871015659851,14867.698783772299,7611.922423950576,23.366666666666664,81.62151219512195,39.1585818670222,30.900000000000002,23.95359090473363,60283400.0,4.443074913089722,50650.89990221688,1957107882458.918,82.14808603200193,38581283.0,108.1424987792968,67.87308370744013,8859456.0,48148.86903333333,0.151944381566928,0.2554217441213607,25.665209747927907,Élevé,Urbain,Mixte-Fossile,Grande,2019-2023,Maximale (5 ans),OUI,10.456736035049287,Élevée,0.6588773536785832
Valletta,no2,11.87621887142157,8.08446,13.419007285527522,0.0,413.10064,60078,2019,2023,5,1,480134.0,35.8983,14.5125,MLT,MT,Malta,"Middle East, North Africa, Afghanistan & Pakistan",High income,99.99715898478226,0.6064179623097325,14206.27802485984,5.428819158593114,2.8501045383945267,1638.3825000000002,0.0395800495,0.0,4981.4678743791865,1398.9017544972498,8.4,82.59414634146344,1.4375,32.15,11.62225311267982,1576262.5507999999,7.361049136439917,35777.37666928698,18804234011.44828,95.37187781405592,524282.4,103.24929351806641,79.55962035848556,320.0,,0.03944880958380146,0.0,12.228671074989553,Moyen-Élevé,Très urbain,Fossile,Petite,2019-2023,Maximale (5 ans),OUI,32.90142387732749,Élevée,1.1289550891403564
Valletta,o3,72.57517738847385,75.7907,24.816415718927125,0.0,1547.17241,34533,2019,2023,5,1,480134.0,35.8983,14.5125,MLT,MT,Malta,"Middle East, North Africa, Afghanistan & Pakistan",High income,99.99715898478226,0.6064179623097325,14206.27802485984,5.428819158593114,2.8501045383945267,1638.3825000000002,0.0395800495,0.0,4981.4678743791865,1398.9017544972498,8.4,82.59414634146344,1.4375,32.15,11.62225311267982,1576262.5507999999,7.361049136439917,35777.37666928698,18804234011.44828,95.37187781405592,524282.4,103.24929351806641,79.55962035848556,320.0,,0.03944880958380146,0.0,12.228671074989553,Moyen-Élevé,Très urbain,Fossile,Petite,2019-2023,Maximale (5 ans),OUI,18.9118291347207,Élevée,0.34189371179890293
Valletta,pm10,31.267886884112166,26.17,25.544659705557066,0.0,614.77,56566,2019,2023,5,1,480134.0,35.8983,14.5125,MLT,MT,Malta,"Middle East, North Africa, Afghanistan & Pakistan",High income,99.99715898478226,0.6064179623097325,14206.27802485984,5.428819158593114,2.8501045383945267,1638.3825000000002,0.0395800495,0.0,4981.4678743791865,1398.9017544972498,8.4,82.59414634146344,1.4375,32.15,11.62225311267982,1576262.5507999999,7.361049136439917,35777.37666928698,18804234011.44828,95.37187781405592,524282.4,103.24929351806641,79.55962035848556,320.0,,0.03944880958380146,0.0,12.228671074989553,Moyen-Élevé,Très urbain,Fossile,Petite,2019-2023,Maximale (5 ans),OUI,30.978094194961663,Élevée,0.8167003033230056
Valletta,pm25,13.357459388729282,11.05,15.135241806814554,0.0,2615.8,61798,2019,2023,5,1,480134.0,35.8983,14.5125,MLT,MT,Malta,"Middle East, North Africa, Afghanistan & Pakistan",High income,99.99715898478226,0.6064179623097325,14206.27802485984,5.428819158593114,2.8501045383945267,1638.3825000000002,0.0395800495,0.0,4981.4678743791865,1398.9017544972498,8.4,82.59414634146344,1.4375,32.15,11.62225311267982,1576262.5507999999,7.361049136439917,35777.37666928698,18804234011.44828,95.37187781405592,524282.4,103.24929351806641,79.55962035848556,320.0,,0.03944880958380146,0.0,12.228671074989553,Moyen-Élevé,Très urbain,Fossile,Petite,2019-2023,Maximale (5 ans),OUI,33.8433734939759,Élevée,1.1322452058149337
Valletta,so2,0.7949032401444054,0.591055,2.1647199064227385,0.0,344.5932,57771,2019,2023,5,1,480134.0,35.8983,14.5125,MLT,MT,Malta,"Middle East, North Africa, Afghanistan & Pakistan",High income,99.99715898478226,0.6064179623097325,14206.27802485984,5.428819158593114,2.8501045383945267,1638.3825000000002,0.0395800495,0.0,4981.4678743791865,1398.9017544972498,8.4,82.59414634146344,1.4375,32.15,11.62225311267982,1576262.5507999999,7.361049136439917,35777.37666928698,18804234011.44828,95.37187781405592,524282.4,103.24929351806641,79.55962035848556,320.0,,0.03944880958380146,0.0,12.228671074989553,Moyen-Élevé,Très urbain,Fossile,Petite,2019-2023,Maximale (5 ans),OUI,31.63800657174151,Élevée,2.6894163154746056
Varna,co,112.501216,77.31,183.44337901406183,0.0,3473.31,10000,2023,2023,1,0,350745.0,43.2114,27.9111,BGR,BG,Bulgaria,Europe & Central Asia,High income,86.0662621462475,2.52244655399312,6376.01642771185,1.68151074972904,0.0562513687039865,59.3827929255711,,29.1466898521923,5360.50343468088,2604.19104505407,,75.7073170731707,36.2196020633751,39.5,22.7029866666098,723825.0,5.87504657806484,15853.208636704,102199231384.542,73.7322671584613,6446596.0,95.6239624023438,62.4320967681537,108560.0,,0.1642586586772373,,25.22543322060292,Moyen-Élevé,Urbain,,Petite,2019-2023,Maximale (5 ans),OUI,5.47645125958379,Moyenne,1.6304452616889487
Varna,no2,910.4201619214218,908.6875,822.8340430859968,0.0,6603.07,45095,2020,2023,4,1,350745.0,43.2114,27.9111,BGR,BG,Bulgaria,Europe & Central Asia,High income,86.05071306016387,3.499689112539365,6042.480829154538,2.6150785346747,-0.6457751782523061,59.80492354458365,5.208144620666666,35.3518159131215,5440.72973570764,2789.0789057608126,20.75,73.6091463414634,36.03997789240975,39.3,22.650057286327552,462945.75,5.6707447678554574,13394.69032988805,86891718864.51636,73.4707347612972,6492422.5,98.0899353027343,61.567665020744876,108560.0,4030.0,0.21225263430661195,1.5904063559100285,26.149746398866917,Moyen-Faible,Urbain,Mixte-Fossile,Petite,2019-2023,Maximale (5 ans),OUI,24.6960569550931,Élevée,0.9037860096258703
Varna,o3,47.57892938515818,48.4525,26.790537064627696,0.0,185.17,25099,2020,2023,4,1,350745.0,43.2114,27.9111,BGR,BG,Bulgaria,Europe & Central Asia,High income,86.05071306016387,3.499689112539365,6042.480829154538,2.6150785346747,-0.6457751782523061,59.80492354458365,5.208144620666666,35.3518159131215,5440.72973570764,2789.0789057608126,20.75,73.6091463414634,36.03997789240975,39.3,22.650057286327552,462945.75,5.6707447678554574,13394.69032988805,86891718864.51636,73.4707347612972,6492422.5,98.0899353027343,61.567665020744876,108560.0,4030.0,0.21225263430661195,1.5904063559100285,26.149746398866917,Moyen-Faible,Urbain,Mixte-Fossile,Petite,2019-2023,Maximale (5 ans),OUI,13.745345016429354,Élevée,0.5629573392542637
Varna,pm10,23.160022633014044,20.185000000000002,19.400443894657315,0.36,298.84,32091,2020,2023,4,1,350745.0,43.2114,27.9111,BGR,BG,Bulgaria,Europe & Central Asia,High income,86.05071306016387,3.499689112539365,6042.480829154538,2.6150785346747,-0.6457751782523061,59.80492354458365,5.208144620666666,35.3518159131215,5440.72973570764,2789.0789057608126,20.75,73.6091463414634,36.03997789240975,39.3,22.650057286327552,462945.75,5.6707447678554574,13394.69032988805,86891718864.51636,73.4707347612972,6492422.5,98.0899353027343,61.567665020744876,108560.0,4030.0,0.21225263430661195,1.5904063559100285,26.149746398866917,Moyen-Faible,Urbain,Mixte-Fossile,Petite,2019-2023,Maximale (5 ans),OUI,17.57447973713034,Élevée,0.8373079388802319
Varna,pm25,15.108273500047499,8.625,18.19856941122543,0.61,631.27,30000,2022,2023,2,0,350745.0,43.2114,27.9111,BGR,BG,Bulgaria,Europe & Central Asia,High income,86.0610823890227,3.116905344915505,6333.329718208095,2.88268742062067,-0.20652727693183975,59.468003868828305,5.443433862,36.14307898023585,5448.500979493815,2786.423839659795,,74.93414634146339,36.15972733972,38.85,24.003353950797802,683795.0,5.422721015720075,14926.2017948998,96352692339.10765,73.60609177949185,6455846.5,96.14801788330081,61.16294988787395,108560.0,,0.1881513041829445,,27.120259295713304,Moyen-Faible,Urbain,,Petite,2019-2023,Maximale (5 ans),OUI,16.42935377875137,Élevée,1.2037465396540323
Varna,so2,1.1938272499000002,0.0,7.7467744728925485,0.0,301.38,20000,2022,2023,2,0,350745.0,43.2114,27.9111,BGR,BG,Bulgaria,Europe & Central Asia,High income,86.0610823890227,3.116905344915505,6333.329718208095,2.88268742062067,-0.20652727693183975,59.468003868828305,5.443433862,36.14307898023585,5448.500979493815,2786.423839659795,,74.93414634146339,36.15972733972,38.85,24.003353950797802,683795.0,5.422721015720075,14926.2017948998,96352692339.10765,73.60609177949185,6455846.5,96.14801788330081,61.16294988787395,108560.0,,0.1881513041829445,,27.120259295713304,Moyen-Faible,Urbain,,Petite,2019-2023,Maximale (5 ans),OUI,10.95290251916758,Élevée,6.435121379364073
Vientiane,pm25,41.15211443093559,18.0,86.54823846876445,0.0,985.0,28842,2019,2023,5,1,948487.0,17.98,102.63,LAO,LA,Lao PDR,East Asia & Pacific,Lower middle income,82.8436350209925,15.89274749904738,,2.988445170875674,3.400784215068272,32.288876083188924,7.35,28.8121341864195,1024.2752546849197,756.7300892396827,50.45,68.3472,71.75476603119583,,32.54405762197328,565511.51,4.58831818339183,2362.50067356495,17572291245.7482,37.347963369093705,7452272.6,59.720003286057455,41.13782777731664,230800.0,,0.3149008184265437,0.5597459603503874,48.43680512102066,Faible,Rural,Mixte-Renouvelable,Petite,2019-2023,Maximale (5 ans),OUI,15.795180722891565,Élevée,2.1026188684738387
Vilnius,co,141.42969297444523,197.914,78.73416782366577,0.0,1466.892,13695,2019,2023,5,1,581475.0,54.6872,25.28,LTU,LT,Lithuania,Europe & Central Asia,High income,95.32711152579247,3.339123582486104,10798.29653411726,2.7959944374387966,0.7893842031207801,45.145805448743786,0.34603875,0.0,4435.641403969514,2609.396357840246,32.800000000000004,75.59609756097562,35.17912062852318,36.12,24.955963963475078,29129.0,17.89728916184672,23355.9383083787,66079037536.79724,67.9449015020413,2826612.4,106.1442169189452,61.43884706481428,62610.8,1913.6666666666667,0.11414149454933811,0.0,28.295087545961184,Moyen-Élevé,Semi-urbain,Mixte-Renouvelable,Petite,2019-2023,Maximale (5 ans),OUI,7.5,Moyenne,0.5566624627634843
Vilnius,no2,12.519321345915982,8.41500018,11.59859388801023,0.0,107.29124708,23415,2019,2023,5,1,581475.0,54.6872,25.28,LTU,LT,Lithuania,Europe & Central Asia,High income,95.32711152579247,3.339123582486104,10798.29653411726,2.7959944374387966,0.7893842031207801,45.145805448743786,0.34603875,0.0,4435.641403969514,2609.396357840246,32.800000000000004,75.59609756097562,35.17912062852318,36.12,24.955963963475078,29129.0,17.89728916184672,23355.9383083787,66079037536.79724,67.9449015020413,2826612.4,106.1442169189452,61.43884706481428,62610.8,1913.6666666666667,0.11414149454933811,0.0,28.295087545961184,Moyen-Élevé,Semi-urbain,Mixte-Renouvelable,Petite,2019-2023,Maximale (5 ans),OUI,12.823110624315444,Élevée,0.9257160517948462
Vilnius,o3,42.644098003705274,44.30454199,25.12226146769533,0.0,183.80396695,13818,2019,2023,5,1,581475.0,54.6872,25.28,LTU,LT,Lithuania,Europe & Central Asia,High income,95.32711152579247,3.339123582486104,10798.29653411726,2.7959944374387966,0.7893842031207801,45.145805448743786,0.34603875,0.0,4435.641403969514,2609.396357840246,32.800000000000004,75.59609756097562,35.17912062852318,36.12,24.955963963475078,29129.0,17.89728916184672,23355.9383083787,66079037536.79724,67.9449015020413,2826612.4,106.1442169189452,61.43884706481428,62610.8,1913.6666666666667,0.11414149454933811,0.0,28.295087545961184,Moyen-Élevé,Semi-urbain,Mixte-Renouvelable,Petite,2019-2023,Maximale (5 ans),OUI,7.567360350492881,Moyenne,0.5889765026917932
Vilnius,pm10,21.112034316346243,17.85000038,17.749868731588812,0.0,646.73999,10125,2019,2023,5,1,581475.0,54.6872,25.28,LTU,LT,Lithuania,Europe & Central Asia,High income,95.32711152579247,3.339123582486104,10798.29653411726,2.7959944374387966,0.7893842031207801,45.145805448743786,0.34603875,0.0,4435.641403969514,2609.396357840246,32.800000000000004,75.59609756097562,35.17912062852318,36.12,24.955963963475078,29129.0,17.89728916184672,23355.9383083787,66079037536.79724,67.9449015020413,2826612.4,106.1442169189452,61.43884706481428,62610.8,1913.6666666666667,0.11414149454933811,0.0,28.295087545961184,Moyen-Élevé,Semi-urbain,Mixte-Renouvelable,Petite,2019-2023,Maximale (5 ans),OUI,5.544906900328587,Moyenne,0.8403484468279777
Vilnius,so2,6.2884321062372415,5.58789,3.185031814885637,0.0,107.50036532,10067,2019,2023,5,1,581475.0,54.6872,25.28,LTU,LT,Lithuania,Europe & Central Asia,High income,95.32711152579247,3.339123582486104,10798.29653411726,2.7959944374387966,0.7893842031207801,45.145805448743786,0.34603875,0.0,4435.641403969514,2609.396357840246,32.800000000000004,75.59609756097562,35.17912062852318,36.12,24.955963963475078,29129.0,17.89728916184672,23355.9383083787,66079037536.79724,67.9449015020413,2826612.4,106.1442169189452,61.43884706481428,62610.8,1913.6666666666667,0.11414149454933811,0.0,28.295087545961184,Moyen-Élevé,Semi-urbain,Mixte-Renouvelable,Petite,2019-2023,Maximale (5 ans),OUI,5.5131434830230015,Moyenne,0.5056864567503313
Yopougon,pm25,21.686304071101066,18.0,13.795490430845765,0.0,360.0,19813,2020,2023,4,1,1571065.0,5.3748,-4.0867,CIV,CI,Cote d'Ivoire,Sub-Saharan Africa ,Lower middle income,38.1909901808959,16.41063987338255,1375.4799775230051,5.190735443747849,3.487511262300135,94.4306926100629,1.162,0.0,307.2741405919783,438.5023687749437,60.0,60.984,8.387995047169813,35.3,22.437604562291774,556574.0,15.109140615682135,2390.26195314133,71881406710.56863,52.60272185237717,30028960.25,57.651541495214246,53.727480769795974,318000.0,639.0,0.18828405868435924,0.0,38.848244435674324,Faible,Semi-urbain,Renouvelable,Moyenne,2019-2023,Maximale (5 ans),OUI,10.850492880613363,Élevée,0.6358451829231603
Zagreb,co,324.708837289973,300.0,341.51418366355267,0.0,3600.0,28493,2019,2023,5,1,767131.0,45.8131,15.9772,HRV,HR,Croatia,Europe & Central Asia,High income,95.78022621170699,3.084479715945102,9175.585413855413,3.695796140500062,-0.252083692790529,69.54117841046494,0.6685000000000001,10.000986643735466,4398.78692686267,2176.545881719986,32.699999999999996,77.64439024390245,34.69589557445002,29.48,20.09567297938122,1311843.2,11.79939793636712,17761.94310760316,69049916505.2463,56.7681995583289,3891580.8,105.44013977050781,59.47950109141614,55960.8,2617.0,0.1247337894966658,0.31283812790018417,23.180152695326324,Moyen-Élevé,Semi-urbain,Mixte-Renouvelable,Petite,2019-2023,Maximale (5 ans),OUI,15.604052573932092,Élevée,1.0517227350089995
Zagreb,no2,21.106185378088508,15.4,18.42452409119608,0.0,348.1,63779,2019,2023,5,1,767131.0,45.8131,15.9772,HRV,HR,Croatia,Europe & Central Asia,High income,95.78022621170699,3.084479715945102,9175.585413855413,3.695796140500062,-0.252083692790529,69.54117841046494,0.6685000000000001,10.000986643735466,4398.78692686267,2176.545881719986,32.699999999999996,77.64439024390245,34.69589557445002,29.48,20.09567297938122,1311843.2,11.79939793636712,17761.94310760316,69049916505.2463,56.7681995583289,3891580.8,105.44013977050781,59.47950109141614,55960.8,2617.0,0.1247337894966658,0.31283812790018417,23.180152695326324,Moyen-Élevé,Semi-urbain,Mixte-Renouvelable,Petite,2019-2023,Maximale (5 ans),OUI,34.92825848849945,Élevée,0.872530893307772
Zagreb,o3,45.73701743509018,36.0,34.1151069054716,0.0,212.8,67222,2019,2023,5,1,767131.0,45.8131,15.9772,HRV,HR,Croatia,Europe & Central Asia,High income,95.78022621170699,3.084479715945102,9175.585413855413,3.695796140500062,-0.252083692790529,69.54117841046494,0.6685000000000001,10.000986643735466,4398.78692686267,2176.545881719986,32.699999999999996,77.64439024390245,34.69589557445002,29.48,20.09567297938122,1311843.2,11.79939793636712,17761.94310760316,69049916505.2463,56.7681995583289,3891580.8,105.44013977050781,59.47950109141614,55960.8,2617.0,0.1247337894966658,0.31283812790018417,23.180152695326324,Moyen-Élevé,Semi-urbain,Mixte-Renouvelable,Petite,2019-2023,Maximale (5 ans),OUI,36.81380065717415,Élevée,0.7457340132365363
Zagreb,pm10,31.14231535135505,22.65,26.931507347948912,0.0,511.5,22841,2019,2022,4,1,767131.0,45.8131,15.9772,HRV,HR,Croatia,Europe & Central Asia,High income,95.78022621170699,3.1846112681457877,8932.131874410943,3.67933382386643,-0.448720845884491,69.6834154719804,0.6685000000000001,10.612800490120561,4377.472778418654,2161.37392749033,32.699999999999996,77.43719512195122,34.673434514524274,29.325,19.83099515217745,1222301.0,12.1667264695439,16656.3719018829,64906357140.5332,56.64946043110618,3899554.5,105.54388427734375,59.3927800422739,55961.0,2617.0,0.13070638817402352,0.31283812790018417,23.015606420323238,Moyen-Élevé,Semi-urbain,Mixte-Renouvelable,Petite,2019-2023,Maximale (5 ans),OUI,12.508762322015334,Élevée,0.8645106164405033
Zagreb,so2,7.0114958695033796,5.1,5.147942538843096,0.0,487.2,30081,2019,2023,5,1,767131.0,45.8131,15.9772,HRV,HR,Croatia,Europe & Central Asia,High income,95.78022621170699,3.084479715945102,9175.585413855413,3.695796140500062,-0.252083692790529,69.54117841046494,0.6685000000000001,10.000986643735466,4398.78692686267,2176.545881719986,32.699999999999996,77.64439024390245,34.69589557445002,29.48,20.09567297938122,1311843.2,11.79939793636712,17761.94310760316,69049916505.2463,56.7681995583289,3891580.8,105.44013977050781,59.47950109141614,55960.8,2617.0,0.1247337894966658,0.31283812790018417,23.180152695326324,Moyen-Élevé,Semi-urbain,Mixte-Renouvelable,Petite,2019-2023,Maximale (5 ans),OUI,16.473713033954,Élevée,0.7331689193469828
Zurich,no2,29.608209821586264,26.4336,16.044376575126527,0.3651,126.0119,57403,2019,2023,5,1,448664.0,47.3744,8.5411,CHE,CH,Switzerland,Europe & Central Asia,High income,99.89987342729509,0.6444165689356837,44276.51845286956,1.6574508959410488,2.294686503437572,220.624202251451,1.704,0.0,7246.021247849046,2654.129387661066,26.3,83.66341463414633,32.20860332025382,33.825,24.87977616370108,20167454.5124,6.45576872588592,91740.50986830666,800322319664.5336,83.48553404821801,8716780.6,103.64917297363282,71.77589188219027,39509.63,3813.7492423333333,0.02913404295578706,0.0,25.524192732636767,Élevé,Urbain,Mixte-Fossile,Petite,2019-2023,Maximale (5 ans),OUI,31.43647316538883,Élevée,0.5417064931261681
Zurich,o3,40.02765930497385,34.7076,28.81536572114324,0.0033,195.4745,57305,2019,2023,5,1,448664.0,47.3744,8.5411,CHE,CH,Switzerland,Europe & Central Asia,High income,99.89987342729509,0.6444165689356837,44276.51845286956,1.6574508959410488,2.294686503437572,220.624202251451,1.704,0.0,7246.021247849046,2654.129387661066,26.3,83.66341463414633,32.20860332025382,33.825,24.87977616370108,20167454.5124,6.45576872588592,91740.50986830666,800322319664.5336,83.48553404821801,8716780.6,103.64917297363282,71.77589188219027,39509.63,3813.7492423333333,0.02913404295578706,0.0,25.524192732636767,Élevé,Urbain,Mixte-Fossile,Petite,2019-2023,Maximale (5 ans),OUI,31.382803943044905,Élevée,0.7197065518154186
Zurich,pm10,14.752913633024804,13.0029,8.705941544927015,1.9512,295.9129,57792,2019,2023,5,1,448664.0,47.3744,8.5411,CHE,CH,Switzerland,Europe & Central Asia,High income,99.89987342729509,0.6444165689356837,44276.51845286956,1.6574508959410488,2.294686503437572,220.624202251451,1.704,0.0,7246.021247849046,2654.129387661066,26.3,83.66341463414633,32.20860332025382,33.825,24.87977616370108,20167454.5124,6.45576872588592,91740.50986830666,800322319664.5336,83.48553404821801,8716780.6,103.64917297363282,71.77589188219027,39509.63,3813.7492423333333,0.02913404295578706,0.0,25.524192732636767,Élevé,Urbain,Mixte-Fossile,Petite,2019-2023,Maximale (5 ans),OUI,31.649507119386637,Élevée,0.589717027501382
